{
	"credit": "Made by Philipp Opheys / pro_pixel_ from BuildmodeOne",
	"textures": {
		"0": "block/white_wool",
		"1": "block/redstone_lamp_on",
		"2": "block/anvil",
		"particle": "block/white_wool"
	},
	"elements": [
		{
			"name": "lamp",
			"from": [7, 8, 7],
			"to": [9, 10, 9],
			"rotation": {"angle": 0, "axis": "y", "origin": [15, 16, 8]},
			"faces": {
				"north": {"uv": [0, 0, 16, 16], "texture": "#1"},
				"east": {"uv": [0, 0, 16, 16], "texture": "#1"},
				"south": {"uv": [0, 0, 16, 16], "texture": "#1"},
				"west": {"uv": [0, 0, 16, 16], "texture": "#1"},
				"up": {"uv": [0, 0, 16, 16], "texture": "#1"},
				"down": {"uv": [0, 0, 16, 16], "texture": "#1"}
			}
		},
		{
			"from": [7.5, 0.75, 7.5],
			"to": [8.5, 8, 8.5],
			"rotation": {"angle": 0, "axis": "y", "origin": [15, 8.5, 8]},
			"faces": {
				"north": {"uv": [0, 0, 1, 7.25], "texture": "#2"},
				"east": {"uv": [0, 0, 1, 7.25], "texture": "#2"},
				"south": {"uv": [0, 0, 1, 7.25], "texture": "#2"},
				"west": {"uv": [0, 0, 1, 7.25], "texture": "#2"},
				"up": {"uv": [0, 0, 1, 1], "texture": "#2"},
				"down": {"uv": [0, 0, 1, 1], "texture": "#2"}
			}
		},
		{
			"from": [5.75, 0, 5.75],
			"to": [10.25, 0.75, 10.25],
			"rotation": {"angle": 0, "axis": "y", "origin": [15, 8, 8]},
			"faces": {
				"north": {"uv": [5.75, 15.25, 10.25, 16], "texture": "#2"},
				"east": {"uv": [5.75, 15.25, 10.25, 16], "texture": "#2"},
				"south": {"uv": [5.75, 15.25, 10.25, 16], "texture": "#2"},
				"west": {"uv": [5.75, 15.25, 10.25, 16], "texture": "#2"},
				"up": {"uv": [5.75, 5.75, 10.25, 10.25], "texture": "#2"},
				"down": {"uv": [5.75, 5.75, 10.25, 10.25], "texture": "#2"}
			}
		},
		{
			"from": [5.5, 6.5, 5.5],
			"to": [6, 11.5, 10],
			"rotation": {"angle": 0, "axis": "y", "origin": [15, 14.5, 8]},
			"faces": {
				"north": {"uv": [10, 4.5, 10.5, 9.5], "texture": "#0"},
				"east": {"uv": [6, 4.5, 10.5, 9.5], "texture": "#0"},
				"south": {"uv": [5.5, 4.5, 6, 9.5], "texture": "#0"},
				"west": {"uv": [5.5, 4.5, 10, 9.5], "texture": "#0"},
				"up": {"uv": [5.5, 5.5, 6, 10], "texture": "#0"},
				"down": {"uv": [5.5, 6, 6, 10.5], "texture": "#0"}
			}
		},
		{
			"from": [5.5, 6.5, 10],
			"to": [10, 11.5, 10.5],
			"rotation": {"angle": 0, "axis": "y", "origin": [15, 14.5, 8]},
			"faces": {
				"north": {"uv": [6, 4.5, 10.5, 9.5], "texture": "#0"},
				"east": {"uv": [5.5, 4.5, 6, 9.5], "texture": "#0"},
				"south": {"uv": [5.5, 4.5, 10, 9.5], "texture": "#0"},
				"west": {"uv": [10, 4.5, 10.5, 9.5], "texture": "#0"},
				"up": {"uv": [5.5, 10, 10, 10.5], "texture": "#0"},
				"down": {"uv": [5.5, 5.5, 10, 6], "texture": "#0"}
			}
		},
		{
			"from": [10, 6.5, 6],
			"to": [10.5, 11.5, 10.5],
			"rotation": {"angle": 0, "axis": "y", "origin": [15, 14.5, 8]},
			"faces": {
				"north": {"uv": [5.5, 4.5, 6, 9.5], "texture": "#0"},
				"east": {"uv": [5.5, 4.5, 10, 9.5], "texture": "#0"},
				"south": {"uv": [10, 4.5, 10.5, 9.5], "texture": "#0"},
				"west": {"uv": [6, 4.5, 10.5, 9.5], "texture": "#0"},
				"up": {"uv": [10, 6, 10.5, 10.5], "texture": "#0"},
				"down": {"uv": [10, 5.5, 10.5, 10], "texture": "#0"}
			}
		},
		{
			"from": [6, 6.5, 5.5],
			"to": [10.5, 11.5, 6],
			"rotation": {"angle": 0, "axis": "y", "origin": [15, 14.5, 8]},
			"faces": {
				"north": {"uv": [5.5, 4.5, 10, 9.5], "texture": "#0"},
				"east": {"uv": [10, 4.5, 10.5, 9.5], "texture": "#0"},
				"south": {"uv": [6, 4.5, 10.5, 9.5], "texture": "#0"},
				"west": {"uv": [5.5, 4.5, 6, 9.5], "texture": "#0"},
				"up": {"uv": [6, 5.5, 10.5, 6], "texture": "#0"},
				"down": {"uv": [6, 10, 10.5, 10.5], "texture": "#0"}
			}
		},
		{
			"from": [6, 7, 7.75],
			"to": [7.5, 7.5, 8.25],
			"rotation": {"angle": 0, "axis": "y", "origin": [15, 8, 8]},
			"faces": {
				"north": {"uv": [0, 0, 1.5, 0.5], "texture": "#2"},
				"east": {"uv": [0, 0, 0.5, 0.5], "texture": "#2"},
				"south": {"uv": [0, 0, 1.5, 0.5], "texture": "#2"},
				"west": {"uv": [0, 0, 0.5, 0.5], "texture": "#2"},
				"up": {"uv": [0, 0, 1.5, 0.5], "texture": "#2"},
				"down": {"uv": [0, 0, 1.5, 0.5], "texture": "#2"}
			}
		},
		{
			"from": [7.75, 7, 8.5],
			"to": [8.25, 7.5, 10],
			"rotation": {"angle": 0, "axis": "y", "origin": [8, 7.25, 8]},
			"faces": {
				"north": {"uv": [0, 0, 0.5, 0.5], "texture": "#2"},
				"east": {"uv": [0, 0, 1.5, 0.5], "texture": "#2"},
				"south": {"uv": [0, 0, 0.5, 0.5], "texture": "#2"},
				"west": {"uv": [0, 0, 1.5, 0.5], "texture": "#2"},
				"up": {"uv": [0, 0, 1.5, 0.5], "rotation": 270, "texture": "#2"},
				"down": {"uv": [0, 0, 1.5, 0.5], "rotation": 90, "texture": "#2"}
			}
		},
		{
			"from": [8.5, 7, 7.75],
			"to": [10, 7.5, 8.25],
			"rotation": {"angle": 0, "axis": "y", "origin": [17.5, 8, 8]},
			"faces": {
				"north": {"uv": [0, 0, 1.5, 0.5], "texture": "#2"},
				"east": {"uv": [0, 0, 0.5, 0.5], "texture": "#2"},
				"south": {"uv": [0, 0, 1.5, 0.5], "texture": "#2"},
				"west": {"uv": [0, 0, 0.5, 0.5], "texture": "#2"},
				"up": {"uv": [0, 0, 1.5, 0.5], "texture": "#2"},
				"down": {"uv": [0, 0, 1.5, 0.5], "texture": "#2"}
			}
		},
		{
			"from": [7.75, 7, 6],
			"to": [8.25, 7.5, 7.5],
			"rotation": {"angle": 0, "axis": "y", "origin": [8, 7.25, 8]},
			"faces": {
				"north": {"uv": [0, 0, 0.5, 0.5], "texture": "#2"},
				"east": {"uv": [0, 0, 1.5, 0.5], "texture": "#2"},
				"south": {"uv": [0, 0, 0.5, 0.5], "texture": "#2"},
				"west": {"uv": [0, 0, 1.5, 0.5], "texture": "#2"},
				"up": {"uv": [0, 0, 1.5, 0.5], "rotation": 270, "texture": "#2"},
				"down": {"uv": [0, 0, 1.5, 0.5], "rotation": 90, "texture": "#2"}
			}
		}
	],
	"display": {
		"head": {
			"translation": [0, -14.5, 0],
			"scale": [2.3, 2.3, 2.3]
		}
	},
	"groups": [0,
		{
			"name": "base",
			"origin": [15, 8, 8],
			"children": [1, 2]
		},
		{
			"name": "wool",
			"origin": [15, 14.5, 8],
			"children": [3, 4, 5, 6]
		},
		{
			"name": "frame",
			"origin": [17.5, 8.5, 8],
			"children": [7, 8, 9, 10]
		}
	]
}