{
	"credit": "Made by Philipp Opheys / pro_pixel_ from BuildmodeOne",
	"textures": {
		"0": "block/dark_oak_planks",
		"1": "block/glowstone",
		"2": "block/anvil",
		"3": "block/stone",
		"8": "block/rose_bush_top",
		"particle": "block/rose_bush_top",
		"1_0": "block/coarse_dirt",
		"1_1": "block/bone_block_side",
		"1_2": "block/gray_concrete",
		"1_3": "buildmodeone:3d_editor/models/plants/fern_colored"
	},
	"elements": [
		{
			"from": [6.09125, 0.6625, 14.68625],
			"to": [10.06625, 7.61875, 15.34875],
			"rotation": {"angle": 0, "axis": "y", "origin": [17.35375, 11.2625, 24.62375]},
			"faces": {
				"north": {"uv": [6.06442, 8.8125, 9.81442, 15.375], "texture": "#3"},
				"east": {"uv": [1.07788, 8.8125, 1.70288, 15.375], "texture": "#3"},
				"south": {"uv": [6.18558, 8.8125, 9.93558, 15.375], "texture": "#3"},
				"west": {"uv": [14.29712, 8.8125, 14.92212, 15.375], "texture": "#3"}
			}
		},
		{
			"from": [6.09125, 7.61875, 0.77375],
			"to": [10.06625, 8.28125, 15.34875],
			"rotation": {"angle": 0, "axis": "y", "origin": [17.35375, 17.55625, 23.96125]},
			"faces": {
				"north": {"uv": [6.06442, 8.1875, 9.81442, 8.8125], "texture": "#3"},
				"east": {"uv": [1.07788, 8.1875, 14.82788, 8.8125], "texture": "#3"},
				"south": {"uv": [6.18558, 8.1875, 9.93558, 8.8125], "texture": "#3"},
				"west": {"uv": [1.17212, 8.1875, 14.92212, 8.8125], "texture": "#3"},
				"up": {"uv": [6.18558, 1.17212, 9.93558, 14.92212], "texture": "#3"},
				"down": {"uv": [6.18558, 1.07788, 9.93558, 14.82788], "texture": "#3"}
			}
		},
		{
			"from": [6.09125, 0.6625, 0.77375],
			"to": [10.06625, 7.61875, 1.43625],
			"rotation": {"angle": 0, "axis": "y", "origin": [17.35375, 11.2625, 11.37375]},
			"faces": {
				"north": {"uv": [6.06442, 8.8125, 9.81442, 15.375], "texture": "#3"},
				"east": {"uv": [14.20288, 8.8125, 14.82788, 15.375], "texture": "#3"},
				"south": {"uv": [6.18558, 8.8125, 9.93558, 15.375], "texture": "#3"},
				"west": {"uv": [1.17212, 8.8125, 1.79712, 15.375], "texture": "#3"}
			}
		},
		{
			"from": [5.76, 0, 0.4425],
			"to": [10.3975, 0.33125, 15.68],
			"rotation": {"angle": 0, "axis": "y", "origin": [8.07875, 10.6, 8.06125]},
			"faces": {
				"north": {"uv": [5.75192, 15.6875, 10.12692, 16], "texture": "#2"},
				"east": {"uv": [0.76538, 15.6875, 15.14038, 16], "texture": "#2"},
				"south": {"uv": [5.87308, 15.6875, 10.24808, 16], "texture": "#2"},
				"west": {"uv": [0.85962, 15.6875, 15.23462, 16], "texture": "#2"},
				"down": {"uv": [5.87308, 0.76538, 10.24808, 15.14038], "texture": "#2"}
			}
		},
		{
			"from": [5.42875, 0.33125, 0.11125],
			"to": [10.72875, 0.6625, 16.01125],
			"rotation": {"angle": 0, "axis": "y", "origin": [8.07875, 10.93125, 8.06125]},
			"faces": {
				"north": {"uv": [5.43942, 15.375, 10.43942, 15.6875], "texture": "#0"},
				"east": {"uv": [0.45288, 15.375, 15.45288, 15.6875], "texture": "#0"},
				"south": {"uv": [5.56058, 15.375, 10.56058, 15.6875], "texture": "#0"},
				"west": {"uv": [0.54712, 15.375, 15.54712, 15.6875], "texture": "#0"},
				"up": {"uv": [5.56058, 0.54712, 10.56058, 15.54712], "texture": "#0"},
				"down": {"uv": [5.56058, 0.45288, 10.56058, 15.45288], "texture": "#0"}
			}
		},
		{
			"from": [6.75375, 6.29375, 2.09875],
			"to": [9.40375, 6.625, 14.02375],
			"rotation": {"angle": -22.5, "axis": "z", "origin": [8.07875, 6.45938, 8.06125]},
			"faces": {
				"up": {"uv": [6.81058, 2.42212, 9.31058, 13.67212], "texture": "#1"},
				"down": {"uv": [6.81058, 2.32788, 9.31058, 13.57788], "texture": "#1"}
			}
		},
		{
			"from": [6.62125, 6.16125, 14.02375],
			"to": [9.53625, 6.7575, 14.15625],
			"rotation": {"angle": -22.5, "axis": "z", "origin": [8.07875, 6.45938, 8.06125]},
			"faces": {
				"north": {"uv": [6.56442, 9.625, 9.31442, 10.1875], "texture": "#2"},
				"east": {"uv": [2.20288, 9.625, 2.32788, 10.1875], "texture": "#2"},
				"south": {"uv": [6.68558, 9.625, 9.43558, 10.1875], "texture": "#2"},
				"west": {"uv": [13.67212, 9.625, 13.79712, 10.1875], "texture": "#2"},
				"up": {"uv": [6.68558, 13.67212, 9.43558, 13.79712], "texture": "#2"},
				"down": {"uv": [6.68558, 2.20288, 9.43558, 2.32788], "texture": "#2"}
			}
		},
		{
			"from": [6.62125, 6.16125, 2.09875],
			"to": [6.75375, 6.7575, 14.02375],
			"rotation": {"angle": -22.5, "axis": "z", "origin": [8.07875, 6.45938, 8.06125]},
			"faces": {
				"east": {"uv": [2.32788, 9.625, 13.57788, 10.1875], "texture": "#2"},
				"west": {"uv": [2.42212, 9.625, 13.67212, 10.1875], "texture": "#2"},
				"up": {"uv": [6.68558, 2.42212, 6.81058, 13.67212], "texture": "#2"},
				"down": {"uv": [6.68558, 2.32788, 6.81058, 13.57788], "texture": "#2"}
			}
		},
		{
			"from": [9.40375, 6.16125, 2.09875],
			"to": [9.53625, 6.7575, 14.02375],
			"rotation": {"angle": -22.5, "axis": "z", "origin": [8.07875, 6.45938, 8.06125]},
			"faces": {
				"east": {"uv": [2.32788, 9.625, 13.57788, 10.1875], "texture": "#2"},
				"west": {"uv": [2.42212, 9.625, 13.67212, 10.1875], "texture": "#2"},
				"up": {"uv": [9.31058, 2.42212, 9.43558, 13.67212], "texture": "#2"},
				"down": {"uv": [9.31058, 2.32788, 9.43558, 13.57788], "texture": "#2"}
			}
		},
		{
			"from": [6.62125, 6.16125, 1.96625],
			"to": [9.53625, 6.7575, 2.09875],
			"rotation": {"angle": -22.5, "axis": "z", "origin": [8.07875, 6.45938, 8.06125]},
			"faces": {
				"north": {"uv": [6.56442, 9.625, 9.31442, 10.1875], "texture": "#2"},
				"east": {"uv": [13.57788, 9.625, 13.70288, 10.1875], "texture": "#2"},
				"south": {"uv": [6.68558, 9.625, 9.43558, 10.1875], "texture": "#2"},
				"west": {"uv": [2.29712, 9.625, 2.42212, 10.1875], "texture": "#2"},
				"up": {"uv": [6.68558, 2.29712, 9.43558, 2.42212], "texture": "#2"},
				"down": {"uv": [6.68558, 13.57788, 9.43558, 13.70288], "texture": "#2"}
			}
		},
		{
			"from": [7.94625, 6.29375, 14.15625],
			"to": [8.21125, 6.625, 14.68625],
			"rotation": {"angle": 0, "axis": "y", "origin": [17.48625, 16.5625, 36.15125]},
			"faces": {
				"north": {"uv": [7.81442, 9.75, 8.06442, 10.0625], "texture": "#2"},
				"east": {"uv": [1.70288, 9.75, 2.20288, 10.0625], "texture": "#2"},
				"west": {"uv": [13.79712, 9.75, 14.29712, 10.0625], "texture": "#2"},
				"up": {"uv": [7.93558, 13.79712, 8.18558, 14.29712], "texture": "#2"},
				"down": {"uv": [7.93558, 1.70288, 8.18558, 2.20288], "texture": "#2"}
			}
		},
		{
			"from": [7.94625, 6.29375, 1.43625],
			"to": [8.21125, 6.625, 1.96625],
			"rotation": {"angle": 0, "axis": "y", "origin": [17.48625, 16.5625, 20.98]},
			"faces": {
				"east": {"uv": [13.70288, 9.75, 14.20288, 10.0625], "texture": "#2"},
				"south": {"uv": [7.93558, 9.75, 8.18558, 10.0625], "texture": "#2"},
				"west": {"uv": [1.79712, 9.75, 2.29712, 10.0625], "texture": "#2"},
				"up": {"uv": [7.93558, 1.79712, 8.18558, 2.29712], "texture": "#2"},
				"down": {"uv": [7.93558, 13.70288, 8.18558, 14.20288], "texture": "#2"}
			}
		},
		{
			"name": "bottom",
			"from": [5.9822, 0.68503, 2.9172],
			"to": [8.5853, 2.91135, 5.5203],
			"rotation": {"angle": 22.5, "axis": "y", "origin": [7.28375, 3.3395, 4.21875]},
			"faces": {
				"north": {"uv": [7.407, 14.0025, 9.193, 15.53], "texture": "#1_1"},
				"east": {"uv": [10.107, 14.0025, 11.893, 15.53], "texture": "#1_1"},
				"south": {"uv": [6.807, 14.0025, 8.593, 15.53], "texture": "#1_1"},
				"west": {"uv": [4.107, 14.0025, 5.893, 15.53], "texture": "#1_1"},
				"up": {"uv": [6.807, 4.107, 8.593, 5.893], "texture": "#1_0"},
				"down": {"uv": [6.807, 10.107, 8.593, 11.893], "texture": "#1_1"}
			}
		},
		{
			"from": [5.9137, 2.91135, 5.24629],
			"to": [8.31129, 3.25387, 5.5888],
			"rotation": {"angle": 22.5, "axis": "y", "origin": [7.28375, 3.3395, 4.21875]},
			"faces": {
				"north": {"uv": [6.5, 12.25, 10, 12.75], "texture": "#1_2"},
				"east": {"uv": [6, 12.25, 6.5, 12.75], "texture": "#1_2"},
				"south": {"uv": [6, 12.25, 9.5, 12.75], "texture": "#1_2"},
				"west": {"uv": [9.5, 12.25, 10, 12.75], "texture": "#1_2"},
				"up": {"uv": [6, 9.5, 9.5, 10], "texture": "#1_2"},
				"down": {"uv": [6, 6, 9.5, 6.5], "texture": "#1_2"}
			}
		},
		{
			"from": [6.25621, 2.91135, 2.8487],
			"to": [8.6538, 3.25387, 3.19121],
			"rotation": {"angle": 22.5, "axis": "y", "origin": [7.28375, 3.3395, 4.21875]},
			"faces": {
				"north": {"uv": [6, 12.25, 9.5, 12.75], "texture": "#1_2"},
				"east": {"uv": [9.5, 12.25, 10, 12.75], "texture": "#1_2"},
				"south": {"uv": [6.5, 12.25, 10, 12.75], "texture": "#1_2"},
				"west": {"uv": [6, 12.25, 6.5, 12.75], "texture": "#1_2"},
				"up": {"uv": [6.5, 6, 10, 6.5], "texture": "#1_2"},
				"down": {"uv": [6.5, 9.5, 10, 10], "texture": "#1_2"}
			}
		},
		{
			"from": [8.31129, 2.91135, 3.19121],
			"to": [8.6538, 3.25387, 5.5888],
			"rotation": {"angle": 22.5, "axis": "y", "origin": [7.28375, 3.3395, 4.21875]},
			"faces": {
				"north": {"uv": [6, 12.25, 6.5, 12.75], "texture": "#1_2"},
				"east": {"uv": [6, 12.25, 9.5, 12.75], "texture": "#1_2"},
				"south": {"uv": [9.5, 12.25, 10, 12.75], "texture": "#1_2"},
				"west": {"uv": [6.5, 12.25, 10, 12.75], "texture": "#1_2"},
				"up": {"uv": [9.5, 6.5, 10, 10], "rotation": 90, "texture": "#1_2"},
				"down": {"uv": [9.5, 6, 10, 9.5], "rotation": 270, "texture": "#1_2"}
			}
		},
		{
			"from": [5.9137, 2.91135, 2.8487],
			"to": [6.25621, 3.25387, 5.24629],
			"rotation": {"angle": 22.5, "axis": "y", "origin": [7.28375, 3.3395, 4.21875]},
			"faces": {
				"north": {"uv": [9.5, 12.25, 10, 12.75], "texture": "#1_2"},
				"east": {"uv": [6.5, 12.25, 10, 12.75], "texture": "#1_2"},
				"south": {"uv": [6, 12.25, 6.5, 12.75], "texture": "#1_2"},
				"west": {"uv": [6, 12.25, 9.5, 12.75], "texture": "#1_2"},
				"up": {"uv": [6, 6, 6.5, 9.5], "rotation": 90, "texture": "#1_2"},
				"down": {"uv": [6, 6.5, 6.5, 10], "rotation": 270, "texture": "#1_2"}
			}
		},
		{
			"from": [7.28375, 2.91135, 2.50619],
			"to": [7.28375, 6.33648, 5.93131],
			"rotation": {"angle": -22.5, "axis": "y", "origin": [7.28375, 3.3395, 4.21875]},
			"faces": {
				"east": {"uv": [0, 0, 15, 16], "texture": "#1_3"},
				"west": {"uv": [0, 0, 15, 16], "texture": "#1_3"}
			}
		},
		{
			"from": [5.57119, 2.91135, 4.21875],
			"to": [8.99631, 6.33648, 4.21875],
			"rotation": {"angle": -22.5, "axis": "y", "origin": [7.28375, 3.3395, 4.21875]},
			"faces": {
				"north": {"uv": [0, 0, 15, 16], "texture": "#1_3"},
				"south": {"uv": [0, 0, 15, 16], "texture": "#1_3"}
			}
		},
		{
			"name": "bottom",
			"from": [6.49803, 0.62275, 9.79303],
			"to": [8.86448, 2.64668, 12.15948],
			"rotation": {"angle": 0, "axis": "y", "origin": [7.68125, 3.0359, 10.97625]},
			"faces": {
				"north": {"uv": [4.107, 14.0025, 5.893, 15.53], "texture": "#1_1"},
				"east": {"uv": [7.407, 14.0025, 9.193, 15.53], "texture": "#1_1"},
				"south": {"uv": [10.107, 14.0025, 11.893, 15.53], "texture": "#1_1"},
				"west": {"uv": [6.807, 14.0025, 8.593, 15.53], "texture": "#1_1"},
				"up": {"uv": [6.807, 4.107, 8.593, 5.893], "rotation": 90, "texture": "#1_0"},
				"down": {"uv": [6.807, 10.107, 8.593, 11.893], "rotation": 270, "texture": "#1_1"}
			}
		},
		{
			"from": [6.43575, 2.64668, 9.73075],
			"to": [6.74713, 2.95807, 11.91038],
			"rotation": {"angle": 0, "axis": "y", "origin": [7.68125, 3.0359, 10.97625]},
			"faces": {
				"north": {"uv": [9.5, 12.25, 10, 12.75], "texture": "#1_2"},
				"east": {"uv": [6.5, 12.25, 10, 12.75], "texture": "#1_2"},
				"south": {"uv": [6, 12.25, 6.5, 12.75], "texture": "#1_2"},
				"west": {"uv": [6, 12.25, 9.5, 12.75], "texture": "#1_2"},
				"up": {"uv": [6, 9.5, 9.5, 10], "rotation": 90, "texture": "#1_2"},
				"down": {"uv": [6, 6, 9.5, 6.5], "rotation": 270, "texture": "#1_2"}
			}
		},
		{
			"from": [8.61538, 2.64668, 10.04213],
			"to": [8.92675, 2.95807, 12.22175],
			"rotation": {"angle": 0, "axis": "y", "origin": [7.68125, 3.0359, 10.97625]},
			"faces": {
				"north": {"uv": [6, 12.25, 6.5, 12.75], "texture": "#1_2"},
				"east": {"uv": [6, 12.25, 9.5, 12.75], "texture": "#1_2"},
				"south": {"uv": [9.5, 12.25, 10, 12.75], "texture": "#1_2"},
				"west": {"uv": [6.5, 12.25, 10, 12.75], "texture": "#1_2"},
				"up": {"uv": [6.5, 6, 10, 6.5], "rotation": 90, "texture": "#1_2"},
				"down": {"uv": [6.5, 9.5, 10, 10], "rotation": 270, "texture": "#1_2"}
			}
		},
		{
			"from": [6.43575, 2.64668, 11.91038],
			"to": [8.61538, 2.95807, 12.22175],
			"rotation": {"angle": 0, "axis": "y", "origin": [7.68125, 3.0359, 10.97625]},
			"faces": {
				"north": {"uv": [6.5, 12.25, 10, 12.75], "texture": "#1_2"},
				"east": {"uv": [6, 12.25, 6.5, 12.75], "texture": "#1_2"},
				"south": {"uv": [6, 12.25, 9.5, 12.75], "texture": "#1_2"},
				"west": {"uv": [9.5, 12.25, 10, 12.75], "texture": "#1_2"},
				"up": {"uv": [9.5, 6.5, 10, 10], "rotation": 180, "texture": "#1_2"},
				"down": {"uv": [9.5, 6, 10, 9.5], "rotation": 180, "texture": "#1_2"}
			}
		},
		{
			"from": [6.74713, 2.64668, 9.73075],
			"to": [8.92675, 2.95807, 10.04213],
			"rotation": {"angle": 0, "axis": "y", "origin": [7.68125, 3.0359, 10.97625]},
			"faces": {
				"north": {"uv": [6, 12.25, 9.5, 12.75], "texture": "#1_2"},
				"east": {"uv": [9.5, 12.25, 10, 12.75], "texture": "#1_2"},
				"south": {"uv": [6.5, 12.25, 10, 12.75], "texture": "#1_2"},
				"west": {"uv": [6, 12.25, 6.5, 12.75], "texture": "#1_2"},
				"up": {"uv": [6, 6, 6.5, 9.5], "rotation": 180, "texture": "#1_2"},
				"down": {"uv": [6, 6.5, 6.5, 10], "rotation": 180, "texture": "#1_2"}
			}
		},
		{
			"from": [6.12438, 2.64668, 10.97625],
			"to": [9.23813, 5.76044, 10.97625],
			"rotation": {"angle": -45, "axis": "y", "origin": [7.68125, 3.0359, 10.97625]},
			"faces": {
				"north": {"uv": [0, 0, 16, 16], "texture": "#8"},
				"south": {"uv": [0, 0, 16, 16], "texture": "#8"}
			}
		},
		{
			"from": [7.68125, 2.64668, 9.41938],
			"to": [7.68125, 5.76044, 12.53313],
			"rotation": {"angle": -45, "axis": "y", "origin": [7.68125, 3.0359, 10.97625]},
			"faces": {
				"east": {"uv": [0, 0, 16, 16], "texture": "#8"},
				"west": {"uv": [0, 0, 16, 16], "texture": "#8"}
			}
		}
	],
	"display": {
		"head": {
			"translation": [0, -14.5, 0],
			"scale": [2.3, 2.3, 2.3]
		}
	},
	"groups": [
		{
			"name": "stone",
			"origin": [15, 8.5, 10.5],
			"children": [0, 1, 2]
		},
		{
			"name": "base",
			"origin": [8, 8.25, 8],
			"children": [3, 4]
		},
		{
			"name": "lamp",
			"origin": [15, 12.5, 20],
			"children": [
				{
					"name": "rotate",
					"origin": [15, 12.5, 20],
					"children": [5,
						{
							"name": "frame",
							"origin": [15.1, 12.5, 29.1],
							"children": [6, 7, 8, 9]
						}
					]
				},
				{
					"name": "hinge",
					"origin": [15.1, 12.5, 17.75],
					"children": [10, 11]
				}
			]
		},
		{
			"name": "pot2",
			"origin": [8, 8, 8],
			"children": [
				{
					"name": "pot",
					"origin": [0, 11.25, 15],
					"children": [12,
						{
							"name": "top",
							"origin": [3.5, 12, 15.5],
							"children": [13, 14, 15, 16]
						}
					]
				},
				{
					"name": "group",
					"origin": [8, 8, 8],
					"children": [17, 18]
				}
			]
		},
		{
			"name": "pot3",
			"origin": [8, 8, 8],
			"children": [
				{
					"name": "pot",
					"origin": [0, 11.25, 15],
					"children": [19,
						{
							"name": "top",
							"origin": [3.5, 12, 15.5],
							"children": [20, 21, 22, 23]
						}
					]
				},
				{
					"name": "group",
					"origin": [8, 8, 8],
					"children": [24, 25]
				}
			]
		}
	]
}