{
	"credit": "Made by Philipp Opheys / pro_pixel_ from BuildmodeOne",
	"textures": {
		"0": "buildmodeone:3d_editor/item/book",
		"particle": "buildmodeone:3d_editor/item/book"
	},
	"elements": [
		{
			"name": "Element",
			"from": [7, 0, 4],
			"to": [9, 11, 4.5],
			"faces": {
				"north": {"uv": [0, 11.5, 11, 13.5], "rotation": 90, "texture": "#0"},
				"south": {"uv": [0, 11.5, 11, 13.5], "rotation": 90, "texture": "#0"},
				"up": {"uv": [0, 0, 0.5, 2], "rotation": 90, "texture": "#0"},
				"down": {"uv": [0, 10.5, 0.5, 12.5], "rotation": 90, "texture": "#0"}
			}
		},
		{
			"name": "Element",
			"from": [6.5, 0, 4],
			"to": [7, 11, 12],
			"faces": {
				"north": {"uv": [0, 0, 0.5, 11], "texture": "#0"},
				"east": {"uv": [8, 0, 16, 11], "texture": "#0"},
				"south": {"uv": [7.5, 0, 8, 11], "texture": "#0"},
				"west": {"uv": [0, 0, 8, 11], "texture": "#0"},
				"up": {"uv": [0, 0, 8, 0.5], "rotation": 90, "texture": "#0"},
				"down": {"uv": [0, 10.5, 8, 11], "rotation": 90, "texture": "#0"}
			}
		},
		{
			"name": "Element",
			"from": [9, 0, 4],
			"to": [9.5, 11, 12],
			"faces": {
				"north": {"uv": [0, 0, 0.5, 11], "texture": "#0"},
				"east": {"uv": [8, 0, 16, 11], "texture": "#0"},
				"south": {"uv": [7.5, 0, 8, 11], "texture": "#0"},
				"west": {"uv": [0, 0, 8, 11], "texture": "#0"},
				"up": {"uv": [0, 0, 8, 0.5], "rotation": 90, "texture": "#0"},
				"down": {"uv": [0, 10.5, 8, 11], "rotation": 90, "texture": "#0"}
			}
		},
		{
			"name": "Element",
			"from": [7, 0.25, 4.5],
			"to": [9, 10.75, 11.75],
			"faces": {
				"south": {"uv": [0, 14, 10.5, 16], "rotation": 90, "texture": "#0"},
				"up": {"uv": [0, 14, 7, 16], "rotation": 90, "texture": "#0"},
				"down": {"uv": [0, 14, 7, 16], "rotation": 90, "texture": "#0"}
			}
		}
	],
	"display": {
		"thirdperson_righthand": {
			"translation": [0, 0, -2.5],
			"scale": [0.85, 0.85, 0.85]
		},
		"thirdperson_lefthand": {
			"translation": [0, 0, -2.5],
			"scale": [0.85, 0.85, 0.85]
		},
		"firstperson_righthand": {
			"rotation": [-3, 3, 0],
			"translation": [0, 4, 1.13],
			"scale": [0.68, 0.68, 0.68]
		},
		"firstperson_lefthand": {
			"rotation": [-3, 177, 0],
			"translation": [0, 4, 1.13],
			"scale": [0.68, 0.68, 0.68]
		},
		"ground": {
			"translation": [0, 4, 0],
			"scale": [0.5, 0.5, 0.5]
		},
		"gui": {
			"rotation": [30, 45, 0],
			"translation": [0, 2, 0]
		},
		"fixed": {
			"rotation": [0, -90, 0],
			"translation": [0, 3, 0],
			"scale": [1.2, 1.2, 1.2]
		}
	}
}