{
	"credit": "Made by Philipp Opheys / pro_pixel_ from BuildmodeOne",
	"textures": {
		"particle": "minecraft:block/cyan_shulker_box",
		"texture": "minecraft:block/cyan_shulker_box"
	},
	"elements": [ 	 
		{
			"__comment": "Box1",
			"from": [ 0, 0, 0 ],
			"to": [ 16, 8, 16 ],
			"faces": {
				"down": { "uv": [ 0, 0, 16, 16 ], "texture": "#texture" },
				"up": { "uv": [ 0, 0, 16, 16 ], "texture": "#texture" },
				"north": { "uv": [ 0, 0, 16, 8 ], "texture": "#texture" },
				"south": { "uv": [ 0, 0, 16, 8 ], "texture": "#texture" },
				"west": { "uv": [ 0, 0, 16, 8 ], "texture": "#texture" },
				"east": { "uv": [ 0, 0, 16, 8 ], "texture": "#texture" }
			}
		}
	],
	"display": {
		"head": {
			"translation":  [ 0, -14.65, 0 ],
			"scale":  [ 2.28, 2.28, 2.28 ]
		}
	}
}