{
	"credit": "Made by Philipp Opheys / pro_pixel_ from BuildmodeOne",
	"textures": {
		"0": "block/green_concrete",
		"1": "buildmodeone:3d_editor/item/book",
		"2": "block/iron_block",
		"3": "buildmodeone:3d_editor/models/paper",
		"particle": "block/green_concrete"
	},
	"elements": [
		{
			"name": "text",
			"from": [7, 4, 2.4992],
			"to": [9, 8.8, 2.4992],
			"rotation": {"angle": 0, "axis": "y", "origin": [12.8, 6.4, 8.1]},
			"faces": {
				"north": {"uv": [6, 1, 11, 15], "texture": "#3"}
			}
		},
		{
			"from": [6.4, 0, 3.3],
			"to": [7, 9.6, 10.5],
			"rotation": {"angle": 0, "axis": "y", "origin": [12.8, 6.4, 9.7]},
			"faces": {
				"east": {"uv": [0, 0, 9, 12], "texture": "#0"},
				"south": {"uv": [0, 0, 0.75, 12], "texture": "#0"},
				"west": {"uv": [0, 0, 9, 12], "texture": "#0"},
				"up": {"uv": [0, 0, 0.75, 9], "texture": "#0"},
				"down": {"uv": [0, 0, 0.75, 9], "texture": "#0"}
			}
		},
		{
			"from": [6.4, 3, 2.5],
			"to": [9.6, 9.6, 3.3],
			"rotation": {"angle": 0, "axis": "y", "origin": [12.8, 6.4, 8.9]},
			"faces": {
				"north": {"uv": [0, 0, 4, 8.25], "texture": "#0"},
				"east": {"uv": [0, 0, 1, 8.25], "texture": "#0"},
				"south": {"uv": [0, 0, 4, 8.25], "texture": "#0"},
				"west": {"uv": [0, 0, 1, 8.25], "texture": "#0"},
				"up": {"uv": [0, 0, 4, 1], "texture": "#0"}
			}
		},
		{
			"from": [9, 0, 3.3],
			"to": [9.6, 9.6, 10.5],
			"rotation": {"angle": 0, "axis": "y", "origin": [15.2, 6.4, 9.7]},
			"faces": {
				"east": {"uv": [0, 0, 9, 12], "texture": "#0"},
				"south": {"uv": [0, 0, 0.75, 12], "texture": "#0"},
				"west": {"uv": [0, 0, 9, 12], "texture": "#0"},
				"up": {"uv": [0, 0, 0.75, 9], "texture": "#0"},
				"down": {"uv": [0, 0, 0.75, 9], "texture": "#0"}
			}
		},
		{
			"from": [8.6, 1.8, 2.5],
			"to": [9.6, 3, 3.3],
			"rotation": {"angle": 0, "axis": "y", "origin": [12.8, 4.8, 8.9]},
			"faces": {
				"north": {"uv": [0, 0, 1.25, 1.5], "texture": "#0"},
				"east": {"uv": [0, 0, 1, 1.5], "texture": "#0"}
			}
		},
		{
			"from": [6.4, 0, 2.5],
			"to": [9.6, 1.8, 3.3],
			"rotation": {"angle": 0, "axis": "y", "origin": [12.8, 3.2, 8.9]},
			"faces": {
				"north": {"uv": [0, 0, 4, 2.25], "texture": "#0"},
				"east": {"uv": [0, 0, 1, 2.25], "texture": "#0"},
				"south": {"uv": [0, 0, 4, 2.25], "texture": "#0"},
				"west": {"uv": [0, 0, 1, 2.25], "texture": "#0"},
				"down": {"uv": [0, 0, 4, 1], "texture": "#0"}
			}
		},
		{
			"from": [6.4, 1.8, 2.5],
			"to": [7.4, 3, 3.3],
			"rotation": {"angle": 0, "axis": "y", "origin": [10.4, 4.8, 8.9]},
			"faces": {
				"north": {"uv": [0, 0, 1.25, 1.5], "texture": "#0"},
				"west": {"uv": [0, 0, 1, 1.5], "texture": "#0"}
			}
		},
		{
			"from": [7.4, 1.8, 2.42],
			"to": [7.6, 3, 3.3],
			"rotation": {"angle": 0, "axis": "y", "origin": [11.2, 4.8, 8.9]},
			"faces": {
				"north": {"uv": [0, 0, 0.25, 1.5], "texture": "#2"},
				"east": {"uv": [0, 0, 1.1, 1.5], "texture": "#2"},
				"west": {"uv": [0, 0, 1.1, 1.5], "texture": "#2"},
				"up": {"uv": [0, 0, 0.25, 1.1], "texture": "#2"},
				"down": {"uv": [0, 0, 0.25, 1.1], "texture": "#2"}
			}
		},
		{
			"from": [7.6, 2.8, 2.42],
			"to": [8.4, 3, 3.3],
			"rotation": {"angle": 0, "axis": "y", "origin": [12.2, 4.8, 8.9]},
			"faces": {
				"north": {"uv": [0, 0, 1, 0.25], "texture": "#2"},
				"up": {"uv": [0, 0, 1, 1.1], "texture": "#2"},
				"down": {"uv": [0, 0, 1, 1.1], "texture": "#2"}
			}
		},
		{
			"from": [8.4, 1.8, 2.42],
			"to": [8.6, 3, 3.3],
			"rotation": {"angle": 0, "axis": "y", "origin": [12.6, 4.8, 8.9]},
			"faces": {
				"north": {"uv": [0, 0, 0.25, 1.5], "texture": "#2"},
				"east": {"uv": [0, 0, 1.1, 1.5], "texture": "#2"},
				"west": {"uv": [0, 0, 1.1, 1.5], "texture": "#2"},
				"up": {"uv": [0, 0, 0.25, 1.1], "texture": "#2"},
				"down": {"uv": [0, 0, 0.25, 1.1], "texture": "#2"}
			}
		},
		{
			"from": [7.6, 1.8, 2.42],
			"to": [8.4, 2, 3.3],
			"rotation": {"angle": 0, "axis": "y", "origin": [12.2, 3.6, 8.9]},
			"faces": {
				"north": {"uv": [0, 0, 1, 0.25], "texture": "#2"},
				"up": {"uv": [0, 0, 1, 1.1], "texture": "#2"},
				"down": {"uv": [0, 0, 1, 1.1], "texture": "#2"}
			}
		},
		{
			"from": [7, 0.4, 3.3],
			"to": [9, 9.2, 9.9],
			"rotation": {"angle": 0, "axis": "y", "origin": [13.6, 6.4, 15.7]},
			"faces": {
				"north": {"uv": [0, 14, 6.25, 15.875], "rotation": 90, "texture": "#1"},
				"south": {"uv": [0, 14, 6.25, 15.875], "rotation": 90, "texture": "#1"},
				"up": {"uv": [0, 14, 6.25, 15.875], "rotation": 90, "texture": "#1"},
				"down": {"uv": [0, 14, 6.25, 15.875], "rotation": 90, "texture": "#1"}
			}
		}
	],
	"display": {
		"gui": {
			"rotation": [30, 225, 0],
			"translation": [0, 6, 0],
			"scale": [1.5, 1.5, 1.5]
		},
		"head": {
			"translation": [0, -14.5, 0],
			"scale": [2.3, 2.3, 2.3]
		}
	},
	"groups": [0,
		{
			"name": "body",
			"origin": [11, 6, 8],
			"children": [1, 2, 3, 4, 5, 6]
		},
		{
			"name": "ring",
			"origin": [13.25, 4.5, 8],
			"children": [7, 8, 9, 10]
		}, 11]
}