{
	"credit": "Made by Philipp Opheys / pro_pixel_ from BuildmodeOne",
	"textures": {
		"0": "buildmodeone:3d_editor/models/electronics/pc/textures",
		"2": "buildmodeone:3d_editor/models/electronics/pc/fan_grid",
		"3": "buildmodeone:3d_editor/models/electronics/pc/fans",
		"4": "buildmodeone:3d_editor/models/electronics/pc/led",
		"particle": "buildmodeone:3d_editor/models/electronics/pc/textures"
	},
	"elements": [
		{
			"from": [5, 0.5, 13.5],
			"to": [6, 12.5, 14],
			"rotation": {"angle": 0, "axis": "y", "origin": [13, 8.5, 10]},
			"faces": {
				"east": {"uv": [5.667, 5.334, 5.834, 10.667], "texture": "#0"},
				"south": {"uv": [5.444, 5.222, 5.888, 10.555], "texture": "#0"}
			}
		},
		{
			"from": [6, 11.5, 13.5],
			"to": [6.5, 12.5, 14],
			"rotation": {"angle": 0, "axis": "y", "origin": [14, 8.5, 10]},
			"faces": {
				"south": {"uv": [5.778, 5.334, 6.056, 5.778], "texture": "#0"},
				"down": {"uv": [5.334, 5.334, 5.612, 5.612], "texture": "#0"}
			}
		},
		{
			"from": [6, 1.5, 13.5],
			"to": [6.5, 11.5, 13.5],
			"rotation": {"angle": 0, "axis": "y", "origin": [14, 7.5, 10]},
			"faces": {
				"south": {"uv": [0, 0, 16, 16], "texture": "#4"}
			}
		},
		{
			"from": [6.5, 0.5, 13.5],
			"to": [11, 12.5, 14],
			"rotation": {"angle": 0, "axis": "y", "origin": [14, 8.5, 10]},
			"faces": {
				"east": {"uv": [7.889, 5.333, 8.166, 10.666], "texture": "#0"},
				"south": {"uv": [5.754, 5.222, 7.807, 10.554], "texture": "#0"},
				"west": {"uv": [5.667, 5.334, 5.834, 10.667], "texture": "#0"}
			}
		},
		{
			"from": [6, 0.5, 13.5],
			"to": [6.5, 1.5, 14],
			"rotation": {"angle": 0, "axis": "y", "origin": [14, -2.5, 10]},
			"faces": {
				"south": {"uv": [5.778, 5.334, 6.056, 5.778], "texture": "#0"},
				"up": {"uv": [5.334, 5.334, 5.612, 5.612], "texture": "#0"}
			}
		},
		{
			"from": [8.75, 10.75, 14],
			"to": [9, 11.25, 14.1],
			"rotation": {"angle": 0, "axis": "y", "origin": [16.25, 9, 10.5]},
			"faces": {
				"east": {"uv": [6.778, 5.778, 6.889, 5.999], "texture": "#0"},
				"south": {"uv": [6.778, 5.778, 6.889, 5.999], "texture": "#0"},
				"west": {"uv": [6.778, 5.778, 6.889, 5.999], "texture": "#0"}
			}
		},
		{
			"from": [8, 11.25, 14],
			"to": [9, 11.5, 14.1],
			"rotation": {"angle": 0, "axis": "y", "origin": [15.5, 9.25, 10.5]},
			"faces": {
				"east": {"uv": [6.445, 5.667, 6.556, 5.777], "texture": "#0"},
				"south": {"uv": [6.445, 5.667, 6.889, 5.777], "texture": "#0"},
				"west": {"uv": [6.778, 5.667, 6.889, 5.777], "texture": "#0"},
				"up": {"uv": [6.445, 5.667, 6.889, 5.777], "texture": "#0"},
				"down": {"uv": [6.445, 5.667, 6.889, 5.777], "texture": "#0"}
			}
		},
		{
			"from": [8, 10.75, 14],
			"to": [8.25, 11.25, 14.1],
			"rotation": {"angle": 0, "axis": "y", "origin": [15.5, 9, 10.5]},
			"faces": {
				"east": {"uv": [6.445, 5.778, 6.556, 5.999], "texture": "#0"},
				"south": {"uv": [6.445, 5.778, 6.556, 5.999], "texture": "#0"},
				"west": {"uv": [6.445, 5.778, 6.556, 5.999], "texture": "#0"}
			}
		},
		{
			"from": [8.25, 10.75, 14],
			"to": [8.75, 11.25, 14.05],
			"rotation": {"angle": 0, "axis": "y", "origin": [16, 9, 10.5]},
			"faces": {
				"south": {"uv": [0, 0, 16, 16], "texture": "#4"}
			}
		},
		{
			"from": [8, 10.5, 14],
			"to": [9, 10.75, 14.1],
			"rotation": {"angle": 0, "axis": "y", "origin": [15.5, 8.5, 10.5]},
			"faces": {
				"east": {"uv": [6.778, 6, 6.889, 6.11], "texture": "#0"},
				"south": {"uv": [6.445, 6, 6.889, 6.11], "texture": "#0"},
				"west": {"uv": [6.778, 6, 6.889, 6.11], "texture": "#0"},
				"up": {"uv": [6.445, 6, 6.889, 6.11], "texture": "#0"},
				"down": {"uv": [6.445, 6, 6.889, 6.11], "texture": "#0"}
			}
		},
		{
			"from": [5.75, 11.75, 2],
			"to": [10.25, 12.5, 2.25],
			"rotation": {"angle": 0, "axis": "y", "origin": [8, 20.5, 10]},
			"faces": {
				"north": {"uv": [13.778, 5.334, 15.553, 5.774], "texture": "#0"}
			}
		},
		{
			"from": [5, 0.5, 2],
			"to": [5.75, 12.5, 2.25],
			"rotation": {"angle": 0, "axis": "y", "origin": [7.5, 8.5, 10]},
			"faces": {
				"north": {"uv": [15.556, 5.334, 15.998, 10.662], "texture": "#0"}
			}
		},
		{
			"from": [5.75, 0.5, 2],
			"to": [10.25, 7.25, 2.25],
			"rotation": {"angle": 0, "axis": "y", "origin": [8, 8.5, 10]},
			"faces": {
				"north": {"uv": [13.778, 7.556, 15.553, 10.656], "texture": "#0"}
			}
		},
		{
			"from": [10.25, 0.5, 2],
			"to": [10.75, 12.5, 2.25],
			"rotation": {"angle": 0, "axis": "y", "origin": [13, 8.5, 10]},
			"faces": {
				"north": {"uv": [13.625, 5.334, 13.765, 10.668], "texture": "#0"}
			}
		},
		{
			"from": [9.75, 8.35, 2.1],
			"to": [10, 10.65, 2.15],
			"rotation": {"angle": -45, "axis": "z", "origin": [8, 9.5, 2.025]},
			"faces": {
				"north": {"uv": [6, 5.35, 6.25, 7.65], "texture": "#2"},
				"east": {"uv": [13.85, 5.35, 13.9, 7.65], "texture": "#2"},
				"south": {"uv": [9.75, 5.35, 10, 7.65], "texture": "#2"},
				"west": {"uv": [2.1, 5.35, 2.15, 7.65], "texture": "#2"}
			}
		},
		{
			"from": [10.5, 9.1, 2.1],
			"to": [10.75, 9.9, 2.15],
			"rotation": {"angle": -45, "axis": "z", "origin": [8, 9.5, 2.025]},
			"faces": {
				"north": {"uv": [5.25, 6.1, 5.5, 6.9], "texture": "#2"},
				"east": {"uv": [13.85, 6.1, 13.9, 6.9], "texture": "#2"},
				"south": {"uv": [10.5, 6.1, 10.75, 6.9], "texture": "#2"},
				"west": {"uv": [2.1, 6.1, 2.15, 6.9], "texture": "#2"}
			}
		},
		{
			"from": [8.5, 11.25, 2.1],
			"to": [9, 11.5, 2.15],
			"rotation": {"angle": -45, "axis": "z", "origin": [8, 9.5, 2.025]},
			"faces": {
				"north": {"uv": [7, 4.5, 7.5, 4.75], "rotation": 180, "texture": "#2"},
				"south": {"uv": [8.5, 4.5, 9, 4.75], "rotation": 270, "texture": "#2"},
				"up": {"uv": [8.5, 2.1, 9, 2.15], "rotation": 270, "texture": "#2"},
				"down": {"uv": [8.5, 13.85, 9, 13.9], "rotation": 270, "texture": "#2"}
			}
		},
		{
			"from": [7.75, 11.25, 2.1],
			"to": [8.25, 11.5, 2.15],
			"rotation": {"angle": -45, "axis": "z", "origin": [8, 9.5, 2.025]},
			"faces": {
				"north": {"uv": [7.75, 4.5, 8.25, 4.75], "rotation": 180, "texture": "#2"},
				"south": {"uv": [7.75, 4.5, 8.25, 4.75], "rotation": 270, "texture": "#2"},
				"up": {"uv": [7.75, 2.1, 8.25, 2.15], "rotation": 270, "texture": "#2"},
				"down": {"uv": [7.75, 13.85, 8.25, 13.9], "rotation": 270, "texture": "#2"}
			}
		},
		{
			"from": [7, 11.25, 2.1],
			"to": [7.5, 11.5, 2.15],
			"rotation": {"angle": -45, "axis": "z", "origin": [8, 9.5, 2.025]},
			"faces": {
				"north": {"uv": [8.5, 4.5, 9, 4.75], "rotation": 180, "texture": "#2"},
				"south": {"uv": [7, 4.5, 7.5, 4.75], "rotation": 270, "texture": "#2"},
				"up": {"uv": [7, 2.1, 7.5, 2.15], "rotation": 270, "texture": "#2"},
				"down": {"uv": [7, 13.85, 7.5, 13.9], "rotation": 270, "texture": "#2"}
			}
		},
		{
			"from": [8.25, 6.85, 2.1],
			"to": [8.5, 12.15, 2.15],
			"rotation": {"angle": -45, "axis": "z", "origin": [8, 9.5, 2.025]},
			"faces": {
				"north": {"uv": [7.5, 3.85, 7.75, 9.15], "texture": "#2"},
				"east": {"uv": [13.85, 3.85, 13.9, 9.15], "texture": "#2"},
				"south": {"uv": [8.25, 3.85, 8.5, 9.15], "texture": "#2"},
				"west": {"uv": [2.1, 3.85, 2.15, 9.15], "texture": "#2"}
			}
		},
		{
			"from": [9.25, 9.75, 2.1],
			"to": [9.75, 10, 2.15],
			"rotation": {"angle": -45, "axis": "z", "origin": [8, 9.5, 2.025]},
			"faces": {
				"north": {"uv": [6.25, 6, 6.75, 6.25], "rotation": 180, "texture": "#2"},
				"south": {"uv": [9.25, 6, 9.75, 6.25], "rotation": 270, "texture": "#2"},
				"up": {"uv": [9.25, 2.1, 9.75, 2.15], "rotation": 270, "texture": "#2"},
				"down": {"uv": [9.25, 13.85, 9.75, 13.9], "rotation": 270, "texture": "#2"}
			}
		},
		{
			"from": [10, 9.75, 2.1],
			"to": [10.5, 10, 2.15],
			"rotation": {"angle": -45, "axis": "z", "origin": [8, 9.5, 2.025]},
			"faces": {
				"north": {"uv": [5.5, 6, 6, 6.25], "rotation": 180, "texture": "#2"},
				"south": {"uv": [10, 6, 10.5, 6.25], "rotation": 270, "texture": "#2"},
				"up": {"uv": [10, 2.1, 10.5, 2.15], "rotation": 270, "texture": "#2"},
				"down": {"uv": [10, 13.85, 10.5, 13.9], "rotation": 270, "texture": "#2"}
			}
		},
		{
			"from": [5.5, 9.75, 2.1],
			"to": [6, 10, 2.15],
			"rotation": {"angle": -45, "axis": "z", "origin": [8, 9.5, 2.025]},
			"faces": {
				"north": {"uv": [10, 6, 10.5, 6.25], "rotation": 90, "texture": "#2"},
				"south": {"uv": [5.5, 6, 6, 6.25], "rotation": 270, "texture": "#2"},
				"up": {"uv": [5.5, 2.1, 6, 2.15], "rotation": 270, "texture": "#2"},
				"down": {"uv": [5.5, 13.85, 6, 13.9], "rotation": 270, "texture": "#2"}
			}
		},
		{
			"from": [7.75, 9.75, 2.1],
			"to": [8.25, 10, 2.15],
			"rotation": {"angle": -45, "axis": "z", "origin": [8, 9.5, 2.025]},
			"faces": {
				"north": {"uv": [7.75, 6, 8.25, 6.25], "rotation": 90, "texture": "#2"},
				"south": {"uv": [7.75, 6, 8.25, 6.25], "rotation": 270, "texture": "#2"},
				"up": {"uv": [7.75, 2.1, 8.25, 2.15], "rotation": 270, "texture": "#2"},
				"down": {"uv": [7.75, 13.85, 8.25, 13.9], "rotation": 270, "texture": "#2"}
			}
		},
		{
			"from": [8.5, 9.75, 2.1],
			"to": [9, 10, 2.15],
			"rotation": {"angle": -45, "axis": "z", "origin": [8, 9.5, 2.025]},
			"faces": {
				"north": {"uv": [7, 6, 7.5, 6.25], "rotation": 90, "texture": "#2"},
				"south": {"uv": [8.5, 6, 9, 6.25], "rotation": 270, "texture": "#2"},
				"up": {"uv": [8.5, 2.1, 9, 2.15], "rotation": 270, "texture": "#2"},
				"down": {"uv": [8.5, 13.85, 9, 13.9], "rotation": 270, "texture": "#2"}
			}
		},
		{
			"from": [7, 9.75, 2.1],
			"to": [7.5, 10, 2.15],
			"rotation": {"angle": -45, "axis": "z", "origin": [8, 9.5, 2.025]},
			"faces": {
				"north": {"uv": [8.5, 6, 9, 6.25], "rotation": 180, "texture": "#2"},
				"south": {"uv": [7, 6, 7.5, 6.25], "rotation": 270, "texture": "#2"},
				"up": {"uv": [7, 2.1, 7.5, 2.15], "rotation": 270, "texture": "#2"},
				"down": {"uv": [7, 13.85, 7.5, 13.9], "rotation": 270, "texture": "#2"}
			}
		},
		{
			"from": [6.25, 9.75, 2.1],
			"to": [6.75, 10, 2.15],
			"rotation": {"angle": -45, "axis": "z", "origin": [8, 9.5, 2.025]},
			"faces": {
				"north": {"uv": [9.25, 6, 9.75, 6.25], "rotation": 180, "texture": "#2"},
				"south": {"uv": [6.25, 6, 6.75, 6.25], "rotation": 270, "texture": "#2"},
				"up": {"uv": [6.25, 2.1, 6.75, 2.15], "rotation": 270, "texture": "#2"},
				"down": {"uv": [6.25, 13.85, 6.75, 13.9], "rotation": 270, "texture": "#2"}
			}
		},
		{
			"from": [6.75, 7.6, 2.1],
			"to": [7, 11.4, 2.15],
			"rotation": {"angle": -45, "axis": "z", "origin": [8, 9.5, 2.025]},
			"faces": {
				"north": {"uv": [9, 4.6, 9.25, 8.4], "texture": "#2"},
				"east": {"uv": [13.85, 4.6, 13.9, 8.4], "texture": "#2"},
				"south": {"uv": [6.75, 4.6, 7, 8.4], "texture": "#2"},
				"west": {"uv": [2.1, 4.6, 2.15, 8.4], "texture": "#2"}
			}
		},
		{
			"from": [9.25, 8.25, 2.1],
			"to": [9.75, 8.5, 2.15],
			"rotation": {"angle": -45, "axis": "z", "origin": [8, 9.5, 2.025]},
			"faces": {
				"north": {"uv": [6.25, 7.5, 6.75, 7.75], "rotation": 90, "texture": "#2"},
				"south": {"uv": [9.25, 7.5, 9.75, 7.75], "rotation": 270, "texture": "#2"},
				"up": {"uv": [9.25, 2.1, 9.75, 2.15], "rotation": 270, "texture": "#2"},
				"down": {"uv": [9.25, 13.85, 9.75, 13.9], "rotation": 270, "texture": "#2"}
			}
		},
		{
			"from": [8.5, 8.25, 2.1],
			"to": [9, 8.5, 2.15],
			"rotation": {"angle": -45, "axis": "z", "origin": [8, 9.5, 2.025]},
			"faces": {
				"north": {"uv": [7, 7.5, 7.5, 7.75], "rotation": 180, "texture": "#2"},
				"south": {"uv": [8.5, 7.5, 9, 7.75], "rotation": 270, "texture": "#2"},
				"up": {"uv": [8.5, 2.1, 9, 2.15], "rotation": 270, "texture": "#2"},
				"down": {"uv": [8.5, 13.85, 9, 13.9], "rotation": 270, "texture": "#2"}
			}
		},
		{
			"from": [7.75, 8.25, 2.1],
			"to": [8.25, 8.5, 2.15],
			"rotation": {"angle": -45, "axis": "z", "origin": [8, 9.5, 2.025]},
			"faces": {
				"north": {"uv": [7.75, 7.5, 8.25, 7.75], "rotation": 180, "texture": "#2"},
				"south": {"uv": [7.75, 7.5, 8.25, 7.75], "rotation": 270, "texture": "#2"},
				"up": {"uv": [7.75, 2.1, 8.25, 2.15], "rotation": 270, "texture": "#2"},
				"down": {"uv": [7.75, 13.85, 8.25, 13.9], "rotation": 270, "texture": "#2"}
			}
		},
		{
			"from": [7, 8.25, 2.1],
			"to": [7.5, 8.5, 2.15],
			"rotation": {"angle": -45, "axis": "z", "origin": [8, 9.5, 2.025]},
			"faces": {
				"north": {"uv": [8.5, 7.5, 9, 7.75], "rotation": 180, "texture": "#2"},
				"south": {"uv": [7, 7.5, 7.5, 7.75], "rotation": 270, "texture": "#2"},
				"up": {"uv": [7, 2.1, 7.5, 2.15], "rotation": 270, "texture": "#2"},
				"down": {"uv": [7, 13.85, 7.5, 13.9], "rotation": 270, "texture": "#2"}
			}
		},
		{
			"from": [6.25, 8.25, 2.1],
			"to": [6.75, 8.5, 2.15],
			"rotation": {"angle": -45, "axis": "z", "origin": [8, 9.5, 2.025]},
			"faces": {
				"north": {"uv": [9.25, 7.5, 9.75, 7.75], "rotation": 90, "texture": "#2"},
				"south": {"uv": [6.25, 7.5, 6.75, 7.75], "rotation": 270, "texture": "#2"},
				"up": {"uv": [6.25, 2.1, 6.75, 2.15], "rotation": 270, "texture": "#2"},
				"down": {"uv": [6.25, 13.85, 6.75, 13.9], "rotation": 270, "texture": "#2"}
			}
		},
		{
			"from": [9, 7.6, 2.1],
			"to": [9.25, 11.4, 2.15],
			"rotation": {"angle": -45, "axis": "z", "origin": [8, 9.5, 2.025]},
			"faces": {
				"north": {"uv": [6.75, 4.6, 7, 8.4], "texture": "#2"},
				"east": {"uv": [13.85, 4.6, 13.9, 8.4], "texture": "#2"},
				"south": {"uv": [9, 4.6, 9.25, 8.4], "texture": "#2"},
				"west": {"uv": [2.1, 4.6, 2.15, 8.4], "texture": "#2"}
			}
		},
		{
			"from": [9.25, 10.5, 2.1],
			"to": [9.75, 10.75, 2.15],
			"rotation": {"angle": -45, "axis": "z", "origin": [8, 9.5, 2.025]},
			"faces": {
				"north": {"uv": [6.25, 5.25, 6.75, 5.5], "rotation": 90, "texture": "#2"},
				"south": {"uv": [9.25, 5.25, 9.75, 5.5], "rotation": 270, "texture": "#2"},
				"up": {"uv": [9.25, 2.1, 9.75, 2.15], "rotation": 270, "texture": "#2"},
				"down": {"uv": [9.25, 13.85, 9.75, 13.9], "rotation": 270, "texture": "#2"}
			}
		},
		{
			"from": [8.5, 10.5, 2.1],
			"to": [9, 10.75, 2.15],
			"rotation": {"angle": -45, "axis": "z", "origin": [8, 9.5, 2.025]},
			"faces": {
				"north": {"uv": [7, 5.25, 7.5, 5.5], "rotation": 180, "texture": "#2"},
				"south": {"uv": [8.5, 5.25, 9, 5.5], "rotation": 270, "texture": "#2"},
				"up": {"uv": [8.5, 2.1, 9, 2.15], "rotation": 270, "texture": "#2"},
				"down": {"uv": [8.5, 13.85, 9, 13.9], "rotation": 270, "texture": "#2"}
			}
		},
		{
			"from": [7.75, 10.5, 2.1],
			"to": [8.25, 10.75, 2.15],
			"rotation": {"angle": -45, "axis": "z", "origin": [8, 9.5, 2.025]},
			"faces": {
				"north": {"uv": [7.75, 5.25, 8.25, 5.5], "rotation": 180, "texture": "#2"},
				"south": {"uv": [7.75, 5.25, 8.25, 5.5], "rotation": 270, "texture": "#2"},
				"up": {"uv": [7.75, 2.1, 8.25, 2.15], "rotation": 270, "texture": "#2"},
				"down": {"uv": [7.75, 13.85, 8.25, 13.9], "rotation": 270, "texture": "#2"}
			}
		},
		{
			"from": [7, 10.5, 2.1],
			"to": [7.5, 10.75, 2.15],
			"rotation": {"angle": -45, "axis": "z", "origin": [8, 9.5, 2.025]},
			"faces": {
				"north": {"uv": [8.5, 5.25, 9, 5.5], "rotation": 180, "texture": "#2"},
				"south": {"uv": [7, 5.25, 7.5, 5.5], "rotation": 270, "texture": "#2"},
				"up": {"uv": [7, 2.1, 7.5, 2.15], "rotation": 270, "texture": "#2"},
				"down": {"uv": [7, 13.85, 7.5, 13.9], "rotation": 270, "texture": "#2"}
			}
		},
		{
			"from": [6.25, 10.5, 2.1],
			"to": [6.75, 10.75, 2.15],
			"rotation": {"angle": -45, "axis": "z", "origin": [8, 9.5, 2.025]},
			"faces": {
				"north": {"uv": [9.25, 5.25, 9.75, 5.5], "rotation": 180, "texture": "#2"},
				"south": {"uv": [6.25, 5.25, 6.75, 5.5], "rotation": 270, "texture": "#2"},
				"up": {"uv": [6.25, 2.1, 6.75, 2.15], "rotation": 270, "texture": "#2"},
				"down": {"uv": [6.25, 13.85, 6.75, 13.9], "rotation": 270, "texture": "#2"}
			}
		},
		{
			"from": [7.5, 6.85, 2.1],
			"to": [7.75, 12.15, 2.15],
			"rotation": {"angle": -45, "axis": "z", "origin": [8, 9.5, 2.025]},
			"faces": {
				"north": {"uv": [8.25, 3.85, 8.5, 9.15], "texture": "#2"},
				"east": {"uv": [13.85, 3.85, 13.9, 9.15], "texture": "#2"},
				"south": {"uv": [7.5, 3.85, 7.75, 9.15], "texture": "#2"},
				"west": {"uv": [2.1, 3.85, 2.15, 9.15], "texture": "#2"}
			}
		},
		{
			"from": [9.25, 9, 2.1],
			"to": [9.75, 9.25, 2.15],
			"rotation": {"angle": -45, "axis": "z", "origin": [8, 9.5, 2.025]},
			"faces": {
				"north": {"uv": [6.25, 6.75, 6.75, 7], "rotation": 90, "texture": "#2"},
				"south": {"uv": [9.25, 6.75, 9.75, 7], "rotation": 270, "texture": "#2"},
				"up": {"uv": [9.25, 2.1, 9.75, 2.15], "rotation": 270, "texture": "#2"},
				"down": {"uv": [9.25, 13.85, 9.75, 13.9], "rotation": 270, "texture": "#2"}
			}
		},
		{
			"from": [10, 9, 2.1],
			"to": [10.5, 9.25, 2.15],
			"rotation": {"angle": -45, "axis": "z", "origin": [8, 9.5, 2.025]},
			"faces": {
				"north": {"uv": [5.5, 6.75, 6, 7], "rotation": 180, "texture": "#2"},
				"south": {"uv": [10, 6.75, 10.5, 7], "rotation": 270, "texture": "#2"},
				"up": {"uv": [10, 2.1, 10.5, 2.15], "rotation": 270, "texture": "#2"},
				"down": {"uv": [10, 13.85, 10.5, 13.9], "rotation": 270, "texture": "#2"}
			}
		},
		{
			"from": [5.5, 9, 2.1],
			"to": [6, 9.25, 2.15],
			"rotation": {"angle": -45, "axis": "z", "origin": [8, 9.5, 2.025]},
			"faces": {
				"north": {"uv": [10, 6.75, 10.5, 7], "rotation": 90, "texture": "#2"},
				"south": {"uv": [5.5, 6.75, 6, 7], "rotation": 270, "texture": "#2"},
				"up": {"uv": [5.5, 2.1, 6, 2.15], "rotation": 270, "texture": "#2"},
				"down": {"uv": [5.5, 13.85, 6, 13.9], "rotation": 270, "texture": "#2"}
			}
		},
		{
			"from": [8.5, 9, 2.1],
			"to": [9, 9.25, 2.15],
			"rotation": {"angle": -45, "axis": "z", "origin": [8, 9.5, 2.025]},
			"faces": {
				"north": {"uv": [7, 6.75, 7.5, 7], "rotation": 90, "texture": "#2"},
				"south": {"uv": [8.5, 6.75, 9, 7], "rotation": 270, "texture": "#2"},
				"up": {"uv": [8.5, 2.1, 9, 2.15], "rotation": 270, "texture": "#2"},
				"down": {"uv": [8.5, 13.85, 9, 13.9], "rotation": 270, "texture": "#2"}
			}
		},
		{
			"from": [7.75, 9, 2.1],
			"to": [8.25, 9.25, 2.15],
			"rotation": {"angle": -45, "axis": "z", "origin": [8, 9.5, 2.025]},
			"faces": {
				"north": {"uv": [7.75, 6.75, 8.25, 7], "rotation": 90, "texture": "#2"},
				"south": {"uv": [7.75, 6.75, 8.25, 7], "rotation": 270, "texture": "#2"},
				"up": {"uv": [7.75, 2.1, 8.25, 2.15], "rotation": 270, "texture": "#2"},
				"down": {"uv": [7.75, 13.85, 8.25, 13.9], "rotation": 270, "texture": "#2"}
			}
		},
		{
			"from": [7, 9, 2.1],
			"to": [7.5, 9.25, 2.15],
			"rotation": {"angle": -45, "axis": "z", "origin": [8, 9.5, 2.025]},
			"faces": {
				"north": {"uv": [8.5, 6.75, 9, 7], "rotation": 180, "texture": "#2"},
				"south": {"uv": [7, 6.75, 7.5, 7], "rotation": 270, "texture": "#2"},
				"up": {"uv": [7, 2.1, 7.5, 2.15], "rotation": 270, "texture": "#2"},
				"down": {"uv": [7, 13.85, 7.5, 13.9], "rotation": 270, "texture": "#2"}
			}
		},
		{
			"from": [6.25, 9, 2.1],
			"to": [6.75, 9.25, 2.15],
			"rotation": {"angle": -45, "axis": "z", "origin": [8, 9.5, 2.025]},
			"faces": {
				"north": {"uv": [9.25, 6.75, 9.75, 7], "rotation": 180, "texture": "#2"},
				"south": {"uv": [6.25, 6.75, 6.75, 7], "rotation": 270, "texture": "#2"},
				"up": {"uv": [6.25, 2.1, 6.75, 2.15], "rotation": 270, "texture": "#2"},
				"down": {"uv": [6.25, 13.85, 6.75, 13.9], "rotation": 270, "texture": "#2"}
			}
		},
		{
			"from": [6, 8.35, 2.1],
			"to": [6.25, 10.65, 2.15],
			"rotation": {"angle": -45, "axis": "z", "origin": [8, 9.5, 2.025]},
			"faces": {
				"north": {"uv": [9.75, 5.35, 10, 7.65], "texture": "#2"},
				"east": {"uv": [13.85, 5.35, 13.9, 7.65], "texture": "#2"},
				"south": {"uv": [6, 5.35, 6.25, 7.65], "texture": "#2"},
				"west": {"uv": [2.1, 5.35, 2.15, 7.65], "texture": "#2"}
			}
		},
		{
			"from": [5.25, 9.1, 2.1],
			"to": [5.5, 9.9, 2.15],
			"rotation": {"angle": -45, "axis": "z", "origin": [8, 9.5, 2.025]},
			"faces": {
				"north": {"uv": [10.5, 6.1, 10.75, 6.9], "texture": "#2"},
				"east": {"uv": [13.85, 6.1, 13.9, 6.9], "texture": "#2"},
				"south": {"uv": [5.25, 6.1, 5.5, 6.9], "texture": "#2"},
				"west": {"uv": [2.1, 6.1, 2.15, 6.9], "texture": "#2"}
			}
		},
		{
			"from": [8.5, 7.5, 2.1],
			"to": [9, 7.75, 2.15],
			"rotation": {"angle": -45, "axis": "z", "origin": [8, 9.5, 2.025]},
			"faces": {
				"north": {"uv": [7, 8.25, 7.5, 8.5], "rotation": 180, "texture": "#2"},
				"south": {"uv": [8.5, 8.25, 9, 8.5], "rotation": 270, "texture": "#2"},
				"up": {"uv": [8.5, 2.1, 9, 2.15], "rotation": 270, "texture": "#2"},
				"down": {"uv": [8.5, 13.85, 9, 13.9], "rotation": 270, "texture": "#2"}
			}
		},
		{
			"from": [7.75, 7.5, 2.1],
			"to": [8.25, 7.75, 2.15],
			"rotation": {"angle": -45, "axis": "z", "origin": [8, 9.5, 2.025]},
			"faces": {
				"north": {"uv": [7.75, 8.25, 8.25, 8.5], "rotation": 180, "texture": "#2"},
				"south": {"uv": [7.75, 8.25, 8.25, 8.5], "rotation": 270, "texture": "#2"},
				"up": {"uv": [7.75, 2.1, 8.25, 2.15], "rotation": 270, "texture": "#2"},
				"down": {"uv": [7.75, 13.85, 8.25, 13.9], "rotation": 270, "texture": "#2"}
			}
		},
		{
			"from": [7.75, 6.75, 2.1],
			"to": [8.25, 7, 2.15],
			"rotation": {"angle": -45, "axis": "z", "origin": [8, 9.5, 2.025]},
			"faces": {
				"north": {"uv": [7.75, 9, 8.25, 9.25], "rotation": 180, "texture": "#2"},
				"south": {"uv": [7.75, 9, 8.25, 9.25], "rotation": 270, "texture": "#2"},
				"up": {"uv": [7.75, 2.1, 8.25, 2.15], "rotation": 270, "texture": "#2"},
				"down": {"uv": [7.75, 13.85, 8.25, 13.9], "rotation": 270, "texture": "#2"}
			}
		},
		{
			"from": [7.75, 12, 2.1],
			"to": [8.25, 12.25, 2.15],
			"rotation": {"angle": -45, "axis": "z", "origin": [8, 9.5, 2.025]},
			"faces": {
				"north": {"uv": [7.75, 3.75, 8.25, 4], "rotation": 180, "texture": "#2"},
				"south": {"uv": [7.75, 3.75, 8.25, 4], "rotation": 270, "texture": "#2"},
				"up": {"uv": [7.75, 2.1, 8.25, 2.15], "rotation": 270, "texture": "#2"},
				"down": {"uv": [7.75, 13.85, 8.25, 13.9], "rotation": 270, "texture": "#2"}
			}
		},
		{
			"from": [7, 7.5, 2.1],
			"to": [7.5, 7.75, 2.15],
			"rotation": {"angle": -45, "axis": "z", "origin": [8, 9.5, 2.025]},
			"faces": {
				"north": {"uv": [8.5, 8.25, 9, 8.5], "rotation": 180, "texture": "#2"},
				"south": {"uv": [7, 8.25, 7.5, 8.5], "rotation": 270, "texture": "#2"},
				"up": {"uv": [7, 2.1, 7.5, 2.15], "rotation": 270, "texture": "#2"},
				"down": {"uv": [7, 13.85, 7.5, 13.9], "rotation": 270, "texture": "#2"}
			}
		},
		{
			"from": [6, 11.5, 1.95],
			"to": [10, 11.75, 2.25],
			"rotation": {"angle": 0, "axis": "y", "origin": [13, 10.5, 9.75]},
			"faces": {
				"north": {"uv": [13.889, 5.778, 15.449, 5.889], "texture": "#0"},
				"east": {"uv": [15.334, 5.778, 15.45, 5.889], "texture": "#0"},
				"south": {"uv": [13.889, 5.778, 15.449, 5.889], "texture": "#0"},
				"west": {"uv": [13.889, 5.778, 14.005, 5.889], "texture": "#0"},
				"up": {"uv": [13.889, 5.778, 15.449, 5.889], "texture": "#0"},
				"down": {"uv": [13.889, 5.778, 15.449, 5.889], "texture": "#0"}
			}
		},
		{
			"from": [5.75, 7.25, 1.95],
			"to": [6, 11.75, 2.25],
			"rotation": {"angle": 0, "axis": "y", "origin": [9, 9.5, 9.75]},
			"faces": {
				"north": {"uv": [15.445, 5.778, 15.559, 7.555], "texture": "#0"},
				"east": {"uv": [15.445, 5.778, 15.559, 7.555], "texture": "#0"},
				"south": {"uv": [15.445, 5.778, 15.559, 7.555], "rotation": 90, "texture": "#0"},
				"west": {"uv": [15.445, 5.778, 15.559, 7.555], "texture": "#0"},
				"up": {"uv": [15.445, 5.778, 15.559, 5.889], "rotation": 90, "texture": "#0"},
				"down": {"uv": [15.445, 7.445, 15.559, 7.556], "rotation": 90, "texture": "#0"}
			}
		},
		{
			"from": [6, 7.25, 1.95],
			"to": [10, 7.5, 2.25],
			"rotation": {"angle": 0, "axis": "y", "origin": [13, 6, 9.75]},
			"faces": {
				"north": {"uv": [13.889, 7.444, 15.448, 7.555], "texture": "#0"},
				"east": {"uv": [15.334, 7.445, 15.449, 7.556], "texture": "#0"},
				"south": {"uv": [13.889, 7.444, 15.448, 7.555], "texture": "#0"},
				"west": {"uv": [13.889, 7.444, 14.004, 7.555], "texture": "#0"},
				"up": {"uv": [13.889, 7.444, 15.448, 7.555], "texture": "#0"},
				"down": {"uv": [13.889, 7.444, 15.448, 7.555], "texture": "#0"}
			}
		},
		{
			"from": [10, 7.25, 1.95],
			"to": [10.25, 11.75, 2.25],
			"rotation": {"angle": 0, "axis": "y", "origin": [13.5, 6, 9.75]},
			"faces": {
				"north": {"uv": [13.778, 5.779, 13.892, 7.556], "texture": "#0"},
				"east": {"uv": [15.445, 5.778, 15.559, 7.555], "texture": "#0"},
				"south": {"uv": [13.778, 5.779, 13.892, 7.556], "rotation": 90, "texture": "#0"},
				"west": {"uv": [15.445, 5.778, 15.559, 7.555], "texture": "#0"},
				"up": {"uv": [13.778, 5.778, 13.892, 5.889], "rotation": 90, "texture": "#0"},
				"down": {"uv": [13.778, 7.445, 13.892, 7.556], "rotation": 90, "texture": "#0"}
			}
		},
		{
			"name": "texture",
			"from": [6, 7.5, 2.25],
			"to": [10, 11.5, 2.25],
			"rotation": {"angle": 0, "axis": "y", "origin": [13, 10.25, 9.75]},
			"faces": {
				"north": {"uv": [0, 0, 16, 16], "texture": "#3"}
			}
		},
		{
			"from": [10.85, 7.5, 3.875],
			"to": [10.9, 7.75, 6.175],
			"rotation": {"angle": -45, "axis": "x", "origin": [10.85, 9.5, 5.025]},
			"faces": {
				"east": {"uv": [9.825, 8.25, 12.125, 8.5], "rotation": 180, "texture": "#2"},
				"west": {"uv": [3.875, 8.25, 6.175, 8.5], "rotation": 90, "texture": "#2"},
				"up": {"uv": [10.85, 3.875, 10.9, 6.175], "rotation": 180, "texture": "#2"},
				"down": {"uv": [10.85, 9.825, 10.9, 12.125], "texture": "#2"}
			}
		},
		{
			"from": [10.85, 6.75, 4.525],
			"to": [10.9, 7, 5.425],
			"rotation": {"angle": -45, "axis": "x", "origin": [10.85, 9.5, 5.025]},
			"faces": {
				"east": {"uv": [10.575, 9, 11.475, 9.25], "rotation": 180, "texture": "#2"},
				"west": {"uv": [4.525, 9, 5.425, 9.25], "rotation": 90, "texture": "#2"},
				"up": {"uv": [10.85, 4.525, 10.9, 5.425], "rotation": 180, "texture": "#2"},
				"down": {"uv": [10.85, 10.575, 10.9, 11.475], "texture": "#2"}
			}
		},
		{
			"from": [10.85, 8.5, 6.775],
			"to": [10.9, 9, 7.025],
			"rotation": {"angle": -45, "axis": "x", "origin": [10.85, 9.5, 5.025]},
			"faces": {
				"north": {"uv": [5.1, 7, 5.15, 7.5], "texture": "#2"},
				"east": {"uv": [8.975, 7, 9.225, 7.5], "texture": "#2"},
				"south": {"uv": [10.85, 7, 10.9, 7.5], "texture": "#2"},
				"west": {"uv": [6.775, 7, 7.025, 7.5], "texture": "#2"}
			}
		},
		{
			"from": [10.85, 9.25, 6.775],
			"to": [10.9, 9.75, 7.025],
			"rotation": {"angle": -45, "axis": "x", "origin": [10.85, 9.5, 5.025]},
			"faces": {
				"north": {"uv": [5.1, 6.25, 5.15, 6.75], "texture": "#2"},
				"east": {"uv": [8.975, 6.25, 9.225, 6.75], "texture": "#2"},
				"south": {"uv": [10.85, 6.25, 10.9, 6.75], "texture": "#2"},
				"west": {"uv": [6.775, 6.25, 7.025, 6.75], "texture": "#2"}
			}
		},
		{
			"from": [10.85, 10, 6.775],
			"to": [10.9, 10.5, 7.025],
			"rotation": {"angle": -45, "axis": "x", "origin": [10.85, 9.5, 5.025]},
			"faces": {
				"north": {"uv": [5.1, 5.5, 5.15, 6], "texture": "#2"},
				"east": {"uv": [8.975, 5.5, 9.225, 6], "texture": "#2"},
				"south": {"uv": [10.85, 5.5, 10.9, 6], "texture": "#2"},
				"west": {"uv": [6.775, 5.5, 7.025, 6], "texture": "#2"}
			}
		},
		{
			"from": [10.85, 9, 2.375],
			"to": [10.9, 9.25, 7.675],
			"rotation": {"angle": -45, "axis": "x", "origin": [10.85, 9.5, 5.025]},
			"faces": {
				"east": {"uv": [8.325, 6.75, 13.625, 7], "rotation": 180, "texture": "#2"},
				"west": {"uv": [2.375, 6.75, 7.675, 7], "rotation": 90, "texture": "#2"},
				"up": {"uv": [10.85, 2.375, 10.9, 7.675], "rotation": 180, "texture": "#2"},
				"down": {"uv": [10.85, 8.325, 10.9, 13.625], "texture": "#2"}
			}
		},
		{
			"from": [10.85, 7.75, 5.275],
			"to": [10.9, 8.25, 5.525],
			"rotation": {"angle": -45, "axis": "x", "origin": [10.85, 9.5, 5.025]},
			"faces": {
				"north": {"uv": [5.1, 7.75, 5.15, 8.25], "texture": "#2"},
				"east": {"uv": [10.475, 7.75, 10.725, 8.25], "texture": "#2"},
				"south": {"uv": [10.85, 7.75, 10.9, 8.25], "texture": "#2"},
				"west": {"uv": [5.275, 7.75, 5.525, 8.25], "texture": "#2"}
			}
		},
		{
			"from": [10.85, 7, 5.275],
			"to": [10.9, 7.5, 5.525],
			"rotation": {"angle": -45, "axis": "x", "origin": [10.85, 9.5, 5.025]},
			"faces": {
				"north": {"uv": [5.1, 8.5, 5.15, 9], "texture": "#2"},
				"east": {"uv": [10.475, 8.5, 10.725, 9], "texture": "#2"},
				"south": {"uv": [10.85, 8.5, 10.9, 9], "texture": "#2"},
				"west": {"uv": [5.275, 8.5, 5.525, 9], "texture": "#2"}
			}
		},
		{
			"from": [10.85, 11.5, 5.275],
			"to": [10.9, 12, 5.525],
			"rotation": {"angle": -45, "axis": "x", "origin": [10.85, 9.5, 5.025]},
			"faces": {
				"north": {"uv": [5.1, 4, 5.15, 4.5], "texture": "#2"},
				"east": {"uv": [10.475, 4, 10.725, 4.5], "texture": "#2"},
				"south": {"uv": [10.85, 4, 10.9, 4.5], "texture": "#2"},
				"west": {"uv": [5.275, 4, 5.525, 4.5], "texture": "#2"}
			}
		},
		{
			"from": [10.85, 8.5, 5.275],
			"to": [10.9, 9, 5.525],
			"rotation": {"angle": -45, "axis": "x", "origin": [10.85, 9.5, 5.025]},
			"faces": {
				"north": {"uv": [5.1, 7, 5.15, 7.5], "texture": "#2"},
				"east": {"uv": [10.475, 7, 10.725, 7.5], "texture": "#2"},
				"south": {"uv": [10.85, 7, 10.9, 7.5], "texture": "#2"},
				"west": {"uv": [5.275, 7, 5.525, 7.5], "texture": "#2"}
			}
		},
		{
			"from": [10.85, 9.25, 5.275],
			"to": [10.9, 9.75, 5.525],
			"rotation": {"angle": -45, "axis": "x", "origin": [10.85, 9.5, 5.025]},
			"faces": {
				"north": {"uv": [5.1, 6.25, 5.15, 6.75], "texture": "#2"},
				"east": {"uv": [10.475, 6.25, 10.725, 6.75], "texture": "#2"},
				"south": {"uv": [10.85, 6.25, 10.9, 6.75], "texture": "#2"},
				"west": {"uv": [5.275, 6.25, 5.525, 6.75], "texture": "#2"}
			}
		},
		{
			"from": [10.85, 10, 5.275],
			"to": [10.9, 10.5, 5.525],
			"rotation": {"angle": -45, "axis": "x", "origin": [10.85, 9.5, 5.025]},
			"faces": {
				"north": {"uv": [5.1, 5.5, 5.15, 6], "texture": "#2"},
				"east": {"uv": [10.475, 5.5, 10.725, 6], "texture": "#2"},
				"south": {"uv": [10.85, 5.5, 10.9, 6], "texture": "#2"},
				"west": {"uv": [5.275, 5.5, 5.525, 6], "texture": "#2"}
			}
		},
		{
			"from": [10.85, 10.75, 5.275],
			"to": [10.9, 11.25, 5.525],
			"rotation": {"angle": -45, "axis": "x", "origin": [10.85, 9.5, 5.025]},
			"faces": {
				"north": {"uv": [5.1, 4.75, 5.15, 5.25], "texture": "#2"},
				"east": {"uv": [10.475, 4.75, 10.725, 5.25], "texture": "#2"},
				"south": {"uv": [10.85, 4.75, 10.9, 5.25], "texture": "#2"},
				"west": {"uv": [5.275, 4.75, 5.525, 5.25], "texture": "#2"}
			}
		},
		{
			"from": [10.85, 10.5, 3.025],
			"to": [10.9, 10.75, 6.925],
			"rotation": {"angle": -45, "axis": "x", "origin": [10.85, 9.5, 5.025]},
			"faces": {
				"east": {"uv": [9.075, 5.25, 12.975, 5.5], "rotation": 180, "texture": "#2"},
				"west": {"uv": [3.025, 5.25, 6.925, 5.5], "rotation": 90, "texture": "#2"},
				"up": {"uv": [10.85, 3.025, 10.9, 6.925], "rotation": 180, "texture": "#2"},
				"down": {"uv": [10.85, 9.075, 10.9, 12.975], "texture": "#2"}
			}
		},
		{
			"from": [10.85, 7.75, 3.775],
			"to": [10.9, 8.25, 4.025],
			"rotation": {"angle": -45, "axis": "x", "origin": [10.85, 9.5, 5.025]},
			"faces": {
				"north": {"uv": [5.1, 7.75, 5.15, 8.25], "texture": "#2"},
				"east": {"uv": [11.975, 7.75, 12.225, 8.25], "texture": "#2"},
				"south": {"uv": [10.85, 7.75, 10.9, 8.25], "texture": "#2"},
				"west": {"uv": [3.775, 7.75, 4.025, 8.25], "texture": "#2"}
			}
		},
		{
			"from": [10.85, 8.5, 3.775],
			"to": [10.9, 9, 4.025],
			"rotation": {"angle": -45, "axis": "x", "origin": [10.85, 9.5, 5.025]},
			"faces": {
				"north": {"uv": [5.1, 7, 5.15, 7.5], "texture": "#2"},
				"east": {"uv": [11.975, 7, 12.225, 7.5], "texture": "#2"},
				"south": {"uv": [10.85, 7, 10.9, 7.5], "texture": "#2"},
				"west": {"uv": [3.775, 7, 4.025, 7.5], "texture": "#2"}
			}
		},
		{
			"from": [10.85, 9.25, 3.775],
			"to": [10.9, 9.75, 4.025],
			"rotation": {"angle": -45, "axis": "x", "origin": [10.85, 9.5, 5.025]},
			"faces": {
				"north": {"uv": [5.1, 6.25, 5.15, 6.75], "texture": "#2"},
				"east": {"uv": [11.975, 6.25, 12.225, 6.75], "texture": "#2"},
				"south": {"uv": [10.85, 6.25, 10.9, 6.75], "texture": "#2"},
				"west": {"uv": [3.775, 6.25, 4.025, 6.75], "texture": "#2"}
			}
		},
		{
			"from": [10.85, 10, 3.775],
			"to": [10.9, 10.5, 4.025],
			"rotation": {"angle": -45, "axis": "x", "origin": [10.85, 9.5, 5.025]},
			"faces": {
				"north": {"uv": [5.1, 5.5, 5.15, 6], "texture": "#2"},
				"east": {"uv": [11.975, 5.5, 12.225, 6], "texture": "#2"},
				"south": {"uv": [10.85, 5.5, 10.9, 6], "texture": "#2"},
				"west": {"uv": [3.775, 5.5, 4.025, 6], "texture": "#2"}
			}
		},
		{
			"from": [10.85, 10.75, 3.775],
			"to": [10.9, 11.25, 4.025],
			"rotation": {"angle": -45, "axis": "x", "origin": [10.85, 9.5, 5.025]},
			"faces": {
				"north": {"uv": [5.1, 4.75, 5.15, 5.25], "texture": "#2"},
				"east": {"uv": [11.975, 4.75, 12.225, 5.25], "texture": "#2"},
				"south": {"uv": [10.85, 4.75, 10.9, 5.25], "texture": "#2"},
				"west": {"uv": [3.775, 4.75, 4.025, 5.25], "texture": "#2"}
			}
		},
		{
			"from": [10.85, 8.25, 3.125],
			"to": [10.9, 8.5, 6.925],
			"rotation": {"angle": -45, "axis": "x", "origin": [10.85, 9.5, 5.025]},
			"faces": {
				"east": {"uv": [9.075, 7.5, 12.875, 7.75], "rotation": 180, "texture": "#2"},
				"west": {"uv": [3.125, 7.5, 6.925, 7.75], "rotation": 90, "texture": "#2"},
				"up": {"uv": [10.85, 3.125, 10.9, 6.925], "rotation": 180, "texture": "#2"},
				"down": {"uv": [10.85, 9.075, 10.9, 12.875], "texture": "#2"}
			}
		},
		{
			"from": [10.85, 7.75, 6.025],
			"to": [10.9, 8.25, 6.275],
			"rotation": {"angle": -45, "axis": "x", "origin": [10.85, 9.5, 5.025]},
			"faces": {
				"north": {"uv": [5.1, 7.75, 5.15, 8.25], "texture": "#2"},
				"east": {"uv": [9.725, 7.75, 9.975, 8.25], "texture": "#2"},
				"south": {"uv": [10.85, 7.75, 10.9, 8.25], "texture": "#2"},
				"west": {"uv": [6.025, 7.75, 6.275, 8.25], "texture": "#2"}
			}
		},
		{
			"from": [10.85, 8.5, 6.025],
			"to": [10.9, 9, 6.275],
			"rotation": {"angle": -45, "axis": "x", "origin": [10.85, 9.5, 5.025]},
			"faces": {
				"north": {"uv": [5.1, 7, 5.15, 7.5], "texture": "#2"},
				"east": {"uv": [9.725, 7, 9.975, 7.5], "texture": "#2"},
				"south": {"uv": [10.85, 7, 10.9, 7.5], "texture": "#2"},
				"west": {"uv": [6.025, 7, 6.275, 7.5], "texture": "#2"}
			}
		},
		{
			"from": [10.85, 9.25, 6.025],
			"to": [10.9, 9.75, 6.275],
			"rotation": {"angle": -45, "axis": "x", "origin": [10.85, 9.5, 5.025]},
			"faces": {
				"north": {"uv": [5.1, 6.25, 5.15, 6.75], "texture": "#2"},
				"east": {"uv": [9.725, 6.25, 9.975, 6.75], "texture": "#2"},
				"south": {"uv": [10.85, 6.25, 10.9, 6.75], "texture": "#2"},
				"west": {"uv": [6.025, 6.25, 6.275, 6.75], "texture": "#2"}
			}
		},
		{
			"from": [10.85, 10, 6.025],
			"to": [10.9, 10.5, 6.275],
			"rotation": {"angle": -45, "axis": "x", "origin": [10.85, 9.5, 5.025]},
			"faces": {
				"north": {"uv": [5.1, 5.5, 5.15, 6], "texture": "#2"},
				"east": {"uv": [9.725, 5.5, 9.975, 6], "texture": "#2"},
				"south": {"uv": [10.85, 5.5, 10.9, 6], "texture": "#2"},
				"west": {"uv": [6.025, 5.5, 6.275, 6], "texture": "#2"}
			}
		},
		{
			"from": [10.85, 10.75, 6.025],
			"to": [10.9, 11.25, 6.275],
			"rotation": {"angle": -45, "axis": "x", "origin": [10.85, 9.5, 5.025]},
			"faces": {
				"north": {"uv": [5.1, 4.75, 5.15, 5.25], "texture": "#2"},
				"east": {"uv": [9.725, 4.75, 9.975, 5.25], "texture": "#2"},
				"south": {"uv": [10.85, 4.75, 10.9, 5.25], "texture": "#2"},
				"west": {"uv": [6.025, 4.75, 6.275, 5.25], "texture": "#2"}
			}
		},
		{
			"from": [10.85, 9.75, 2.375],
			"to": [10.9, 10, 7.675],
			"rotation": {"angle": -45, "axis": "x", "origin": [10.85, 9.5, 5.025]},
			"faces": {
				"east": {"uv": [8.325, 6, 13.625, 6.25], "rotation": 180, "texture": "#2"},
				"west": {"uv": [2.375, 6, 7.675, 6.25], "rotation": 90, "texture": "#2"},
				"up": {"uv": [10.85, 2.375, 10.9, 7.675], "rotation": 180, "texture": "#2"},
				"down": {"uv": [10.85, 8.325, 10.9, 13.625], "texture": "#2"}
			}
		},
		{
			"from": [10.85, 7.75, 4.525],
			"to": [10.9, 8.25, 4.775],
			"rotation": {"angle": -45, "axis": "x", "origin": [10.85, 9.5, 5.025]},
			"faces": {
				"north": {"uv": [5.1, 7.75, 5.15, 8.25], "texture": "#2"},
				"east": {"uv": [11.225, 7.75, 11.475, 8.25], "texture": "#2"},
				"south": {"uv": [10.85, 7.75, 10.9, 8.25], "texture": "#2"},
				"west": {"uv": [4.525, 7.75, 4.775, 8.25], "texture": "#2"}
			}
		},
		{
			"from": [10.85, 7, 4.525],
			"to": [10.9, 7.5, 4.775],
			"rotation": {"angle": -45, "axis": "x", "origin": [10.85, 9.5, 5.025]},
			"faces": {
				"north": {"uv": [5.1, 8.5, 5.15, 9], "texture": "#2"},
				"east": {"uv": [11.225, 8.5, 11.475, 9], "texture": "#2"},
				"south": {"uv": [10.85, 8.5, 10.9, 9], "texture": "#2"},
				"west": {"uv": [4.525, 8.5, 4.775, 9], "texture": "#2"}
			}
		},
		{
			"from": [10.85, 11.5, 4.525],
			"to": [10.9, 12, 4.775],
			"rotation": {"angle": -45, "axis": "x", "origin": [10.85, 9.5, 5.025]},
			"faces": {
				"north": {"uv": [5.1, 4, 5.15, 4.5], "texture": "#2"},
				"east": {"uv": [11.225, 4, 11.475, 4.5], "texture": "#2"},
				"south": {"uv": [10.85, 4, 10.9, 4.5], "texture": "#2"},
				"west": {"uv": [4.525, 4, 4.775, 4.5], "texture": "#2"}
			}
		},
		{
			"from": [10.85, 8.5, 4.525],
			"to": [10.9, 9, 4.775],
			"rotation": {"angle": -45, "axis": "x", "origin": [10.85, 9.5, 5.025]},
			"faces": {
				"north": {"uv": [5.1, 7, 5.15, 7.5], "texture": "#2"},
				"east": {"uv": [11.225, 7, 11.475, 7.5], "texture": "#2"},
				"south": {"uv": [10.85, 7, 10.9, 7.5], "texture": "#2"},
				"west": {"uv": [4.525, 7, 4.775, 7.5], "texture": "#2"}
			}
		},
		{
			"from": [10.85, 9.25, 4.525],
			"to": [10.9, 9.75, 4.775],
			"rotation": {"angle": -45, "axis": "x", "origin": [10.85, 9.5, 5.025]},
			"faces": {
				"north": {"uv": [5.1, 6.25, 5.15, 6.75], "texture": "#2"},
				"east": {"uv": [11.225, 6.25, 11.475, 6.75], "texture": "#2"},
				"south": {"uv": [10.85, 6.25, 10.9, 6.75], "texture": "#2"},
				"west": {"uv": [4.525, 6.25, 4.775, 6.75], "texture": "#2"}
			}
		},
		{
			"from": [10.85, 10, 4.525],
			"to": [10.9, 10.5, 4.775],
			"rotation": {"angle": -45, "axis": "x", "origin": [10.85, 9.5, 5.025]},
			"faces": {
				"north": {"uv": [5.1, 5.5, 5.15, 6], "texture": "#2"},
				"east": {"uv": [11.225, 5.5, 11.475, 6], "texture": "#2"},
				"south": {"uv": [10.85, 5.5, 10.9, 6], "texture": "#2"},
				"west": {"uv": [4.525, 5.5, 4.775, 6], "texture": "#2"}
			}
		},
		{
			"from": [10.85, 10.75, 4.525],
			"to": [10.9, 11.25, 4.775],
			"rotation": {"angle": -45, "axis": "x", "origin": [10.85, 9.5, 5.025]},
			"faces": {
				"north": {"uv": [5.1, 4.75, 5.15, 5.25], "texture": "#2"},
				"east": {"uv": [11.225, 4.75, 11.475, 5.25], "texture": "#2"},
				"south": {"uv": [10.85, 4.75, 10.9, 5.25], "texture": "#2"},
				"west": {"uv": [4.525, 4.75, 4.775, 5.25], "texture": "#2"}
			}
		},
		{
			"from": [10.85, 11.25, 3.875],
			"to": [10.9, 11.5, 6.175],
			"rotation": {"angle": -45, "axis": "x", "origin": [10.85, 9.5, 5.025]},
			"faces": {
				"east": {"uv": [9.825, 4.5, 12.125, 4.75], "rotation": 180, "texture": "#2"},
				"west": {"uv": [3.875, 4.5, 6.175, 4.75], "rotation": 90, "texture": "#2"},
				"up": {"uv": [10.85, 3.875, 10.9, 6.175], "rotation": 180, "texture": "#2"},
				"down": {"uv": [10.85, 9.825, 10.9, 12.125], "texture": "#2"}
			}
		},
		{
			"from": [10.85, 12, 4.625],
			"to": [10.9, 12.25, 5.425],
			"rotation": {"angle": -45, "axis": "x", "origin": [10.85, 9.5, 5.025]},
			"faces": {
				"east": {"uv": [10.575, 3.75, 11.375, 4], "rotation": 180, "texture": "#2"},
				"west": {"uv": [4.625, 3.75, 5.425, 4], "rotation": 90, "texture": "#2"},
				"up": {"uv": [10.85, 4.625, 10.9, 5.425], "rotation": 180, "texture": "#2"},
				"down": {"uv": [10.85, 10.575, 10.9, 11.375], "texture": "#2"}
			}
		},
		{
			"from": [10.85, 8.5, 3.025],
			"to": [10.9, 9, 3.275],
			"rotation": {"angle": -45, "axis": "x", "origin": [10.85, 9.5, 5.025]},
			"faces": {
				"north": {"uv": [5.1, 7, 5.15, 7.5], "texture": "#2"},
				"east": {"uv": [12.725, 7, 12.975, 7.5], "texture": "#2"},
				"south": {"uv": [10.85, 7, 10.9, 7.5], "texture": "#2"},
				"west": {"uv": [3.025, 7, 3.275, 7.5], "texture": "#2"}
			}
		},
		{
			"from": [10.85, 9.25, 3.025],
			"to": [10.9, 9.75, 3.275],
			"rotation": {"angle": -45, "axis": "x", "origin": [10.85, 9.5, 5.025]},
			"faces": {
				"north": {"uv": [5.1, 6.25, 5.15, 6.75], "texture": "#2"},
				"east": {"uv": [12.725, 6.25, 12.975, 6.75], "texture": "#2"},
				"south": {"uv": [10.85, 6.25, 10.9, 6.75], "texture": "#2"},
				"west": {"uv": [3.025, 6.25, 3.275, 6.75], "texture": "#2"}
			}
		},
		{
			"from": [10.85, 9.25, 2.275],
			"to": [10.9, 9.75, 2.525],
			"rotation": {"angle": -45, "axis": "x", "origin": [10.85, 9.5, 5.025]},
			"faces": {
				"north": {"uv": [5.1, 6.25, 5.15, 6.75], "texture": "#2"},
				"east": {"uv": [13.475, 6.25, 13.725, 6.75], "texture": "#2"},
				"south": {"uv": [10.85, 6.25, 10.9, 6.75], "texture": "#2"},
				"west": {"uv": [2.275, 6.25, 2.525, 6.75], "texture": "#2"}
			}
		},
		{
			"from": [10.85, 9.25, 7.525],
			"to": [10.9, 9.75, 7.775],
			"rotation": {"angle": -45, "axis": "x", "origin": [10.85, 9.5, 5.025]},
			"faces": {
				"north": {"uv": [5.1, 6.25, 5.15, 6.75], "texture": "#2"},
				"east": {"uv": [8.225, 6.25, 8.475, 6.75], "texture": "#2"},
				"south": {"uv": [10.85, 6.25, 10.9, 6.75], "texture": "#2"},
				"west": {"uv": [7.525, 6.25, 7.775, 6.75], "texture": "#2"}
			}
		},
		{
			"from": [10.85, 10, 3.025],
			"to": [10.9, 10.5, 3.275],
			"rotation": {"angle": -45, "axis": "x", "origin": [10.85, 9.5, 5.025]},
			"faces": {
				"north": {"uv": [5.1, 5.5, 5.15, 6], "texture": "#2"},
				"east": {"uv": [12.725, 5.5, 12.975, 6], "texture": "#2"},
				"south": {"uv": [10.85, 5.5, 10.9, 6], "texture": "#2"},
				"west": {"uv": [3.025, 5.5, 3.275, 6], "texture": "#2"}
			}
		},
		{
			"from": [10.75, 11.5, 3],
			"to": [11.05, 11.75, 7],
			"rotation": {"angle": 0, "axis": "y", "origin": [10.75, 9.5, 5]},
			"faces": {
				"north": {"uv": [12.778, 5.778, 12.89, 5.888], "texture": "#0"},
				"east": {"uv": [11.222, 5.777, 12.779, 5.888], "texture": "#0"},
				"south": {"uv": [12.778, 5.778, 12.89, 5.888], "texture": "#0"},
				"west": {"uv": [11.222, 5.777, 12.779, 5.888], "texture": "#0"},
				"up": {"uv": [11.222, 5.777, 12.779, 5.888], "rotation": 90, "texture": "#0"},
				"down": {"uv": [11.222, 5.777, 12.779, 5.888], "texture": "#0"}
			}
		},
		{
			"from": [10.75, 7.25, 2.75],
			"to": [11.05, 11.75, 3],
			"rotation": {"angle": 0, "axis": "y", "origin": [10.75, 9.5, 5]},
			"faces": {
				"north": {"uv": [12.778, 5.779, 12.89, 7.555], "texture": "#0"},
				"east": {"uv": [12.778, 5.779, 12.89, 7.555], "texture": "#0"},
				"south": {"uv": [12.778, 5.779, 12.89, 7.555], "texture": "#0"},
				"west": {"uv": [12.778, 5.779, 12.89, 7.555], "texture": "#0"},
				"up": {"uv": [12.778, 7.445, 12.89, 7.555], "texture": "#0"},
				"down": {"uv": [12.778, 7.445, 12.89, 7.555], "texture": "#0"}
			}
		},
		{
			"from": [10.75, 7.25, 3],
			"to": [11.05, 7.5, 7],
			"rotation": {"angle": 0, "axis": "y", "origin": [10.75, 9.5, 5]},
			"faces": {
				"north": {"uv": [11.222, 7.445, 11.334, 7.556], "texture": "#0"},
				"east": {"uv": [11.222, 7.445, 12.779, 7.556], "texture": "#0"},
				"south": {"uv": [11.222, 7.445, 11.334, 7.556], "texture": "#0"},
				"west": {"uv": [11.222, 7.445, 12.779, 7.556], "texture": "#0"},
				"up": {"uv": [11.222, 7.445, 12.779, 7.556], "rotation": 90, "texture": "#0"},
				"down": {"uv": [11.222, 7.445, 12.779, 7.556], "texture": "#0"}
			}
		},
		{
			"from": [10.75, 7.25, 7],
			"to": [11.05, 11.75, 7.25],
			"rotation": {"angle": 0, "axis": "y", "origin": [10.75, 9.5, 5]},
			"faces": {
				"north": {"uv": [11.111, 5.778, 11.223, 7.554], "texture": "#0"},
				"east": {"uv": [11.111, 5.778, 11.223, 7.554], "texture": "#0"},
				"south": {"uv": [11.111, 5.778, 11.223, 7.554], "texture": "#0"},
				"west": {"uv": [11.111, 5.778, 11.223, 7.554], "texture": "#0"},
				"up": {"uv": [11.111, 7.443, 11.223, 7.554], "texture": "#0"},
				"down": {"uv": [11.111, 7.443, 11.223, 7.554], "texture": "#0"}
			}
		},
		{
			"name": "texture",
			"from": [10.75, 7.5, 3],
			"to": [10.75, 11.5, 7],
			"rotation": {"angle": 0, "axis": "y", "origin": [10.75, 9.25, 5]},
			"faces": {
				"east": {"uv": [0, 0, 16, 16], "texture": "#3"}
			}
		},
		{
			"from": [10.85, 2, 3.875],
			"to": [10.9, 2.25, 6.175],
			"rotation": {"angle": -45, "axis": "x", "origin": [10.85, 4, 5.025]},
			"faces": {
				"east": {"uv": [9.825, 13.75, 12.125, 14], "rotation": 180, "texture": "#2"},
				"west": {"uv": [3.875, 13.75, 4.125, 16.05], "rotation": 90, "texture": "#2"},
				"up": {"uv": [10.75, 3.875, 11, 6.175], "rotation": 180, "texture": "#2"},
				"down": {"uv": [10.75, 9.825, 11, 12.125], "texture": "#2"}
			}
		},
		{
			"from": [10.85, 1.25, 4.525],
			"to": [10.9, 1.5, 5.425],
			"rotation": {"angle": -45, "axis": "x", "origin": [10.85, 4, 5.025]},
			"faces": {
				"east": {"uv": [10.575, 14.5, 11.475, 14.75], "rotation": 180, "texture": "#2"},
				"west": {"uv": [4.525, 14.5, 4.775, 15.4], "rotation": 90, "texture": "#2"},
				"up": {"uv": [10.75, 4.525, 11, 5.425], "rotation": 180, "texture": "#2"},
				"down": {"uv": [10.75, 10.575, 11, 11.475], "texture": "#2"}
			}
		},
		{
			"from": [10.85, 3, 6.775],
			"to": [10.9, 3.5, 7.025],
			"rotation": {"angle": -45, "axis": "x", "origin": [10.85, 4, 5.025]},
			"faces": {
				"north": {"uv": [5, 12.5, 5.25, 13], "texture": "#2"},
				"east": {"uv": [8.975, 12.5, 9.225, 13], "texture": "#2"},
				"south": {"uv": [10.75, 12.5, 11, 13], "texture": "#2"},
				"west": {"uv": [6.775, 12.5, 7.025, 13], "texture": "#2"}
			}
		},
		{
			"from": [10.85, 3.75, 6.775],
			"to": [10.9, 4.25, 7.025],
			"rotation": {"angle": -45, "axis": "x", "origin": [10.85, 4, 5.025]},
			"faces": {
				"north": {"uv": [5, 11.75, 5.25, 12.25], "texture": "#2"},
				"east": {"uv": [8.975, 11.75, 9.225, 12.25], "texture": "#2"},
				"south": {"uv": [10.75, 11.75, 11, 12.25], "texture": "#2"},
				"west": {"uv": [6.775, 11.75, 7.025, 12.25], "texture": "#2"}
			}
		},
		{
			"from": [10.85, 4.5, 6.775],
			"to": [10.9, 5, 7.025],
			"rotation": {"angle": -45, "axis": "x", "origin": [10.85, 4, 5.025]},
			"faces": {
				"north": {"uv": [5, 11, 5.25, 11.5], "texture": "#2"},
				"east": {"uv": [8.975, 11, 9.225, 11.5], "texture": "#2"},
				"south": {"uv": [10.75, 11, 11, 11.5], "texture": "#2"},
				"west": {"uv": [6.775, 11, 7.025, 11.5], "texture": "#2"}
			}
		},
		{
			"from": [10.85, 3.5, 2.375],
			"to": [10.9, 3.75, 7.675],
			"rotation": {"angle": -45, "axis": "x", "origin": [10.85, 4, 5.025]},
			"faces": {
				"east": {"uv": [8.325, 12.25, 13.625, 12.5], "rotation": 180, "texture": "#2"},
				"west": {"uv": [2.375, 12.25, 2.625, 17.55], "rotation": 90, "texture": "#2"},
				"up": {"uv": [10.75, 2.375, 11, 7.675], "rotation": 180, "texture": "#2"},
				"down": {"uv": [10.75, 8.325, 11, 13.625], "texture": "#2"}
			}
		},
		{
			"from": [10.85, 2.25, 5.275],
			"to": [10.9, 2.75, 5.525],
			"rotation": {"angle": -45, "axis": "x", "origin": [10.85, 4, 5.025]},
			"faces": {
				"north": {"uv": [5, 13.25, 5.25, 13.75], "texture": "#2"},
				"east": {"uv": [10.475, 13.25, 10.725, 13.75], "texture": "#2"},
				"south": {"uv": [10.75, 13.25, 11, 13.75], "texture": "#2"},
				"west": {"uv": [5.275, 13.25, 5.525, 13.75], "texture": "#2"}
			}
		},
		{
			"from": [10.85, 1.5, 5.275],
			"to": [10.9, 2, 5.525],
			"rotation": {"angle": -45, "axis": "x", "origin": [10.85, 4, 5.025]},
			"faces": {
				"north": {"uv": [5, 14, 5.25, 14.5], "texture": "#2"},
				"east": {"uv": [10.475, 14, 10.725, 14.5], "texture": "#2"},
				"south": {"uv": [10.75, 14, 11, 14.5], "texture": "#2"},
				"west": {"uv": [5.275, 14, 5.525, 14.5], "texture": "#2"}
			}
		},
		{
			"from": [10.85, 6, 5.275],
			"to": [10.9, 6.5, 5.525],
			"rotation": {"angle": -45, "axis": "x", "origin": [10.85, 4, 5.025]},
			"faces": {
				"north": {"uv": [5, 9.5, 5.25, 10], "texture": "#2"},
				"east": {"uv": [10.475, 9.5, 10.725, 10], "texture": "#2"},
				"south": {"uv": [10.75, 9.5, 11, 10], "texture": "#2"},
				"west": {"uv": [5.275, 9.5, 5.525, 10], "texture": "#2"}
			}
		},
		{
			"from": [10.85, 3, 5.275],
			"to": [10.9, 3.5, 5.525],
			"rotation": {"angle": -45, "axis": "x", "origin": [10.85, 4, 5.025]},
			"faces": {
				"north": {"uv": [5, 12.5, 5.25, 13], "texture": "#2"},
				"east": {"uv": [10.475, 12.5, 10.725, 13], "texture": "#2"},
				"south": {"uv": [10.75, 12.5, 11, 13], "texture": "#2"},
				"west": {"uv": [5.275, 12.5, 5.525, 13], "texture": "#2"}
			}
		},
		{
			"from": [10.85, 3.75, 5.275],
			"to": [10.9, 4.25, 5.525],
			"rotation": {"angle": -45, "axis": "x", "origin": [10.85, 4, 5.025]},
			"faces": {
				"north": {"uv": [5, 11.75, 5.25, 12.25], "texture": "#2"},
				"east": {"uv": [10.475, 11.75, 10.725, 12.25], "texture": "#2"},
				"south": {"uv": [10.75, 11.75, 11, 12.25], "texture": "#2"},
				"west": {"uv": [5.275, 11.75, 5.525, 12.25], "texture": "#2"}
			}
		},
		{
			"from": [10.85, 4.5, 5.275],
			"to": [10.9, 5, 5.525],
			"rotation": {"angle": -45, "axis": "x", "origin": [10.85, 4, 5.025]},
			"faces": {
				"north": {"uv": [5, 11, 5.25, 11.5], "texture": "#2"},
				"east": {"uv": [10.475, 11, 10.725, 11.5], "texture": "#2"},
				"south": {"uv": [10.75, 11, 11, 11.5], "texture": "#2"},
				"west": {"uv": [5.275, 11, 5.525, 11.5], "texture": "#2"}
			}
		},
		{
			"from": [10.85, 5.25, 5.275],
			"to": [10.9, 5.75, 5.525],
			"rotation": {"angle": -45, "axis": "x", "origin": [10.85, 4, 5.025]},
			"faces": {
				"north": {"uv": [5, 10.25, 5.25, 10.75], "texture": "#2"},
				"east": {"uv": [10.475, 10.25, 10.725, 10.75], "texture": "#2"},
				"south": {"uv": [10.75, 10.25, 11, 10.75], "texture": "#2"},
				"west": {"uv": [5.275, 10.25, 5.525, 10.75], "texture": "#2"}
			}
		},
		{
			"from": [10.85, 5, 3.025],
			"to": [10.9, 5.25, 6.925],
			"rotation": {"angle": -45, "axis": "x", "origin": [10.85, 4, 5.025]},
			"faces": {
				"east": {"uv": [9.075, 10.75, 12.975, 11], "rotation": 180, "texture": "#2"},
				"west": {"uv": [3.025, 10.75, 3.275, 14.65], "rotation": 90, "texture": "#2"},
				"up": {"uv": [10.75, 3.025, 11, 6.925], "rotation": 180, "texture": "#2"},
				"down": {"uv": [10.75, 9.075, 11, 12.975], "texture": "#2"}
			}
		},
		{
			"from": [10.85, 2.25, 3.775],
			"to": [10.9, 2.75, 4.025],
			"rotation": {"angle": -45, "axis": "x", "origin": [10.85, 4, 5.025]},
			"faces": {
				"north": {"uv": [5, 13.25, 5.25, 13.75], "texture": "#2"},
				"east": {"uv": [11.975, 13.25, 12.225, 13.75], "texture": "#2"},
				"south": {"uv": [10.75, 13.25, 11, 13.75], "texture": "#2"},
				"west": {"uv": [3.775, 13.25, 4.025, 13.75], "texture": "#2"}
			}
		},
		{
			"from": [10.85, 3, 3.775],
			"to": [10.9, 3.5, 4.025],
			"rotation": {"angle": -45, "axis": "x", "origin": [10.85, 4, 5.025]},
			"faces": {
				"north": {"uv": [5, 12.5, 5.25, 13], "texture": "#2"},
				"east": {"uv": [11.975, 12.5, 12.225, 13], "texture": "#2"},
				"south": {"uv": [10.75, 12.5, 11, 13], "texture": "#2"},
				"west": {"uv": [3.775, 12.5, 4.025, 13], "texture": "#2"}
			}
		},
		{
			"from": [10.85, 3.75, 3.775],
			"to": [10.9, 4.25, 4.025],
			"rotation": {"angle": -45, "axis": "x", "origin": [10.85, 4, 5.025]},
			"faces": {
				"north": {"uv": [5, 11.75, 5.25, 12.25], "texture": "#2"},
				"east": {"uv": [11.975, 11.75, 12.225, 12.25], "texture": "#2"},
				"south": {"uv": [10.75, 11.75, 11, 12.25], "texture": "#2"},
				"west": {"uv": [3.775, 11.75, 4.025, 12.25], "texture": "#2"}
			}
		},
		{
			"from": [10.85, 4.5, 3.775],
			"to": [10.9, 5, 4.025],
			"rotation": {"angle": -45, "axis": "x", "origin": [10.85, 4, 5.025]},
			"faces": {
				"north": {"uv": [5, 11, 5.25, 11.5], "texture": "#2"},
				"east": {"uv": [11.975, 11, 12.225, 11.5], "texture": "#2"},
				"south": {"uv": [10.75, 11, 11, 11.5], "texture": "#2"},
				"west": {"uv": [3.775, 11, 4.025, 11.5], "texture": "#2"}
			}
		},
		{
			"from": [10.85, 5.25, 3.775],
			"to": [10.9, 5.75, 4.025],
			"rotation": {"angle": -45, "axis": "x", "origin": [10.85, 4, 5.025]},
			"faces": {
				"north": {"uv": [5, 10.25, 5.25, 10.75], "texture": "#2"},
				"east": {"uv": [11.975, 10.25, 12.225, 10.75], "texture": "#2"},
				"south": {"uv": [10.75, 10.25, 11, 10.75], "texture": "#2"},
				"west": {"uv": [3.775, 10.25, 4.025, 10.75], "texture": "#2"}
			}
		},
		{
			"from": [10.85, 2.75, 3.125],
			"to": [10.9, 3, 6.925],
			"rotation": {"angle": -45, "axis": "x", "origin": [10.85, 4, 5.025]},
			"faces": {
				"east": {"uv": [9.075, 13, 12.875, 13.25], "rotation": 180, "texture": "#2"},
				"west": {"uv": [3.125, 13, 3.375, 16.8], "rotation": 90, "texture": "#2"},
				"up": {"uv": [10.75, 3.125, 11, 6.925], "rotation": 180, "texture": "#2"},
				"down": {"uv": [10.75, 9.075, 11, 12.875], "texture": "#2"}
			}
		},
		{
			"from": [10.85, 2.25, 6.025],
			"to": [10.9, 2.75, 6.275],
			"rotation": {"angle": -45, "axis": "x", "origin": [10.85, 4, 5.025]},
			"faces": {
				"north": {"uv": [5, 13.25, 5.25, 13.75], "texture": "#2"},
				"east": {"uv": [9.725, 13.25, 9.975, 13.75], "texture": "#2"},
				"south": {"uv": [10.75, 13.25, 11, 13.75], "texture": "#2"},
				"west": {"uv": [6.025, 13.25, 6.275, 13.75], "texture": "#2"}
			}
		},
		{
			"from": [10.85, 3, 6.025],
			"to": [10.9, 3.5, 6.275],
			"rotation": {"angle": -45, "axis": "x", "origin": [10.85, 4, 5.025]},
			"faces": {
				"north": {"uv": [5, 12.5, 5.25, 13], "texture": "#2"},
				"east": {"uv": [9.725, 12.5, 9.975, 13], "texture": "#2"},
				"south": {"uv": [10.75, 12.5, 11, 13], "texture": "#2"},
				"west": {"uv": [6.025, 12.5, 6.275, 13], "texture": "#2"}
			}
		},
		{
			"from": [10.85, 3.75, 6.025],
			"to": [10.9, 4.25, 6.275],
			"rotation": {"angle": -45, "axis": "x", "origin": [10.85, 4, 5.025]},
			"faces": {
				"north": {"uv": [5, 11.75, 5.25, 12.25], "texture": "#2"},
				"east": {"uv": [9.725, 11.75, 9.975, 12.25], "texture": "#2"},
				"south": {"uv": [10.75, 11.75, 11, 12.25], "texture": "#2"},
				"west": {"uv": [6.025, 11.75, 6.275, 12.25], "texture": "#2"}
			}
		},
		{
			"from": [10.85, 4.5, 6.025],
			"to": [10.9, 5, 6.275],
			"rotation": {"angle": -45, "axis": "x", "origin": [10.85, 4, 5.025]},
			"faces": {
				"north": {"uv": [5, 11, 5.25, 11.5], "texture": "#2"},
				"east": {"uv": [9.725, 11, 9.975, 11.5], "texture": "#2"},
				"south": {"uv": [10.75, 11, 11, 11.5], "texture": "#2"},
				"west": {"uv": [6.025, 11, 6.275, 11.5], "texture": "#2"}
			}
		},
		{
			"from": [10.85, 5.25, 6.025],
			"to": [10.9, 5.75, 6.275],
			"rotation": {"angle": -45, "axis": "x", "origin": [10.85, 4, 5.025]},
			"faces": {
				"north": {"uv": [5, 10.25, 5.25, 10.75], "texture": "#2"},
				"east": {"uv": [9.725, 10.25, 9.975, 10.75], "texture": "#2"},
				"south": {"uv": [10.75, 10.25, 11, 10.75], "texture": "#2"},
				"west": {"uv": [6.025, 10.25, 6.275, 10.75], "texture": "#2"}
			}
		},
		{
			"from": [10.85, 4.25, 2.375],
			"to": [10.9, 4.5, 7.675],
			"rotation": {"angle": -45, "axis": "x", "origin": [10.85, 4, 5.025]},
			"faces": {
				"east": {"uv": [8.325, 11.5, 13.625, 11.75], "rotation": 180, "texture": "#2"},
				"west": {"uv": [2.375, 11.5, 2.625, 16.8], "rotation": 90, "texture": "#2"},
				"up": {"uv": [10.75, 2.375, 11, 7.675], "rotation": 180, "texture": "#2"},
				"down": {"uv": [10.75, 8.325, 11, 13.625], "texture": "#2"}
			}
		},
		{
			"from": [10.85, 2.25, 4.525],
			"to": [10.9, 2.75, 4.775],
			"rotation": {"angle": -45, "axis": "x", "origin": [10.85, 4, 5.025]},
			"faces": {
				"north": {"uv": [5, 13.25, 5.25, 13.75], "texture": "#2"},
				"east": {"uv": [11.225, 13.25, 11.475, 13.75], "texture": "#2"},
				"south": {"uv": [10.75, 13.25, 11, 13.75], "texture": "#2"},
				"west": {"uv": [4.525, 13.25, 4.775, 13.75], "texture": "#2"}
			}
		},
		{
			"from": [10.85, 1.5, 4.525],
			"to": [10.9, 2, 4.775],
			"rotation": {"angle": -45, "axis": "x", "origin": [10.85, 4, 5.025]},
			"faces": {
				"north": {"uv": [5, 14, 5.25, 14.5], "texture": "#2"},
				"east": {"uv": [11.225, 14, 11.475, 14.5], "texture": "#2"},
				"south": {"uv": [10.75, 14, 11, 14.5], "texture": "#2"},
				"west": {"uv": [4.525, 14, 4.775, 14.5], "texture": "#2"}
			}
		},
		{
			"from": [10.85, 6, 4.525],
			"to": [10.9, 6.5, 4.775],
			"rotation": {"angle": -45, "axis": "x", "origin": [10.85, 4, 5.025]},
			"faces": {
				"north": {"uv": [5, 9.5, 5.25, 10], "texture": "#2"},
				"east": {"uv": [11.225, 9.5, 11.475, 10], "texture": "#2"},
				"south": {"uv": [10.75, 9.5, 11, 10], "texture": "#2"},
				"west": {"uv": [4.525, 9.5, 4.775, 10], "texture": "#2"}
			}
		},
		{
			"from": [10.85, 3, 4.525],
			"to": [10.9, 3.5, 4.775],
			"rotation": {"angle": -45, "axis": "x", "origin": [10.85, 4, 5.025]},
			"faces": {
				"north": {"uv": [5, 12.5, 5.25, 13], "texture": "#2"},
				"east": {"uv": [11.225, 12.5, 11.475, 13], "texture": "#2"},
				"south": {"uv": [10.75, 12.5, 11, 13], "texture": "#2"},
				"west": {"uv": [4.525, 12.5, 4.775, 13], "texture": "#2"}
			}
		},
		{
			"from": [10.85, 3.75, 4.525],
			"to": [10.9, 4.25, 4.775],
			"rotation": {"angle": -45, "axis": "x", "origin": [10.85, 4, 5.025]},
			"faces": {
				"north": {"uv": [5, 11.75, 5.25, 12.25], "texture": "#2"},
				"east": {"uv": [11.225, 11.75, 11.475, 12.25], "texture": "#2"},
				"south": {"uv": [10.75, 11.75, 11, 12.25], "texture": "#2"},
				"west": {"uv": [4.525, 11.75, 4.775, 12.25], "texture": "#2"}
			}
		},
		{
			"from": [10.85, 4.5, 4.525],
			"to": [10.9, 5, 4.775],
			"rotation": {"angle": -45, "axis": "x", "origin": [10.85, 4, 5.025]},
			"faces": {
				"north": {"uv": [5, 11, 5.25, 11.5], "texture": "#2"},
				"east": {"uv": [11.225, 11, 11.475, 11.5], "texture": "#2"},
				"south": {"uv": [10.75, 11, 11, 11.5], "texture": "#2"},
				"west": {"uv": [4.525, 11, 4.775, 11.5], "texture": "#2"}
			}
		},
		{
			"from": [10.85, 5.25, 4.525],
			"to": [10.9, 5.75, 4.775],
			"rotation": {"angle": -45, "axis": "x", "origin": [10.85, 4, 5.025]},
			"faces": {
				"north": {"uv": [5, 10.25, 5.25, 10.75], "texture": "#2"},
				"east": {"uv": [11.225, 10.25, 11.475, 10.75], "texture": "#2"},
				"south": {"uv": [10.75, 10.25, 11, 10.75], "texture": "#2"},
				"west": {"uv": [4.525, 10.25, 4.775, 10.75], "texture": "#2"}
			}
		},
		{
			"from": [10.85, 5.75, 3.875],
			"to": [10.9, 6, 6.175],
			"rotation": {"angle": -45, "axis": "x", "origin": [10.85, 4, 5.025]},
			"faces": {
				"east": {"uv": [9.825, 10, 12.125, 10.25], "rotation": 180, "texture": "#2"},
				"west": {"uv": [3.875, 10, 4.125, 12.3], "rotation": 90, "texture": "#2"},
				"up": {"uv": [10.75, 3.875, 11, 6.175], "rotation": 180, "texture": "#2"},
				"down": {"uv": [10.75, 9.825, 11, 12.125], "texture": "#2"}
			}
		},
		{
			"from": [10.85, 6.5, 4.625],
			"to": [10.9, 6.75, 5.425],
			"rotation": {"angle": -45, "axis": "x", "origin": [10.85, 4, 5.025]},
			"faces": {
				"east": {"uv": [10.575, 9.25, 11.375, 9.5], "rotation": 180, "texture": "#2"},
				"west": {"uv": [4.625, 9.25, 4.875, 10.05], "rotation": 90, "texture": "#2"},
				"up": {"uv": [10.75, 4.625, 11, 5.425], "rotation": 180, "texture": "#2"},
				"down": {"uv": [10.75, 10.575, 11, 11.375], "texture": "#2"}
			}
		},
		{
			"from": [10.85, 3, 3.025],
			"to": [10.9, 3.5, 3.275],
			"rotation": {"angle": -45, "axis": "x", "origin": [10.85, 4, 5.025]},
			"faces": {
				"north": {"uv": [5, 12.5, 5.25, 13], "texture": "#2"},
				"east": {"uv": [12.725, 12.5, 12.975, 13], "texture": "#2"},
				"south": {"uv": [10.75, 12.5, 11, 13], "texture": "#2"},
				"west": {"uv": [3.025, 12.5, 3.275, 13], "texture": "#2"}
			}
		},
		{
			"from": [10.85, 3.75, 3.025],
			"to": [10.9, 4.25, 3.275],
			"rotation": {"angle": -45, "axis": "x", "origin": [10.85, 4, 5.025]},
			"faces": {
				"north": {"uv": [5, 11.75, 5.25, 12.25], "texture": "#2"},
				"east": {"uv": [12.725, 11.75, 12.975, 12.25], "texture": "#2"},
				"south": {"uv": [10.75, 11.75, 11, 12.25], "texture": "#2"},
				"west": {"uv": [3.025, 11.75, 3.275, 12.25], "texture": "#2"}
			}
		},
		{
			"from": [10.85, 3.75, 2.275],
			"to": [10.9, 4.25, 2.525],
			"rotation": {"angle": -45, "axis": "x", "origin": [10.85, 4, 5.025]},
			"faces": {
				"north": {"uv": [5, 11.75, 5.25, 12.25], "texture": "#2"},
				"east": {"uv": [13.475, 11.75, 13.725, 12.25], "texture": "#2"},
				"south": {"uv": [10.75, 11.75, 11, 12.25], "texture": "#2"},
				"west": {"uv": [2.275, 11.75, 2.525, 12.25], "texture": "#2"}
			}
		},
		{
			"from": [10.85, 3.75, 7.525],
			"to": [10.9, 4.25, 7.775],
			"rotation": {"angle": -45, "axis": "x", "origin": [10.85, 4, 5.025]},
			"faces": {
				"north": {"uv": [5, 11.75, 5.25, 12.25], "texture": "#2"},
				"east": {"uv": [8.225, 11.75, 8.475, 12.25], "texture": "#2"},
				"south": {"uv": [10.75, 11.75, 11, 12.25], "texture": "#2"},
				"west": {"uv": [7.525, 11.75, 7.775, 12.25], "texture": "#2"}
			}
		},
		{
			"from": [10.85, 4.5, 3.025],
			"to": [10.9, 5, 3.275],
			"rotation": {"angle": -45, "axis": "x", "origin": [10.85, 4, 5.025]},
			"faces": {
				"north": {"uv": [5, 11, 5.25, 11.5], "texture": "#2"},
				"east": {"uv": [12.725, 11, 12.975, 11.5], "texture": "#2"},
				"south": {"uv": [10.75, 11, 11, 11.5], "texture": "#2"},
				"west": {"uv": [3.025, 11, 3.275, 11.5], "texture": "#2"}
			}
		},
		{
			"from": [10.75, 6, 3],
			"to": [11.05, 6.25, 7],
			"rotation": {"angle": 0, "axis": "y", "origin": [10.75, 4, 5]},
			"faces": {
				"north": {"uv": [11.222, 8, 11.336, 8.111], "texture": "#0"},
				"east": {"uv": [11.222, 8, 12.78, 8.111], "texture": "#0"},
				"south": {"uv": [11.222, 8, 11.336, 8.111], "texture": "#0"},
				"west": {"uv": [11.222, 8, 12.78, 8.111], "texture": "#0"},
				"up": {"uv": [11.222, 8, 12.78, 8.111], "texture": "#0"},
				"down": {"uv": [11.222, 8, 12.78, 8.111], "texture": "#0"}
			}
		},
		{
			"from": [10.75, 1.75, 2.75],
			"to": [11.05, 6.25, 3],
			"rotation": {"angle": 0, "axis": "y", "origin": [10.75, 4, 5]},
			"faces": {
				"north": {"uv": [12.778, 8.001, 12.892, 9.778], "texture": "#0"},
				"east": {"uv": [12.778, 8.001, 12.892, 9.778], "texture": "#0"},
				"south": {"uv": [12.778, 8.001, 12.892, 9.778], "texture": "#0"},
				"west": {"uv": [12.778, 8.001, 12.892, 9.778], "rotation": 90, "texture": "#0"},
				"up": {"uv": [12.778, 8, 12.892, 8.111], "rotation": 90, "texture": "#0"},
				"down": {"uv": [12.778, 9.667, 12.892, 9.778], "rotation": 90, "texture": "#0"}
			}
		},
		{
			"from": [10.75, 1.75, 3],
			"to": [11.05, 2, 7],
			"rotation": {"angle": 0, "axis": "y", "origin": [10.75, 4, 5]},
			"faces": {
				"north": {"uv": [11.222, 9.667, 11.335, 9.778], "texture": "#0"},
				"east": {"uv": [11.222, 9.667, 12.78, 9.778], "texture": "#0"},
				"south": {"uv": [11.222, 9.667, 11.335, 9.778], "texture": "#0"},
				"west": {"uv": [11.222, 9.667, 12.78, 9.778], "texture": "#0"},
				"up": {"uv": [11.222, 9.667, 12.78, 9.778], "rotation": 90, "texture": "#0"},
				"down": {"uv": [11.222, 9.667, 12.78, 9.778], "rotation": 90, "texture": "#0"}
			}
		},
		{
			"from": [10.75, 1.75, 7],
			"to": [11.05, 6.25, 7.25],
			"rotation": {"angle": 0, "axis": "y", "origin": [10.75, 4, 5]},
			"faces": {
				"north": {"uv": [11.111, 8.001, 11.225, 9.778], "texture": "#0"},
				"east": {"uv": [11.111, 8.001, 11.225, 9.778], "texture": "#0"},
				"south": {"uv": [11.111, 8.001, 11.225, 9.778], "texture": "#0"},
				"west": {"uv": [11.111, 8.001, 11.225, 9.778], "rotation": 90, "texture": "#0"},
				"up": {"uv": [11.111, 8.001, 11.225, 8.112], "rotation": 90, "texture": "#0"},
				"down": {"uv": [11.111, 9.667, 11.225, 9.778], "rotation": 90, "texture": "#0"}
			}
		},
		{
			"name": "texture",
			"from": [10.75, 2, 3],
			"to": [10.75, 6, 7],
			"rotation": {"angle": 0, "axis": "y", "origin": [10.75, 3.75, 5]},
			"faces": {
				"east": {"uv": [0, 0, 16, 16], "texture": "#3"}
			}
		},
		{
			"from": [10.75, 0.5, 7.25],
			"to": [11, 12.5, 13.5],
			"rotation": {"angle": 0, "axis": "y", "origin": [13, 8.5, 10]},
			"faces": {
				"east": {"uv": [8.222, 5.333, 11.028, 10.666], "texture": "#0"}
			}
		},
		{
			"from": [10.75, 0.5, 2],
			"to": [11, 12.5, 2.75],
			"rotation": {"angle": 0, "axis": "y", "origin": [13, 8.5, -1.25]},
			"faces": {
				"north": {"uv": [13.556, 5.334, 13.667, 10.668], "texture": "#0"},
				"east": {"uv": [12.889, 5.334, 13.194, 10.667], "texture": "#0"}
			}
		},
		{
			"from": [10.75, 11.75, 2.75],
			"to": [11, 12.5, 7.25],
			"rotation": {"angle": 0, "axis": "y", "origin": [13, 8.5, 3.25]},
			"faces": {
				"east": {"uv": [11.125, 5.334, 12.875, 5.759], "texture": "#0"}
			}
		},
		{
			"from": [10.75, 6.25, 2.75],
			"to": [11, 7.25, 7.25],
			"rotation": {"angle": 0, "axis": "y", "origin": [13, 3.25, 3.25]},
			"faces": {
				"east": {"uv": [11.125, 7.55622, 12.875, 7.98122], "texture": "#0"}
			}
		},
		{
			"from": [10.75, 0.5, 2.75],
			"to": [11, 1.75, 7.25],
			"rotation": {"angle": 0, "axis": "y", "origin": [13, -2.5, 3.25]},
			"faces": {
				"east": {"uv": [11.125, 9.77844, 12.875, 10.64789], "texture": "#0"}
			}
		},
		{
			"name": "texture_top",
			"from": [5, 12.5, 2],
			"to": [11, 12.5, 14],
			"faces": {
				"up": {"uv": [5.334, 0, 8, 5.333], "texture": "#0"}
			}
		},
		{
			"name": "texture_left",
			"from": [5, 0.5, 2],
			"to": [5, 12.5, 14],
			"faces": {
				"west": {"uv": [0, 5.334, 5.334, 10.668], "texture": "#0"}
			}
		},
		{
			"name": "texture_bottom",
			"from": [5, 0.5, 2],
			"to": [11, 0.5, 14],
			"faces": {
				"down": {"uv": [13.778, 7.556, 15.553, 10.662], "texture": "#0"}
			}
		},
		{
			"from": [5.5, 0, 3],
			"to": [6.5, 0.5, 4],
			"rotation": {"angle": 0, "axis": "y", "origin": [13.5, 8, 11]},
			"faces": {
				"north": {"uv": [0.111, 0.111, 0.333, 0.222], "texture": "#0"},
				"east": {"uv": [0.111, 0.111, 0.333, 0.222], "texture": "#0"},
				"south": {"uv": [0.111, 0.111, 0.333, 0.222], "texture": "#0"},
				"west": {"uv": [0.111, 0.111, 0.333, 0.222], "texture": "#0"},
				"down": {"uv": [0.111, 0.111, 0.333, 0.333], "texture": "#0"}
			}
		},
		{
			"from": [5.5, 0, 12],
			"to": [6.5, 0.5, 13],
			"rotation": {"angle": 0, "axis": "y", "origin": [13.5, 8, 20]},
			"faces": {
				"north": {"uv": [0.111, 0.111, 0.333, 0.222], "texture": "#0"},
				"east": {"uv": [0.111, 0.111, 0.333, 0.222], "texture": "#0"},
				"south": {"uv": [0.111, 0.111, 0.333, 0.222], "texture": "#0"},
				"west": {"uv": [0.111, 0.111, 0.333, 0.222], "texture": "#0"},
				"down": {"uv": [0.111, 0.111, 0.333, 0.333], "texture": "#0"}
			}
		},
		{
			"from": [9.5, 0, 3],
			"to": [10.5, 0.5, 4],
			"rotation": {"angle": 0, "axis": "y", "origin": [17.5, 8, 11]},
			"faces": {
				"north": {"uv": [0.111, 0.111, 0.333, 0.222], "texture": "#0"},
				"east": {"uv": [0.111, 0.111, 0.333, 0.222], "texture": "#0"},
				"south": {"uv": [0.111, 0.111, 0.333, 0.222], "texture": "#0"},
				"west": {"uv": [0.111, 0.111, 0.333, 0.222], "texture": "#0"},
				"down": {"uv": [0.111, 0.111, 0.333, 0.333], "texture": "#0"}
			}
		},
		{
			"from": [9.5, 0, 12],
			"to": [10.5, 0.5, 13],
			"rotation": {"angle": 0, "axis": "y", "origin": [17.5, 8, 20]},
			"faces": {
				"north": {"uv": [0.111, 0.111, 0.333, 0.222], "texture": "#0"},
				"east": {"uv": [0.111, 0.111, 0.333, 0.222], "texture": "#0"},
				"south": {"uv": [0.111, 0.111, 0.333, 0.222], "texture": "#0"},
				"west": {"uv": [0.111, 0.111, 0.333, 0.222], "texture": "#0"},
				"down": {"uv": [0.111, 0.111, 0.333, 0.333], "texture": "#0"}
			}
		}
	],
	"display": {
		"head": {
			"translation": [0, -14.75, 0],
			"scale": [2.28, 2.28, 2.28]
		}
	},
	"groups": [0,
		{
			"name": "front",
			"origin": [22, -2.5, 10],
			"children": [
				{
					"name": "panel",
					"origin": [22, -2.5, 10],
					"children": [0, 1, 2, 3, 4]
				},
				{
					"name": "powerbutton",
					"origin": [22, -2.5, 10],
					"children": [5, 6, 7, 8, 9]
				}
			]
		},
		{
			"name": "back",
			"origin": [16, 20.5, 10],
			"children": [
				{
					"name": "panel",
					"origin": [21, 8.5, 10],
					"children": [10, 11, 12, 13]
				},
				{
					"name": "fan_back",
					"origin": [21, 8.5, 10],
					"children": [
						{
							"name": "grid",
							"origin": [16, 9.5, 1.875],
							"children": [14, 15, 16, 17, 18, 19, 20, 21, 22, 23, 24, 25, 26, 27, 28, 29, 30, 31, 32, 33, 34, 35, 36, 37, 38, 39, 40, 41, 42, 43, 44, 45, 46, 47, 48, 49, 50, 51, 52, 53]
						},
						{
							"name": "frame",
							"origin": [21.5, 6, 9.75],
							"children": [54, 55, 56, 57]
						}, 58]
				}
			]
		},
		{
			"name": "right",
			"origin": [8, 8, 8],
			"children": [
				{
					"name": "fan_right1",
					"origin": [21, 8.5, 10],
					"children": [
						{
							"name": "grid",
							"origin": [16, 9.5, 1.875],
							"children": [59, 60, 61, 62, 63, 64, 65, 66, 67, 68, 69, 70, 71, 72, 73, 74, 75, 76, 77, 78, 79, 80, 81, 82, 83, 84, 85, 86, 87, 88, 89, 90, 91, 92, 93, 94, 95, 96, 97, 98]
						},
						{
							"name": "frame",
							"origin": [21.5, 6, 9.75],
							"children": [99, 100, 101, 102]
						}, 103]
				},
				{
					"name": "fan_right2",
					"origin": [21, 8.5, 10],
					"children": [
						{
							"name": "grid",
							"origin": [16, 9.5, 1.875],
							"children": [104, 105, 106, 107, 108, 109, 110, 111, 112, 113, 114, 115, 116, 117, 118, 119, 120, 121, 122, 123, 124, 125, 126, 127, 128, 129, 130, 131, 132, 133, 134, 135, 136, 137, 138, 139, 140, 141, 142, 143]
						},
						{
							"name": "frame",
							"origin": [21.5, 6, 9.75],
							"children": [144, 145, 146, 147]
						}, 148]
				},
				{
					"name": "panel",
					"origin": [8, 8, 8],
					"children": [149, 150, 151, 152, 153]
				}
			]
		}, 154, 155, 156,
		{
			"name": "base",
			"origin": [8, 8, 8],
			"children": [157, 158, 159, 160]
		}
	]
}