{
	"credit": "Made by Philipp Opheys / pro_pixel_ from BuildmodeOne",
	"textures": {
		"particle": "block/white_concrete",
		"white": "block/white_concrete",
		"gray": "block/gray_concrete",
		"lightgray": "block/light_gray_concrete",
		"black": "block/black_concrete",
		"keyboard": "buildmodeone:3d_editor/models/keybord"
	},
	"elements": [
		{
			"name": "Box8",
			"from": [3, 0, 4],
			"to": [16, 0.5, 8],
			"faces": {
				"east": {"uv": [10, 15.5, 14.5, 16], "texture": "#lightgray", "cullface": "east"},
				"south": {"uv": [1, 15.5, 15, 16], "texture": "#lightgray"},
				"west": {"uv": [1.5, 15.5, 6, 16], "texture": "#lightgray"},
				"up": {"uv": [0, 0, 16, 4.5], "rotation": 180, "texture": "#keyboard"},
				"down": {"uv": [1, 10, 15, 14.5], "texture": "#lightgray", "cullface": "down"}
			}
		},
		{
			"name": "Box23",
			"from": [3, 0, 3.5],
			"to": [16, 0.5, 4],
			"faces": {
				"north": {"uv": [0, 15.5, 13, 16], "texture": "#white"},
				"east": {"uv": [12, 15.5, 12.5, 16], "texture": "#white", "cullface": "east"},
				"west": {"uv": [3.5, 15.5, 4, 16], "texture": "#white"},
				"up": {"uv": [3, 3.5, 16, 4], "texture": "#white"},
				"down": {"uv": [3, 12, 16, 12.5], "texture": "#white", "cullface": "down"}
			}
		},
		{
			"name": "Box10",
			"from": [0, 0.5, 5],
			"to": [1.5, 1, 6.5],
			"faces": {
				"north": {"uv": [14.5, 15, 16, 15.5], "texture": "#white"},
				"east": {"uv": [9.5, 15, 11, 15.5], "texture": "#white"},
				"south": {"uv": [0, 15, 1.5, 15.5], "texture": "#white"},
				"west": {"uv": [5, 15, 6.5, 15.5], "texture": "#white", "cullface": "west"},
				"up": {"uv": [0, 5, 1.5, 6.5], "texture": "#white"}
			}
		},
		{
			"name": "Box9",
			"from": [0, 0, 4.5],
			"to": [1.5, 0.5, 7.5],
			"faces": {
				"north": {"uv": [14.5, 15.5, 16, 16], "texture": "#white"},
				"east": {"uv": [8.5, 15.5, 11.5, 16], "texture": "#white"},
				"south": {"uv": [0, 15.5, 1.5, 16], "texture": "#white"},
				"west": {"uv": [4.5, 15.5, 7.5, 16], "texture": "#white", "cullface": "west"},
				"up": {"uv": [0, 4.5, 1.5, 7.5], "texture": "#white"},
				"down": {"uv": [0, 8.5, 1.5, 11.5], "texture": "#white", "cullface": "down"}
			}
		},
		{
			"name": "Box10",
			"from": [0.5, 0.5, 6.5],
			"to": [1, 1, 7.5],
			"faces": {
				"east": {"uv": [12, 15, 13.5, 15.5], "texture": "#gray"},
				"south": {"uv": [0.5, 15, 2, 15.5], "texture": "#gray"},
				"west": {"uv": [2.5, 15, 4, 15.5], "texture": "#gray"},
				"up": {"uv": [0.5, 2.5, 2, 4], "texture": "#gray"}
			}
		},
		{
			"name": "Box1",
			"from": [3.5, 0, 10.5],
			"to": [12.5, 0.5, 14.5],
			"faces": {
				"north": {"uv": [3.5, 15.5, 12.5, 16], "texture": "#gray"},
				"east": {"uv": [1.5, 15.5, 5.5, 16], "texture": "#gray"},
				"south": {"uv": [3.5, 15.5, 12.5, 16], "texture": "#gray"},
				"west": {"uv": [10.5, 15.5, 14.5, 16], "texture": "#gray"},
				"up": {"uv": [3.5, 10.5, 12.5, 14.5], "texture": "#gray"},
				"down": {"uv": [3.5, 1.5, 12.5, 5.5], "texture": "#gray", "cullface": "down"}
			}
		},
		{
			"name": "Box2",
			"from": [7, 0.5, 12.5],
			"to": [9, 7.5, 13],
			"faces": {
				"north": {"uv": [7, 8.5, 9, 15.5], "texture": "#lightgray"},
				"east": {"uv": [3, 8.5, 3.5, 15.5], "texture": "#lightgray"},
				"south": {"uv": [7, 8.5, 9, 15.5], "texture": "#lightgray"},
				"west": {"uv": [12.5, 8.5, 13, 15.5], "texture": "#lightgray"},
				"up": {"uv": [7, 12.5, 9, 13], "texture": "#lightgray"}
			}
		},
		{
			"name": "Box3",
			"from": [0, 3, 12],
			"to": [16, 12.5, 12.5],
			"faces": {
				"north": {"uv": [0, 3.5, 16, 13], "texture": "#black"},
				"east": {"uv": [3.5, 3.5, 4, 13], "texture": "#white", "cullface": "east"},
				"south": {"uv": [0, 3.5, 16, 13], "texture": "#white"},
				"west": {"uv": [12, 3.5, 12.5, 13], "texture": "#white", "cullface": "west"},
				"up": {"uv": [0, 12, 16, 12.5], "texture": "#white"},
				"down": {"uv": [0, 3.5, 16, 4], "texture": "#white"}
			}
		},
		{
			"name": "Box4",
			"from": [0, 3, 11.5],
			"to": [16, 3.5, 12],
			"faces": {
				"north": {"uv": [0, 12.5, 16, 13], "texture": "#white"},
				"east": {"uv": [4, 12.5, 4.5, 13], "texture": "#white", "cullface": "east"},
				"west": {"uv": [11.5, 12.5, 12, 13], "texture": "#white", "cullface": "west"},
				"up": {"uv": [0, 11.5, 16, 12], "texture": "#white"},
				"down": {"uv": [0, 4, 16, 4.5], "texture": "#white"}
			}
		},
		{
			"name": "Box4",
			"from": [0, 12, 11.5],
			"to": [16, 12.5, 12],
			"faces": {
				"north": {"uv": [0.5, 12.5, 15.5, 13], "texture": "#white"},
				"east": {"uv": [8.5, 12.5, 9, 13], "texture": "#white", "cullface": "east"},
				"west": {"uv": [7, 12.5, 7.5, 13], "texture": "#white", "cullface": "west"},
				"up": {"uv": [0.5, 7, 15.5, 7.5], "texture": "#white"},
				"down": {"uv": [0.5, 8.5, 15.5, 9], "texture": "#white"}
			}
		},
		{
			"name": "Box6",
			"from": [0, 3.5, 11.5],
			"to": [0.5, 12, 12],
			"faces": {
				"north": {"uv": [15.5, 4, 16, 12.5], "texture": "#white"},
				"east": {"uv": [4, 4, 4.5, 12.5], "texture": "#white"},
				"west": {"uv": [11.5, 4, 12, 12.5], "texture": "#white", "cullface": "west"}
			}
		},
		{
			"name": "Box6",
			"from": [15.5, 3.5, 11.5],
			"to": [16, 12, 12],
			"faces": {
				"north": {"uv": [15, 4.5, 15.5, 12.5], "texture": "#white"},
				"east": {"uv": [8.5, 4.5, 9, 12.5], "texture": "#white", "cullface": "east"},
				"west": {"uv": [7, 4.5, 7.5, 12.5], "texture": "#white"}
			}
		}
	],
	"display": {
		"gui": {
			"rotation": [30, 225, 0],
			"scale": [0.625, 0.625, 0.625]
		},
		"head": {
			"translation": [0, -14.5, 0],
			"scale": [2.2857, 2.2857, 2.2857]
		}
	},
	"groups": [
		{
			"name": "keyboard",
			"origin": [8, 8, 8],
			"children": [0, 1]
		},
		{
			"name": "mouse",
			"origin": [8, 8, 8],
			"children": [2, 3, 4]
		},
		{
			"name": "monitor",
			"origin": [8, 8, 8],
			"children": [5, 6, 7, 8, 9, 10, 11]
		}
	]
}