{
	"__comment": "Maded by PhilippOph; Created for BuildmodeOne",
	"textures": {
		"particle": "minecraft:block/white_concrete",
		"white": "minecraft:block/white_concrete",
		"gray": "minecraft:block/gray_concrete",
		"lightgray": "minecraft:block/light_gray_concrete",
		"black": "minecraft:block/black_concrete",
		"texture": "minecraft:block/red_concrete"
	},
	"elements": [ 	 
		{
			"__comment": "Box1",
			"from": [ 3.5, 0, 6 ],
			"to": [ 12.5, 0.5, 10 ],
			"faces": {
				"down": { "uv": [ 3.5, 6, 12.5, 10 ], "texture": "#gray", "cullface": "down" },
				"up": { "uv": [ 3.5, 6, 12.5, 10 ], "texture": "#gray" },
				"north": { "uv": [ 3.5, 15.5, 12.5, 16 ], "texture": "#gray" },
				"south": { "uv": [ 3.5, 15.5, 12.5, 16 ], "texture": "#gray" },
				"west": { "uv": [ 6, 15.5, 10, 16 ], "texture": "#gray" },
				"east": { "uv": [ 6, 15.5, 10, 16 ], "texture": "#gray" }
			}
		},
		{
			"__comment": "Box2",
			"from": [ 7, 0.5, 8 ],
			"to": [ 9, 7.5, 8.5 ],
			"faces": {
				"down": { "uv": [ 7, 7.5, 9, 8 ], "texture": "#lightgray" },
				"up": { "uv": [ 7, 8, 9, 8.5 ], "texture": "#lightgray" },
				"north": { "uv": [ 7, 8.5, 9, 15.5 ], "texture": "#lightgray" },
				"south": { "uv": [ 7, 8.5, 9, 15.5 ], "texture": "#lightgray" },
				"west": { "uv": [ 8, 8.5, 8.5, 15.5 ], "texture": "#lightgray" },
				"east": { "uv": [ 7.5, 8.5, 8, 15.5 ], "texture": "#lightgray" }
			}
		},
		{
			"__comment": "Box3",
			"from": [ 0.5, 3, 7.5 ],
			"to": [ 15.5, 12, 8 ],
			"faces": {
				"down": { "uv": [ 0.5, 8, 15.5, 8.5 ], "texture": "#white" },
				"up": { "uv": [ 0.5, 7.5, 15.5, 8 ], "texture": "#white" },
				"north": { "uv": [ 0.5, 4, 15.5, 13 ], "texture": "#black" },
				"south": { "uv": [ 0.5, 4, 15.5, 13 ], "texture": "#white" },
				"west": { "uv": [ 7.5, 4, 8, 13 ], "texture": "#white" },
				"east": { "uv": [ 8, 4, 8.5, 13 ], "texture": "#white" }
			}
		},
		{
			"__comment": "Box4",
			"from": [ 0.5, 3, 7 ],
			"to": [ 15.5, 3.5, 7.5 ],
			"faces": {
				"down": { "uv": [ 0.5, 8.5, 15.5, 9 ], "texture": "#white" },
				"up": { "uv": [ 0.5, 7, 15.5, 7.5 ], "texture": "#white" },
				"north": { "uv": [ 0.5, 12.5, 15.5, 13 ], "texture": "#white" },
				"south": { "uv": [ 0.5, 12.5, 15.5, 13 ], "texture": "#white" },
				"west": { "uv": [ 7, 12.5, 7.5, 13 ], "texture": "#white" },
				"east": { "uv": [ 8.5, 12.5, 9, 13 ], "texture": "#white" }
			}
		},
		{
			"__comment": "Box4",
			"from": [ 0.5, 11.5, 7 ],
			"to": [ 15.5, 12, 7.5 ],
			"faces": {
				"down": { "uv": [ 0.5, 8.5, 15.5, 9 ], "texture": "#white" },
				"up": { "uv": [ 0.5, 7, 15.5, 7.5 ], "texture": "#white" },
				"north": { "uv": [ 0.5, 12.5, 15.5, 13 ], "texture": "#white" },
				"south": { "uv": [ 0.5, 12.5, 15.5, 13 ], "texture": "#white" },
				"west": { "uv": [ 7, 12.5, 7.5, 13 ], "texture": "#white" },
				"east": { "uv": [ 8.5, 12.5, 9, 13 ], "texture": "#white" }
			}
		},
		{
			"__comment": "Box6",
			"from": [ 0.5, 3.5, 7 ],
			"to": [ 1, 11.5, 7.5 ],
			"faces": {
				"down": { "uv": [ 0.5, 8.5, 1, 9 ], "texture": "#white" },
				"up": { "uv": [ 0.5, 7, 1, 7.5 ], "texture": "#white" },
				"north": { "uv": [ 15, 4.5, 15.5, 12.5 ], "texture": "#white" },
				"south": { "uv": [ 0.5, 4.5, 1, 12.5 ], "texture": "#white" },
				"west": { "uv": [ 7, 4.5, 7.5, 12.5 ], "texture": "#white" },
				"east": { "uv": [ 8.5, 4.5, 9, 12.5 ], "texture": "#white" }
			}
		},
		{
			"__comment": "Box6",
			"from": [ 15, 3.5, 7 ],
			"to": [ 15.5, 11.5, 7.5 ],
			"faces": {
				"down": { "uv": [ 0.5, 8.5, 1, 9 ], "texture": "#white" },
				"up": { "uv": [ 0.5, 7, 1, 7.5 ], "texture": "#white" },
				"north": { "uv": [ 15, 4.5, 15.5, 12.5 ], "texture": "#white" },
				"south": { "uv": [ 0.5, 4.5, 1, 12.5 ], "texture": "#white" },
				"west": { "uv": [ 7, 4.5, 7.5, 12.5 ], "texture": "#white" },
				"east": { "uv": [ 8.5, 4.5, 9, 12.5 ], "texture": "#white" }
			}
		}
	],
	"display": {
		"thirdperson_righthand": {
			"rotation":  [ 75, 45, 0 ],
			"translation":  [ 0, 2.5, 0 ],
			"scale":  [ 0.375, 0.375, 0.375 ]
		},
		"thirdperson_lefthand": {
			"rotation":  [ 75, 45, 0 ],
			"translation":  [ 0, 2.5, 0 ],
			"scale":  [ 0.375, 0.375, 0.375 ]
		},
		"firstperson_righthand": {
			"rotation":  [ 0, 45, 0 ],
			"scale":  [ 0.4, 0.4, 0.4 ]
		},
		"gui": {
			"rotation":  [ 30, 225, 0 ],
			"scale":  [ 0.625, 0.625, 0.625 ]
		},
		"head": {
			"translation":  [ 0, -14.5, 0 ],
			"scale":  [ 2.3, 2.3, 2.3 ]
		}
	}
}