{
	"credit": "Made by Philipp Opheys / pro_pixel_ from BuildmodeOne",
	"textures": {
		"particle": "minecraft:block/iron_block",
		"texture": "minecraft:block/light_gray_wool",
		"concrete": "minecraft:block/black_concrete"
	},
	"elements": [ 	 
		{
			"__comment": "Box1",
			"from": [ 7, 4, 7 ],
			"to": [ 9, 9, 9 ],
			"faces": {
				"north": { "uv": [ 7, 7, 9, 12 ], "texture": "#particle" },
				"south": { "uv": [ 7, 7, 9, 12 ], "texture": "#particle" },
				"west": { "uv": [ 7, 7, 9, 12 ], "texture": "#particle" },
				"east": { "uv": [ 7, 7, 9, 12 ], "texture": "#particle" }
			}
		},
		{
			"__comment": "Box2",
			"from": [ 9.5, 2.5, 7.5 ],
			"to": [ 14.5, 3.5, 8.5 ],
			"faces": {
				"down": { "uv": [ 9.5, 7.5, 14.5, 8.5 ], "texture": "#particle" },
				"up": { "uv": [ 9.5, 7.5, 14.5, 8.5 ], "texture": "#particle" },
				"north": { "uv": [ 1.5, 12.5, 6.5, 13.5 ], "texture": "#particle" },
				"south": { "uv": [ 9.5, 12.5, 14.5, 13.5 ], "texture": "#particle" },
				"west": { "uv": [ 7.5, 12.5, 8.5, 13.5 ], "texture": "#particle" },
				"east": { "uv": [ 7.5, 12.5, 8.5, 13.5 ], "texture": "#particle" }
			}
		},
		{
			"__comment": "Box3",
			"from": [ 12.5, 0, 7 ],
			"to": [ 14.5, 2, 9 ],
			"faces": {
				"down": { "uv": [ 12.5, 7, 14.5, 9 ], "texture": "#concrete" },
				"up": { "uv": [ 12.5, 7, 14.5, 9 ], "texture": "#concrete" },
				"north": { "uv": [ 1.5, 14, 3.5, 16 ], "texture": "#concrete" },
				"south": { "uv": [ 12.5, 14, 14.5, 16 ], "texture": "#concrete" },
				"west": { "uv": [ 7, 14, 9, 16 ], "texture": "#concrete" },
				"east": { "uv": [ 7, 14, 9, 16 ], "texture": "#concrete" }
			}
		},
		{
			"__comment": "Box4",
			"from": [ 13.5, 2, 7.5 ],
			"to": [ 14.5, 2.5, 8.5 ],
			"faces": {
				"down": { "uv": [ 13.5, 7.5, 14.5, 8.5 ], "texture": "#particle" },
				"up": { "uv": [ 13.5, 7.5, 14.5, 8.5 ], "texture": "#particle" },
				"north": { "uv": [ 1.5, 13.5, 2.5, 14 ], "texture": "#particle" },
				"south": { "uv": [ 13.5, 13.5, 14.5, 14 ], "texture": "#particle" },
				"west": { "uv": [ 7.5, 13.5, 8.5, 14 ], "texture": "#particle" },
				"east": { "uv": [ 7.5, 13.5, 8.5, 14 ], "texture": "#particle" }
			}
		},
		{
			"__comment": "Box2",
			"from": [ 7.5, 2.5, 9.5 ],
			"to": [ 8.5, 3.5, 14.5 ],
			"faces": {
				"down": { "uv": [ 8, 7.5, 14.5, 8.5 ], "texture": "#particle", "rotation": 270 },
				"up": { "uv": [ 8, 7.5, 14.5, 8.5 ], "texture": "#particle", "rotation": 90 },
				"north": { "uv": [ 7.5, 12.5, 8.5, 13.5 ], "texture": "#particle" },
				"south": { "uv": [ 7.5, 12.5, 8.5, 13.5 ], "texture": "#particle" },
				"west": { "uv": [ 8, 12.5, 14.5, 13.5 ], "texture": "#particle" },
				"east": { "uv": [ 1.5, 12.5, 8, 13.5 ], "texture": "#particle" }
			}
		},
		{
			"__comment": "Box3",
			"from": [ 6.5, 0, 13 ],
			"to": [ 8.5, 2, 15 ],
			"faces": {
				"down": { "uv": [ 12.5, 7, 14.5, 9 ], "texture": "#concrete", "rotation": 270 },
				"up": { "uv": [ 12.5, 7, 14.5, 9 ], "texture": "#concrete", "rotation": 90 },
				"north": { "uv": [ 7, 14, 9, 16 ], "texture": "#concrete" },
				"south": { "uv": [ 7, 14, 9, 16 ], "texture": "#concrete" },
				"west": { "uv": [ 12.5, 14, 14.5, 16 ], "texture": "#concrete" },
				"east": { "uv": [ 1.5, 14, 3.5, 16 ], "texture": "#concrete" }
			}
		},
		{
			"__comment": "Box4",
			"from": [ 7.5, 2, 13.5 ],
			"to": [ 8.5, 2.5, 14.5 ],
			"faces": {
				"down": { "uv": [ 13.5, 7.5, 14.5, 8.5 ], "texture": "#particle", "rotation": 270 },
				"up": { "uv": [ 13.5, 7.5, 14.5, 8.5 ], "texture": "#particle", "rotation": 90 },
				"north": { "uv": [ 7.5, 13.5, 8.5, 14 ], "texture": "#particle" },
				"south": { "uv": [ 7.5, 13.5, 8.5, 14 ], "texture": "#particle" },
				"west": { "uv": [ 13.5, 13.5, 14.5, 14 ], "texture": "#particle" },
				"east": { "uv": [ 1.5, 13.5, 2.5, 14 ], "texture": "#particle" }
			}
		},
		{
			"__comment": "Box2",
			"from": [ 1.5, 2.5, 7.5 ],
			"to": [ 6.5, 3.5, 8.5 ],
			"faces": {
				"down": { "uv": [ 8, 7.5, 14.5, 8.5 ], "texture": "#particle", "rotation": 180 },
				"up": { "uv": [ 8, 7.5, 14.5, 8.5 ], "texture": "#particle", "rotation": 180 },
				"north": { "uv": [ 8, 12.5, 14.5, 13.5 ], "texture": "#particle" },
				"south": { "uv": [ 1.5, 12.5, 8, 13.5 ], "texture": "#particle" },
				"west": { "uv": [ 7.5, 12.5, 8.5, 13.5 ], "texture": "#particle" },
				"east": { "uv": [ 7.5, 12.5, 8.5, 13.5 ], "texture": "#particle" }
			}
		},
		{
			"__comment": "Box3",
			"from": [ 0.5, 0, 7 ],
			"to": [ 2.5, 2, 9 ],
			"faces": {
				"down": { "uv": [ 12.5, 7, 14.5, 9 ], "texture": "#concrete", "rotation": 180 },
				"up": { "uv": [ 12.5, 7, 14.5, 9 ], "texture": "#concrete", "rotation": 180 },
				"north": { "uv": [ 12.5, 14, 14.5, 16 ], "texture": "#concrete" },
				"south": { "uv": [ 1.5, 14, 3.5, 16 ], "texture": "#concrete" },
				"west": { "uv": [ 7, 14, 9, 16 ], "texture": "#concrete" },
				"east": { "uv": [ 7, 14, 9, 16 ], "texture": "#concrete" }
			}
		},
		{
			"__comment": "Box4",
			"from": [ 1.5, 2, 7.5 ],
			"to": [ 2.5, 2.5, 8.5 ],
			"faces": {
				"down": { "uv": [ 13.5, 7.5, 14.5, 8.5 ], "texture": "#particle", "rotation": 180 },
				"up": { "uv": [ 13.5, 7.5, 14.5, 8.5 ], "texture": "#particle", "rotation": 180 },
				"north": { "uv": [ 13.5, 13.5, 14.5, 14 ], "texture": "#particle" },
				"south": { "uv": [ 1.5, 13.5, 2.5, 14 ], "texture": "#particle" },
				"west": { "uv": [ 7.5, 13.5, 8.5, 14 ], "texture": "#particle" },
				"east": { "uv": [ 7.5, 13.5, 8.5, 14 ], "texture": "#particle" }
			}
		},
		{
			"__comment": "Box2",
			"from": [ 7.5, 2.5, 1.5 ],
			"to": [ 8.5, 3.5, 6.5 ],
			"faces": {
				"down": { "uv": [ 8, 7.5, 14.5, 8.5 ], "texture": "#particle", "rotation": 90 },
				"up": { "uv": [ 8, 7.5, 14.5, 8.5 ], "texture": "#particle", "rotation": 270 },
				"north": { "uv": [ 7.5, 12.5, 8.5, 13.5 ], "texture": "#particle" },
				"south": { "uv": [ 7.5, 12.5, 8.5, 13.5 ], "texture": "#particle" },
				"west": { "uv": [ 1.5, 12.5, 8, 13.5 ], "texture": "#particle" },
				"east": { "uv": [ 8, 12.5, 14.5, 13.5 ], "texture": "#particle" }
			}
		},
		{
			"__comment": "Box3",
			"from": [ 6.5, 0, 1 ],
			"to": [ 8.5, 2, 3 ],
			"faces": {
				"down": { "uv": [ 12.5, 7, 14.5, 9 ], "texture": "#concrete", "rotation": 90 },
				"up": { "uv": [ 12.5, 7, 14.5, 9 ], "texture": "#concrete", "rotation": 270 },
				"north": { "uv": [ 7, 14, 9, 16 ], "texture": "#concrete" },
				"south": { "uv": [ 7, 14, 9, 16 ], "texture": "#concrete" },
				"west": { "uv": [ 1.5, 14, 3.5, 16 ], "texture": "#concrete" },
				"east": { "uv": [ 12.5, 14, 14.5, 16 ], "texture": "#concrete" }
			}
		},
		{
			"__comment": "Box4",
			"from": [ 7.5, 2, 1.5 ],
			"to": [ 8.5, 2.5, 2.5 ],
			"faces": {
				"down": { "uv": [ 13.5, 7.5, 14.5, 8.5 ], "texture": "#particle", "rotation": 90 },
				"up": { "uv": [ 13.5, 7.5, 14.5, 8.5 ], "texture": "#particle", "rotation": 270 },
				"north": { "uv": [ 7.5, 13.5, 8.5, 14 ], "texture": "#particle" },
				"south": { "uv": [ 7.5, 13.5, 8.5, 14 ], "texture": "#particle" },
				"west": { "uv": [ 1.5, 13.5, 2.5, 14 ], "texture": "#particle" },
				"east": { "uv": [ 13.5, 13.5, 14.5, 14 ], "texture": "#particle" }
			}
		},
		{
			"__comment": "Box14",
			"from": [ 6.5, 2, 6.5 ],
			"to": [ 9.5, 4, 9.5 ],
			"faces": {
				"down": { "uv": [ 6.5, 6.5, 9.5, 9.5 ], "texture": "#particle" },
				"up": { "uv": [ 6.5, 6.5, 9.5, 9.5 ], "texture": "#particle" },
				"north": { "uv": [ 6.5, 12, 9.5, 14 ], "texture": "#particle" },
				"south": { "uv": [ 6.5, 12, 9.5, 14 ], "texture": "#particle" },
				"west": { "uv": [ 6.5, 12, 9.5, 14 ], "texture": "#particle" },
				"east": { "uv": [ 6.5, 12, 9.5, 14 ], "texture": "#particle" }
			}
		},
		{
			"__comment": "Box15",
			"from": [ 2.5, 9, 2.5 ],
			"to": [ 13.5, 10.5, 13.5 ],
			"faces": {
				"down": { "uv": [ 2.5, 2.5, 13.5, 13.5 ], "texture": "#texture" },
				"up": { "uv": [ 2.5, 2.5, 13.5, 13.5 ], "texture": "#texture" },
				"north": { "uv": [ 2.5, 3.5, 13.5, 5 ], "texture": "#texture" },
				"west": { "uv": [ 2.5, 3.5, 13.5, 5 ], "texture": "#texture" },
				"east": { "uv": [ 2.5, 3.5, 13.5, 5 ], "texture": "#texture" }
			}
		},
		{
			"__comment": "Box17",
			"from": [ 2.5, 9, 3.5 ],
			"to": [ 3.5, 15.5, 14.5 ],
			"rotation": { "origin": [ 2.5, 9, 3.5 ], "axis": "z", "angle": 22.5 },
			"faces": {
				"up": { "uv": [ 2, 1, 14, 2 ], "texture": "#texture", "rotation": 270 },
				"north": { "uv": [ 12.5, 0, 14, 4.5 ], "texture": "#texture" },
				"south": { "uv": [ 12.5, 0, 14, 4.5 ], "texture": "#texture" },
				"west": { "uv": [ 16, 0, 4.5, 8 ], "texture": "#texture" },
				"east": { "uv": [ 16, 0, 4.5, 8 ], "texture": "#texture" }
			}
		},
		{
			"__comment": "Box17",
			"from": [ 15, 8.5, 3.5 ],
			"to": [ 16, 15, 14.5 ],
			"rotation": { "origin": [ 16, 15, 3.5 ], "axis": "z", "angle": -22.5 },
			"faces": {
				"up": { "uv": [ 2, 1, 14, 2 ], "texture": "#texture", "rotation": 270 },
				"north": { "uv": [ 14, 4.5, 12.5, 0 ], "texture": "#texture" },
				"south": { "uv": [ 3.5, 4.5, 2, 0 ], "texture": "#texture" },
				"west": { "uv": [ 16, 0, 4.5, 8 ], "texture": "#texture" },
				"east": { "uv": [ 16, 0, 4.5, 8 ], "texture": "#texture" }
			}
		},
		{
			"__comment": "Box18",
			"from": [ 2.5, 9, 13.5 ],
			"to": [ 13.5, 11.5, 14.5 ],
			"faces": {
				"down": { "uv": [ 2.5, 1.5, 13.5, 2.5 ], "texture": "#texture" },
				"north": { "uv": [ 2.5, 2.5, 13.5, 5 ], "texture": "#texture" },
				"south": { "uv": [ 2.5, 2.5, 13.5, 5 ], "texture": "#texture" },
				"west": { "uv": [ 13.5, 2.5, 14.5, 5 ], "texture": "#texture" },
				"east": { "uv": [ 1.5, 2.5, 2.5, 5 ], "texture": "#texture" }
			}
		},
		{
			"__comment": "Box18",
			"from": [ 1.5, 11.5, 13.5 ],
			"to": [ 14.5, 14, 14.5 ],
			"faces": {
				"north": { "uv": [ 1.5, 2.5, 14.5, 5 ], "texture": "#texture" },
				"south": { "uv": [ 1.5, 13.5, 14.5, 16 ], "texture": "#texture" },
				"west": { "uv": [ 13.5, 2.5, 14.5, 5 ], "texture": "#texture" },
				"east": { "uv": [ 1.5, 2.5, 2.5, 5 ], "texture": "#texture" }
			}
		},
		{
			"__comment": "Box18",
			"from": [ 0.5, 14, 13.5 ],
			"to": [ 15.5, 16.5, 14.5 ],
			"faces": {
				"up": { "uv": [ 2.5, 13.5, 13.5, 14.5 ], "texture": "#texture" },
				"north": { "uv": [ 0.5, 10, 15.5, 13 ], "texture": "#texture" },
				"south": { "uv": [ 0.5, 10, 15.5, 13 ], "texture": "#texture" },
				"west": { "uv": [ 13.5, 2.5, 14.5, 5 ], "texture": "#texture" },
				"east": { "uv": [ 1.5, 2.5, 2.5, 5 ], "texture": "#texture" }
			}
		},
		{
			"__comment": "Box18",
			"from": [ 1.5, 16.5, 13.5 ],
			"to": [ 14.5, 20, 14.5 ],
			"faces": {
				"up": { "uv": [ 2.5, 13.5, 13.5, 14.5 ], "texture": "#texture" },
				"north": { "uv": [ 1.5, 7, 14.5, 10.5 ], "texture": "#texture" },
				"south": { "uv": [ 1.5, 7, 14.5, 10.5 ], "texture": "#texture" },
				"west": { "uv": [ 13.5, 2.5, 14.5, 5 ], "texture": "#texture" },
				"east": { "uv": [ 1.5, 2.5, 2.5, 5 ], "texture": "#texture" }
			}
		}
	],
	"display": {
		"head": {
			"rotation":  [ 0, 180, 0 ],
			"translation":  [ 0, -14.5, 0 ],
			"scale":  [ 2.3, 2.3, 2.3 ]
		}
	}
}