{
	"__comment": "Maded by PhilippOph; Created for PixelPack by PhilippOph",
	"textures": {
		"particle": "buildmodeone:3d_editor/models/paper",
		"texture": "buildmodeone:3d_editor/models/paper"
	},
	"elements": [ 	 
		{
			"__comment": "Box1",
			"from": [ 5, 0, 2 ],
			"to": [ 11, 0.5, 12 ],
			"rotation": { "origin": [ 5, 0, 2 ], "axis": "y", "angle": 0 },
			"faces": {
				"down": { "uv": [ 5, 0, 16, 16 ], "texture": "#texture" },
				"up": { "uv": [ 5, 0, 16, 16 ], "texture": "#texture" },
				"north": { "uv": [ 5, 15.5, 11, 16 ], "texture": "#texture" },
				"south": { "uv": [ 5, 15.5, 11, 16 ], "texture": "#texture" },
				"west": { "uv": [ 2, 15.5, 12, 16 ], "texture": "#texture" },
				"east": { "uv": [ 4, 15.5, 14, 16 ], "texture": "#texture" }
			}
		},
		{
			"__comment": "Box1",
			"from": [ 7, 0.5, 1 ],
			"to": [ 13, 1, 11 ],
			"rotation": { "origin": [ 7, 0.5, 1 ], "axis": "y", "angle": -22.5 },
			"faces": {
				"down": { "uv": [ 5, 0, 16, 16 ], "texture": "#texture" },
				"up": { "uv": [ 5, 0, 16, 16 ], "texture": "#texture" },
				"north": { "uv": [ 5, 15.5, 11, 16 ], "texture": "#texture" },
				"south": { "uv": [ 5, 15.5, 11, 16 ], "texture": "#texture" },
				"west": { "uv": [ 2, 15.5, 12, 16 ], "texture": "#texture" },
				"east": { "uv": [ 4, 15.5, 14, 16 ], "texture": "#texture" }
			}
		},
		{
			"__comment": "Box1",
			"from": [ 5.5, 1, 2 ],
			"to": [ 11.5, 1.5, 12 ],
			"faces": {
				"down": { "uv": [ 5, 0, 16, 16 ], "texture": "#texture" },
				"up": { "uv": [ 5, 0, 16, 16 ], "texture": "#texture" },
				"north": { "uv": [ 5, 15.5, 11, 16 ], "texture": "#texture" },
				"south": { "uv": [ 5, 15.5, 11, 16 ], "texture": "#texture" },
				"west": { "uv": [ 2, 15.5, 12, 16 ], "texture": "#texture" },
				"east": { "uv": [ 4, 15.5, 14, 16 ], "texture": "#texture" }
			}
		},
		{
			"__comment": "Box1",
			"from": [ 5, 1.5, 2 ],
			"to": [ 11, 2, 12 ],
			"faces": {
				"down": { "uv": [ 5, 0, 16, 16 ], "texture": "#texture" },
				"up": { "uv": [ 5, 0, 16, 16 ], "texture": "#texture" },
				"north": { "uv": [ 5, 15.5, 11, 16 ], "texture": "#texture" },
				"south": { "uv": [ 5, 15.5, 11, 16 ], "texture": "#texture" },
				"west": { "uv": [ 2, 15.5, 12, 16 ], "texture": "#texture" },
				"east": { "uv": [ 4, 15.5, 14, 16 ], "texture": "#texture" }
			}
		},
		{
			"__comment": "Box1",
			"from": [ 5.5, 2, 1.5 ],
			"to": [ 11.5, 2.5, 11.5 ],
			"faces": {
				"down": { "uv": [ 5, 0, 16, 16 ], "texture": "#texture" },
				"up": { "uv": [ 5, 0, 16, 16 ], "texture": "#texture" },
				"north": { "uv": [ 5, 15.5, 11, 16 ], "texture": "#texture" },
				"south": { "uv": [ 5, 15.5, 11, 16 ], "texture": "#texture" },
				"west": { "uv": [ 2, 15.5, 12, 16 ], "texture": "#texture" },
				"east": { "uv": [ 4, 15.5, 14, 16 ], "texture": "#texture" }
			}
		},
		{
			"__comment": "Box1",
			"from": [ 3.5, 2.5, 3 ],
			"to": [ 9.5, 3, 13 ],
			"rotation": { "origin": [ 3.5, 2.5, 3 ], "axis": "y", "angle": 22.5 },
			"faces": {
				"down": { "uv": [ 5, 0, 16, 16 ], "texture": "#texture" },
				"up": { "uv": [ 5, 0, 16, 16 ], "texture": "#texture" },
				"north": { "uv": [ 5, 15.5, 11, 16 ], "texture": "#texture" },
				"south": { "uv": [ 5, 15.5, 11, 16 ], "texture": "#texture" },
				"west": { "uv": [ 2, 15.5, 12, 16 ], "texture": "#texture" },
				"east": { "uv": [ 4, 15.5, 14, 16 ], "texture": "#texture" }
			}
		}
	],
	"display": {
		"head": {
			"translation":  [ 0, -14.5, 0 ],
			"scale":  [ 2.3, 2.3, 2.3 ]
		}
	}
}