{
	"credit": "Made by Philipp Opheys / pro_pixel_ from BuildmodeOne",
	"textures": {
		"0": "buildmodeone:3d_editor/models/rubiks_cube",
		"particle": "buildmodeone:3d_editor/models/rubiks_cube"
	},
	"elements": [ 	 
		{
			"__comment": "Element",
			"from": [ 7.5, 0, 7.5 ],
			"to": [ 8.5, 1, 8.5 ],
			"faces": {
				"down": { "uv": [ 0, 4, 4, 8 ], "texture": "#0" },
				"up": { "uv": [ 12, 0, 16, 4 ], "texture": "#0" },
				"north": { "uv": [ 12, 0, 16, 4 ], "texture": "#0" },
				"south": { "uv": [ 12, 0, 16, 4 ], "texture": "#0" },
				"west": { "uv": [ 12, 0, 16, 4 ], "texture": "#0" },
				"east": { "uv": [ 12, 0, 16, 4 ], "texture": "#0" }
			}
		},
		{
			"__comment": "Element",
			"from": [ 7.5, 2.5, 7.5 ],
			"to": [ 8.5, 3.5, 8.5 ],
			"faces": {
				"down": { "uv": [ 12, 0, 16, 4 ], "texture": "#0" },
				"up": { "uv": [ 0, 0, 4, 4 ], "texture": "#0" },
				"north": { "uv": [ 12, 0, 16, 4 ], "texture": "#0" },
				"south": { "uv": [ 12, 0, 16, 4 ], "texture": "#0" },
				"west": { "uv": [ 12, 0, 16, 4 ], "texture": "#0" },
				"east": { "uv": [ 12, 0, 16, 4 ], "texture": "#0" }
			}
		},
		{
			"__comment": "Element",
			"from": [ 7.5, 0, 8.75 ],
			"to": [ 8.5, 1, 9.75 ],
			"faces": {
				"down": { "uv": [ 4, 0, 8, 4 ], "texture": "#0" },
				"up": { "uv": [ 12, 0, 16, 4 ], "texture": "#0" },
				"north": { "uv": [ 12, 0, 16, 4 ], "texture": "#0" },
				"south": { "uv": [ 8, 0, 12, 4 ], "texture": "#0" },
				"west": { "uv": [ 12, 0, 16, 4 ], "texture": "#0" },
				"east": { "uv": [ 12, 0, 16, 4 ], "texture": "#0" }
			}
		},
		{
			"__comment": "Element",
			"from": [ 7.5, 1.25, 8.75 ],
			"to": [ 8.5, 2.25, 9.75 ],
			"faces": {
				"down": { "uv": [ 12, 0, 16, 4 ], "texture": "#0" },
				"up": { "uv": [ 12, 0, 16, 4 ], "texture": "#0" },
				"north": { "uv": [ 12, 0, 16, 4 ], "texture": "#0" },
				"south": { "uv": [ 8, 0, 12, 4 ], "texture": "#0" },
				"west": { "uv": [ 12, 0, 16, 4 ], "texture": "#0" },
				"east": { "uv": [ 12, 0, 16, 4 ], "texture": "#0" }
			}
		},
		{
			"__comment": "Element",
			"from": [ 7.5, 2.5, 8.75 ],
			"to": [ 8.5, 3.5, 9.75 ],
			"faces": {
				"down": { "uv": [ 12, 0, 16, 4 ], "texture": "#0" },
				"up": { "uv": [ 4, 0, 8, 4 ], "texture": "#0" },
				"north": { "uv": [ 12, 0, 16, 4 ], "texture": "#0" },
				"south": { "uv": [ 0, 4, 4, 8 ], "texture": "#0" },
				"west": { "uv": [ 12, 0, 16, 4 ], "texture": "#0" },
				"east": { "uv": [ 12, 0, 16, 4 ], "texture": "#0" }
			}
		},
		{
			"__comment": "Element",
			"from": [ 6.25, 0, 7.5 ],
			"to": [ 7.25, 1, 8.5 ],
			"faces": {
				"down": { "uv": [ 8, 4, 12, 8 ], "texture": "#0" },
				"up": { "uv": [ 12, 0, 16, 4 ], "texture": "#0" },
				"north": { "uv": [ 12, 0, 16, 4 ], "texture": "#0" },
				"south": { "uv": [ 12, 0, 16, 4 ], "texture": "#0" },
				"west": { "uv": [ 4, 4, 8, 8 ], "texture": "#0" },
				"east": { "uv": [ 12, 0, 16, 4 ], "texture": "#0" }
			}
		},
		{
			"__comment": "Element",
			"from": [ 6.25, 1.25, 7.5 ],
			"to": [ 7.25, 2.25, 8.5 ],
			"faces": {
				"down": { "uv": [ 12, 0, 16, 4 ], "texture": "#0" },
				"up": { "uv": [ 12, 0, 16, 4 ], "texture": "#0" },
				"north": { "uv": [ 12, 0, 16, 4 ], "texture": "#0" },
				"south": { "uv": [ 12, 0, 16, 4 ], "texture": "#0" },
				"west": { "uv": [ 4, 0, 8, 4 ], "texture": "#0" },
				"east": { "uv": [ 12, 0, 16, 4 ], "texture": "#0" }
			}
		},
		{
			"__comment": "Element",
			"from": [ 6.25, 2.5, 7.5 ],
			"to": [ 7.25, 3.5, 8.5 ],
			"faces": {
				"down": { "uv": [ 12, 0, 16, 4 ], "texture": "#0" },
				"up": { "uv": [ 0, 0, 4, 4 ], "texture": "#0" },
				"north": { "uv": [ 12, 0, 16, 4 ], "texture": "#0" },
				"south": { "uv": [ 12, 0, 16, 4 ], "texture": "#0" },
				"west": { "uv": [ 8, 0, 12, 4 ], "texture": "#0" },
				"east": { "uv": [ 12, 0, 16, 4 ], "texture": "#0" }
			}
		},
		{
			"__comment": "Element",
			"from": [ 6.25, 0, 8.75 ],
			"to": [ 7.25, 1, 9.75 ],
			"faces": {
				"down": { "uv": [ 4, 0, 8, 4 ], "texture": "#0" },
				"up": { "uv": [ 12, 0, 16, 4 ], "texture": "#0" },
				"north": { "uv": [ 12, 0, 16, 4 ], "texture": "#0" },
				"south": { "uv": [ 8, 0, 12, 4 ], "texture": "#0" },
				"west": { "uv": [ 0, 0, 4, 4 ], "texture": "#0" },
				"east": { "uv": [ 12, 0, 16, 4 ], "texture": "#0" }
			}
		},
		{
			"__comment": "Element",
			"from": [ 6.25, 1.25, 8.75 ],
			"to": [ 7.25, 2.25, 9.75 ],
			"faces": {
				"down": { "uv": [ 12, 0, 16, 4 ], "texture": "#0" },
				"up": { "uv": [ 12, 0, 16, 4 ], "texture": "#0" },
				"north": { "uv": [ 12, 0, 16, 4 ], "texture": "#0" },
				"south": { "uv": [ 4, 4, 8, 8 ], "texture": "#0" },
				"west": { "uv": [ 0, 0, 4, 4 ], "texture": "#0" },
				"east": { "uv": [ 12, 0, 16, 4 ], "texture": "#0" }
			}
		},
		{
			"__comment": "Element",
			"from": [ 6.25, 2.5, 8.75 ],
			"to": [ 7.25, 3.5, 9.75 ],
			"faces": {
				"down": { "uv": [ 12, 0, 16, 4 ], "texture": "#0" },
				"up": { "uv": [ 0, 0, 4, 4 ], "texture": "#0" },
				"north": { "uv": [ 12, 0, 16, 4 ], "texture": "#0" },
				"south": { "uv": [ 4, 4, 8, 8 ], "texture": "#0" },
				"west": { "uv": [ 8, 0, 12, 4 ], "texture": "#0" },
				"east": { "uv": [ 12, 0, 16, 4 ], "texture": "#0" }
			}
		},
		{
			"__comment": "Element",
			"from": [ 8.75, 0, 7.5 ],
			"to": [ 9.75, 1, 8.5 ],
			"faces": {
				"down": { "uv": [ 0, 4, 4, 8 ], "texture": "#0" },
				"up": { "uv": [ 12, 0, 16, 4 ], "texture": "#0" },
				"north": { "uv": [ 12, 0, 16, 4 ], "texture": "#0" },
				"south": { "uv": [ 12, 0, 16, 4 ], "texture": "#0" },
				"west": { "uv": [ 12, 0, 16, 4 ], "texture": "#0" },
				"east": { "uv": [ 4, 4, 8, 8 ], "texture": "#0" }
			}
		},
		{
			"__comment": "Element",
			"from": [ 8.75, 1.25, 7.5 ],
			"to": [ 9.75, 2.25, 8.5 ],
			"faces": {
				"down": { "uv": [ 12, 0, 16, 4 ], "texture": "#0" },
				"up": { "uv": [ 12, 0, 16, 4 ], "texture": "#0" },
				"north": { "uv": [ 12, 0, 16, 4 ], "texture": "#0" },
				"south": { "uv": [ 12, 0, 16, 4 ], "texture": "#0" },
				"west": { "uv": [ 12, 0, 16, 4 ], "texture": "#0" },
				"east": { "uv": [ 4, 4, 8, 8 ], "texture": "#0" }
			}
		},
		{
			"__comment": "Element",
			"from": [ 8.75, 2.5, 7.5 ],
			"to": [ 9.75, 3.5, 8.5 ],
			"faces": {
				"down": { "uv": [ 12, 0, 16, 4 ], "texture": "#0" },
				"up": { "uv": [ 8, 4, 12, 8 ], "texture": "#0" },
				"north": { "uv": [ 12, 0, 16, 4 ], "texture": "#0" },
				"south": { "uv": [ 12, 0, 16, 4 ], "texture": "#0" },
				"west": { "uv": [ 12, 0, 16, 4 ], "texture": "#0" },
				"east": { "uv": [ 0, 0, 4, 4 ], "texture": "#0" }
			}
		},
		{
			"__comment": "Element",
			"from": [ 8.75, 0, 8.75 ],
			"to": [ 9.75, 1, 9.75 ],
			"faces": {
				"down": { "uv": [ 8, 4, 12, 8 ], "texture": "#0" },
				"up": { "uv": [ 12, 0, 16, 4 ], "texture": "#0" },
				"north": { "uv": [ 12, 0, 16, 4 ], "texture": "#0" },
				"south": { "uv": [ 4, 0, 8, 4 ], "texture": "#0" },
				"west": { "uv": [ 12, 0, 16, 4 ], "texture": "#0" },
				"east": { "uv": [ 0, 4, 4, 8 ], "texture": "#0" }
			}
		},
		{
			"__comment": "Element",
			"from": [ 8.75, 1.25, 8.75 ],
			"to": [ 9.75, 2.25, 9.75 ],
			"faces": {
				"down": { "uv": [ 12, 0, 16, 4 ], "texture": "#0" },
				"up": { "uv": [ 12, 0, 16, 4 ], "texture": "#0" },
				"north": { "uv": [ 12, 0, 16, 4 ], "texture": "#0" },
				"south": { "uv": [ 8, 0, 12, 4 ], "texture": "#0" },
				"west": { "uv": [ 12, 0, 16, 4 ], "texture": "#0" },
				"east": { "uv": [ 4, 4, 8, 8 ], "texture": "#0" }
			}
		},
		{
			"__comment": "Element",
			"from": [ 8.75, 2.5, 8.75 ],
			"to": [ 9.75, 3.5, 9.75 ],
			"faces": {
				"down": { "uv": [ 12, 0, 16, 4 ], "texture": "#0" },
				"up": { "uv": [ 4, 4, 8, 8 ], "texture": "#0" },
				"north": { "uv": [ 12, 0, 16, 4 ], "texture": "#0" },
				"south": { "uv": [ 0, 4, 4, 8 ], "texture": "#0" },
				"west": { "uv": [ 12, 0, 16, 4 ], "texture": "#0" },
				"east": { "uv": [ 8, 4, 12, 8 ], "texture": "#0" }
			}
		},
		{
			"__comment": "Element",
			"from": [ 7.5, 0, 6.25 ],
			"to": [ 8.5, 1, 7.25 ],
			"faces": {
				"down": { "uv": [ 4, 0, 8, 4 ], "texture": "#0" },
				"up": { "uv": [ 12, 0, 16, 4 ], "texture": "#0" },
				"north": { "uv": [ 8, 4, 12, 8 ], "texture": "#0" },
				"south": { "uv": [ 12, 0, 16, 4 ], "texture": "#0" },
				"west": { "uv": [ 12, 0, 16, 4 ], "texture": "#0" },
				"east": { "uv": [ 12, 0, 16, 4 ], "texture": "#0" }
			}
		},
		{
			"__comment": "Element",
			"from": [ 7.5, 1.25, 6.25 ],
			"to": [ 8.5, 2.25, 7.25 ],
			"faces": {
				"down": { "uv": [ 12, 0, 16, 4 ], "texture": "#0" },
				"up": { "uv": [ 12, 0, 16, 4 ], "texture": "#0" },
				"north": { "uv": [ 8, 4, 12, 8 ], "texture": "#0" },
				"south": { "uv": [ 12, 0, 16, 4 ], "texture": "#0" },
				"west": { "uv": [ 12, 0, 16, 4 ], "texture": "#0" },
				"east": { "uv": [ 12, 0, 16, 4 ], "texture": "#0" }
			}
		},
		{
			"__comment": "Element",
			"from": [ 7.5, 2.5, 6.25 ],
			"to": [ 8.5, 3.5, 7.25 ],
			"faces": {
				"down": { "uv": [ 12, 0, 16, 4 ], "texture": "#0" },
				"up": { "uv": [ 0, 4, 4, 8 ], "texture": "#0" },
				"north": { "uv": [ 8, 4, 12, 8 ], "texture": "#0" },
				"south": { "uv": [ 12, 0, 16, 4 ], "texture": "#0" },
				"west": { "uv": [ 12, 0, 16, 4 ], "texture": "#0" },
				"east": { "uv": [ 12, 0, 16, 4 ], "texture": "#0" }
			}
		},
		{
			"__comment": "Element",
			"from": [ 6.25, 0, 6.25 ],
			"to": [ 7.25, 1, 7.25 ],
			"faces": {
				"down": { "uv": [ 0, 4, 4, 8 ], "texture": "#0" },
				"up": { "uv": [ 12, 0, 16, 4 ], "texture": "#0" },
				"north": { "uv": [ 4, 0, 8, 4 ], "texture": "#0" },
				"south": { "uv": [ 12, 0, 16, 4 ], "texture": "#0" },
				"west": { "uv": [ 8, 0, 12, 4 ], "texture": "#0" },
				"east": { "uv": [ 12, 0, 16, 4 ], "texture": "#0" }
			}
		},
		{
			"__comment": "Element",
			"from": [ 6.25, 1.25, 6.25 ],
			"to": [ 7.25, 2.25, 7.25 ],
			"faces": {
				"down": { "uv": [ 12, 0, 16, 4 ], "texture": "#0" },
				"up": { "uv": [ 12, 0, 16, 4 ], "texture": "#0" },
				"north": { "uv": [ 0, 0, 4, 4 ], "texture": "#0" },
				"south": { "uv": [ 12, 0, 16, 4 ], "texture": "#0" },
				"west": { "uv": [ 4, 0, 8, 4 ], "texture": "#0" },
				"east": { "uv": [ 12, 0, 16, 4 ], "texture": "#0" }
			}
		},
		{
			"__comment": "Element",
			"from": [ 6.25, 2.5, 6.25 ],
			"to": [ 7.25, 3.5, 7.25 ],
			"faces": {
				"down": { "uv": [ 12, 0, 16, 4 ], "texture": "#0" },
				"up": { "uv": [ 4, 0, 8, 4 ], "texture": "#0" },
				"north": { "uv": [ 0, 0, 4, 4 ], "texture": "#0", "cullface": "north" },
				"south": { "uv": [ 12, 0, 16, 4 ], "texture": "#0" },
				"west": { "uv": [ 8, 4, 12, 8 ], "texture": "#0" },
				"east": { "uv": [ 12, 0, 16, 4 ], "texture": "#0" }
			}
		},
		{
			"__comment": "Element",
			"from": [ 8.75, 0, 6.25 ],
			"to": [ 9.75, 1, 7.25 ],
			"faces": {
				"down": { "uv": [ 4, 4, 8, 8 ], "texture": "#0" },
				"up": { "uv": [ 12, 0, 16, 4 ], "texture": "#0" },
				"north": { "uv": [ 8, 0, 12, 4 ], "texture": "#0" },
				"south": { "uv": [ 12, 0, 16, 4 ], "texture": "#0" },
				"west": { "uv": [ 12, 0, 16, 4 ], "texture": "#0" },
				"east": { "uv": [ 0, 4, 4, 8 ], "texture": "#0" }
			}
		},
		{
			"__comment": "Element",
			"from": [ 8.75, 1.25, 6.25 ],
			"to": [ 9.75, 2.25, 7.25 ],
			"faces": {
				"down": { "uv": [ 12, 0, 16, 4 ], "texture": "#0" },
				"up": { "uv": [ 12, 0, 16, 4 ], "texture": "#0" },
				"north": { "uv": [ 8, 0, 12, 4 ], "texture": "#0" },
				"south": { "uv": [ 12, 0, 16, 4 ], "texture": "#0" },
				"west": { "uv": [ 12, 0, 16, 4 ], "texture": "#0" },
				"east": { "uv": [ 0, 4, 4, 8 ], "texture": "#0" }
			}
		},
		{
			"__comment": "Element",
			"from": [ 8.75, 2.5, 6.25 ],
			"to": [ 9.75, 3.5, 7.25 ],
			"faces": {
				"down": { "uv": [ 12, 0, 16, 4 ], "texture": "#0" },
				"up": { "uv": [ 4, 4, 8, 8 ], "texture": "#0" },
				"north": { "uv": [ 0, 0, 4, 4 ], "texture": "#0" },
				"south": { "uv": [ 12, 0, 16, 4 ], "texture": "#0" },
				"west": { "uv": [ 12, 0, 16, 4 ], "texture": "#0" },
				"east": { "uv": [ 8, 4, 12, 8 ], "texture": "#0" }
			}
		},
		{
			"__comment": "Element",
			"from": [ 6.5, 0.35, 6.5 ],
			"to": [ 9.5, 3.15, 9.5 ],
			"faces": {
				"down": { "uv": [ 0, 8, 7.2, 15.2 ], "texture": "#0" },
				"up": { "uv": [ 0, 8, 7.2, 15.2 ], "texture": "#0" },
				"north": { "uv": [ 0, 8, 7.2, 15.2 ], "texture": "#0" },
				"south": { "uv": [ 0, 8, 7.2, 15.2 ], "texture": "#0" },
				"west": { "uv": [ 0, 8, 7.2, 15.2 ], "texture": "#0" },
				"east": { "uv": [ 0, 8, 7.2, 15.2 ], "texture": "#0" }
			}
		}
	],
	"display": {
		"head": {
			"translation":  [ 0, -14.75, 0 ],
			"scale":  [ 2.28, 2.28, 2.28 ]
		}
	}
}