{
	"credit": "Made by Philipp Opheys / pro_pixel_ from BuildmodeOne",
	"textures": {
		"0": "minecraft:block/gold_block",
		"1": "minecraft:block/black_concrete",
		"particle": "minecraft:block/gold_block"
	},
	"elements": [
		{
			"from": [5, 1.5, 5],
			"to": [11, 3, 11],
			"rotation": {"angle": 0, "axis": "y", "origin": [13, 9.5, 13]},
			"faces": {
				"north": {"uv": [5, 13, 11, 14.5], "texture": "#1"},
				"east": {"uv": [5, 13, 11, 14.5], "texture": "#1"},
				"south": {"uv": [5, 13, 11, 14.5], "texture": "#1"},
				"west": {"uv": [5, 13, 11, 14.5], "texture": "#1"},
				"up": {"uv": [5, 5, 11, 11], "texture": "#1"},
				"down": {"uv": [5, 5, 11, 11], "texture": "#1"}
			}
		},
		{
			"from": [5.25, 1, 5],
			"to": [10.75, 1.5, 10.75],
			"rotation": {"angle": 0, "axis": "y", "origin": [13, 9, 13]},
			"faces": {
				"north": {"uv": [5.25, 14.5, 10.75, 15], "texture": "#1"},
				"east": {"uv": [5.25, 14.5, 11, 15], "texture": "#1"},
				"south": {"uv": [5.25, 14.5, 10.75, 15], "texture": "#1"},
				"west": {"uv": [5, 14.5, 10.75, 15], "texture": "#1"}
			}
		},
		{
			"from": [5, 0, 5],
			"to": [11, 1, 11],
			"rotation": {"angle": 0, "axis": "y", "origin": [13, 8, 13]},
			"faces": {
				"north": {"uv": [5, 15, 11, 16], "texture": "#1"},
				"east": {"uv": [5, 15, 11, 16], "texture": "#1"},
				"south": {"uv": [5, 15, 11, 16], "texture": "#1"},
				"west": {"uv": [5, 15, 11, 16], "texture": "#1"},
				"up": {"uv": [5, 5, 11, 11], "texture": "#1"},
				"down": {"uv": [5, 5, 11, 11], "texture": "#1"}
			}
		},
		{
			"from": [6.1, 0.85, 4.85],
			"to": [9.9, 2.15, 5],
			"rotation": {"angle": 0, "axis": "y", "origin": [13, 11, 8]},
			"faces": {
				"north": {"uv": [6.1, 13.85, 9.9, 15.15], "texture": "#0"},
				"east": {"uv": [11, 13.85, 11.15, 15.15], "texture": "#0"},
				"west": {"uv": [4.85, 13.85, 5, 15.15], "texture": "#0"},
				"up": {"uv": [6.1, 4.85, 9.9, 5], "texture": "#0"},
				"down": {"uv": [6.1, 11, 9.9, 11.15], "texture": "#0"}
			}
		},
		{
			"from": [5, 12.5, 7.5],
			"to": [6, 13, 8.5],
			"rotation": {"angle": 0, "axis": "y", "origin": [13, 20, 15.5]},
			"faces": {
				"north": {"uv": [10, 3, 11, 3.5], "texture": "#0"},
				"south": {"uv": [5, 3, 6, 3.5], "texture": "#0"},
				"west": {"uv": [7.5, 3, 8.5, 3.5], "texture": "#0"},
				"up": {"uv": [5, 7.5, 6, 8.5], "texture": "#0"},
				"down": {"uv": [5, 7.5, 6, 8.5], "texture": "#0"}
			}
		},
		{
			"from": [10, 12.5, 7.5],
			"to": [11, 13, 8.5],
			"rotation": {"angle": 0, "axis": "y", "origin": [18, 20, 15.5]},
			"faces": {
				"north": {"uv": [5, 3, 6, 3.5], "texture": "#0"},
				"east": {"uv": [7.5, 3, 8.5, 3.5], "texture": "#0"},
				"south": {"uv": [10, 3, 11, 3.5], "texture": "#0"},
				"up": {"uv": [10, 7.5, 11, 8.5], "texture": "#0"},
				"down": {"uv": [10, 7.5, 11, 8.5], "texture": "#0"}
			}
		},
		{
			"from": [5.25, 10.5, 7.5],
			"to": [6, 11, 8.5],
			"rotation": {"angle": 0, "axis": "y", "origin": [13, 18, 15.5]},
			"faces": {
				"north": {"uv": [10, 5, 10.75, 5.5], "texture": "#0"},
				"east": {"uv": [7.5, 5, 8.5, 5.5], "texture": "#0"},
				"south": {"uv": [5.25, 5, 6, 5.5], "texture": "#0"},
				"west": {"uv": [7.5, 5, 8.5, 5.5], "texture": "#0"},
				"up": {"uv": [5.25, 7.5, 6, 8.5], "texture": "#0"},
				"down": {"uv": [5.25, 7.5, 6, 8.5], "texture": "#0"}
			}
		},
		{
			"from": [10, 10.5, 7.5],
			"to": [10.75, 11, 8.5],
			"rotation": {"angle": 0, "axis": "y", "origin": [18, 18, 15.5]},
			"faces": {
				"north": {"uv": [5.25, 5, 6, 5.5], "texture": "#0"},
				"east": {"uv": [7.5, 5, 8.5, 5.5], "texture": "#0"},
				"south": {"uv": [10, 5, 10.75, 5.5], "texture": "#0"},
				"west": {"uv": [7.5, 5, 8.5, 5.5], "texture": "#0"},
				"up": {"uv": [10, 7.5, 10.75, 8.5], "texture": "#0"},
				"down": {"uv": [10, 7.5, 10.75, 8.5], "texture": "#0"}
			}
		},
		{
			"from": [4.75, 11.75, 7.5],
			"to": [5.25, 12.5, 8.5],
			"rotation": {"angle": 0, "axis": "y", "origin": [12.25, 19.5, 15.5]},
			"faces": {
				"north": {"uv": [10.75, 3.5, 11.25, 4.25], "texture": "#0"},
				"east": {"uv": [7.5, 3.5, 8.5, 4.25], "texture": "#0"},
				"south": {"uv": [4.75, 3.5, 5.25, 4.25], "texture": "#0"},
				"west": {"uv": [7.5, 3.5, 8.5, 4.25], "texture": "#0"},
				"up": {"uv": [4.75, 7.5, 5.25, 8.5], "texture": "#0"},
				"down": {"uv": [4.75, 7.5, 5.25, 8.5], "texture": "#0"}
			}
		},
		{
			"from": [5, 11, 7.5],
			"to": [5.5, 11.75, 8.5],
			"rotation": {"angle": 0, "axis": "y", "origin": [12.5, 18.75, 15.5]},
			"faces": {
				"north": {"uv": [10.5, 4.25, 11, 5], "texture": "#0"},
				"east": {"uv": [7.5, 4.25, 8.5, 5], "texture": "#0"},
				"south": {"uv": [5, 4.25, 5.5, 5], "texture": "#0"},
				"west": {"uv": [7.5, 4.25, 8.5, 5], "texture": "#0"},
				"up": {"uv": [5, 7.5, 5.5, 8.5], "texture": "#0"},
				"down": {"uv": [5, 7.5, 5.5, 8.5], "texture": "#0"}
			}
		},
		{
			"from": [10.75, 11.75, 7.5],
			"to": [11.25, 12.5, 8.5],
			"rotation": {"angle": 0, "axis": "y", "origin": [18.25, 19.5, 15.5]},
			"faces": {
				"north": {"uv": [4.75, 3.5, 5.25, 4.25], "texture": "#0"},
				"east": {"uv": [7.5, 3.5, 8.5, 4.25], "texture": "#0"},
				"south": {"uv": [10.75, 3.5, 11.25, 4.25], "texture": "#0"},
				"west": {"uv": [7.5, 3.5, 8.5, 4.25], "texture": "#0"},
				"up": {"uv": [10.75, 7.5, 11.25, 8.5], "texture": "#0"},
				"down": {"uv": [10.75, 7.5, 11.25, 8.5], "texture": "#0"}
			}
		},
		{
			"from": [10.5, 11, 7.5],
			"to": [11, 11.75, 8.5],
			"rotation": {"angle": 0, "axis": "y", "origin": [18, 18.75, 15.5]},
			"faces": {
				"north": {"uv": [5, 4.25, 5.5, 5], "texture": "#0"},
				"east": {"uv": [7.5, 4.25, 8.5, 5], "texture": "#0"},
				"south": {"uv": [10.5, 4.25, 11, 5], "texture": "#0"},
				"west": {"uv": [7.5, 4.25, 8.5, 5], "texture": "#0"},
				"up": {"uv": [10.5, 7.5, 11, 8.5], "texture": "#0"},
				"down": {"uv": [10.5, 7.5, 11, 8.5], "texture": "#0"}
			}
		},
		{
			"from": [7.5, 4.25, 7.5],
			"to": [8.5, 8.5, 8.5],
			"rotation": {"angle": 0, "axis": "y", "origin": [13, 11.75, 13]},
			"faces": {
				"north": {"uv": [7.5, 7.5, 8.5, 11.75], "texture": "#0"},
				"east": {"uv": [7.5, 7.5, 8.5, 11.75], "texture": "#0"},
				"south": {"uv": [7.5, 7.5, 8.5, 11.75], "texture": "#0"},
				"west": {"uv": [7.5, 7.5, 8.5, 11.75], "texture": "#0"}
			}
		},
		{
			"from": [7, 8.5, 7],
			"to": [9, 9, 9],
			"rotation": {"angle": 0, "axis": "y", "origin": [13, 16, 13]},
			"faces": {
				"north": {"uv": [7, 7, 9, 7.5], "texture": "#0"},
				"east": {"uv": [7, 7, 9, 7.5], "texture": "#0"},
				"south": {"uv": [7, 7, 9, 7.5], "texture": "#0"},
				"west": {"uv": [7, 7, 9, 7.5], "texture": "#0"},
				"down": {"uv": [7, 7, 9, 9], "texture": "#0"}
			}
		},
		{
			"from": [6.5, 9, 6.5],
			"to": [9.5, 10, 9.5],
			"rotation": {"angle": 0, "axis": "y", "origin": [13, 16.5, 13]},
			"faces": {
				"north": {"uv": [6.5, 6, 9.5, 7], "texture": "#0"},
				"east": {"uv": [6.5, 6, 9.5, 7], "texture": "#0"},
				"south": {"uv": [6.5, 6, 9.5, 7], "texture": "#0"},
				"west": {"uv": [6.5, 6, 9.5, 7], "texture": "#0"},
				"up": {"uv": [6.5, 6.5, 9.5, 9.5], "texture": "#0"},
				"down": {"uv": [6.5, 6.5, 9.5, 9.5], "texture": "#0"}
			}
		},
		{
			"from": [6.25, 12, 9.5],
			"to": [9.75, 13, 10],
			"rotation": {"angle": 0, "axis": "y", "origin": [13, 19.5, 13]},
			"faces": {
				"north": {"uv": [6.25, 3, 9.75, 4], "texture": "#0"},
				"east": {"uv": [6, 3, 6.5, 4], "texture": "#0"},
				"south": {"uv": [6.25, 3, 9.75, 4], "texture": "#0"},
				"west": {"uv": [9.5, 3, 10, 4], "texture": "#0"},
				"up": {"uv": [6.25, 9.5, 9.75, 10], "texture": "#0"},
				"down": {"uv": [6.25, 6, 9.75, 6.5], "texture": "#0"}
			}
		},
		{
			"from": [6.25, 12, 6],
			"to": [9.75, 13, 6.5],
			"rotation": {"angle": 0, "axis": "y", "origin": [13, 19.5, 9.5]},
			"faces": {
				"north": {"uv": [6.25, 3, 9.75, 4], "texture": "#0"},
				"east": {"uv": [9.5, 3, 10, 4], "texture": "#0"},
				"south": {"uv": [6.25, 3, 9.75, 4], "texture": "#0"},
				"west": {"uv": [6, 3, 6.5, 4], "texture": "#0"},
				"up": {"uv": [6.25, 6, 9.75, 6.5], "texture": "#0"},
				"down": {"uv": [6.25, 9.5, 9.75, 10], "texture": "#0"}
			}
		},
		{
			"from": [9.75, 12, 6.25],
			"to": [10, 13, 6.5],
			"rotation": {"angle": 0, "axis": "y", "origin": [16.5, 19.5, 9.5]},
			"faces": {
				"north": {"uv": [6, 3, 6.25, 4], "texture": "#0"},
				"east": {"uv": [9.5, 3, 9.75, 4], "texture": "#0"},
				"up": {"uv": [9.75, 6.25, 10, 6.5], "texture": "#0"},
				"down": {"uv": [9.75, 9.5, 10, 9.75], "texture": "#0"}
			}
		},
		{
			"from": [9.75, 12, 9.5],
			"to": [10, 13, 9.75],
			"rotation": {"angle": 0, "axis": "y", "origin": [16.5, 19.5, 12.75]},
			"faces": {
				"east": {"uv": [6.25, 3, 6.5, 4], "texture": "#0"},
				"south": {"uv": [9.75, 3, 10, 4], "texture": "#0"},
				"up": {"uv": [9.75, 9.5, 10, 9.75], "texture": "#0"},
				"down": {"uv": [9.75, 6.25, 10, 6.5], "texture": "#0"}
			}
		},
		{
			"from": [6, 12, 6.25],
			"to": [6.25, 13, 6.5],
			"rotation": {"angle": 0, "axis": "y", "origin": [12.75, 19.5, 9.5]},
			"faces": {
				"north": {"uv": [9.75, 3, 10, 4], "texture": "#0"},
				"west": {"uv": [6.25, 3, 6.5, 4], "texture": "#0"},
				"up": {"uv": [6, 6.25, 6.25, 6.5], "texture": "#0"},
				"down": {"uv": [6, 9.5, 6.25, 9.75], "texture": "#0"}
			}
		},
		{
			"from": [6.5, 10, 6.5],
			"to": [6.75, 13.5, 6.75],
			"rotation": {"angle": 0, "axis": "y", "origin": [13.75, 19.5, 10.5]},
			"faces": {
				"east": {"uv": [9.25, 2.5, 9.5, 6], "texture": "#0"},
				"south": {"uv": [6.5, 2.5, 6.75, 6], "texture": "#0"},
				"up": {"uv": [6.5, 6.5, 6.75, 6.75], "texture": "#0"}
			}
		},
		{
			"from": [9.25, 10, 6.5],
			"to": [9.5, 13.5, 6.75],
			"rotation": {"angle": 0, "axis": "y", "origin": [16.5, 19.5, 10.5]},
			"faces": {
				"south": {"uv": [9.25, 2.5, 9.5, 6], "texture": "#0"},
				"west": {"uv": [6.5, 2.5, 6.75, 6], "texture": "#0"},
				"up": {"uv": [9.25, 6.5, 9.5, 6.75], "texture": "#0"}
			}
		},
		{
			"from": [6.5, 10, 9.25],
			"to": [6.75, 13.5, 9.5],
			"rotation": {"angle": 0, "axis": "y", "origin": [13.75, 19.5, 13.25]},
			"faces": {
				"north": {"uv": [9.25, 2.5, 9.5, 6], "texture": "#0"},
				"east": {"uv": [6.5, 2.5, 6.75, 6], "texture": "#0"},
				"up": {"uv": [6.5, 9.25, 6.75, 9.5], "texture": "#0"}
			}
		},
		{
			"from": [9.25, 10, 9.25],
			"to": [9.5, 13.5, 9.5],
			"rotation": {"angle": 0, "axis": "y", "origin": [16.5, 19.5, 13.25]},
			"faces": {
				"north": {"uv": [6.5, 2.5, 6.75, 6], "texture": "#0"},
				"west": {"uv": [9.25, 2.5, 9.5, 6], "texture": "#0"},
				"up": {"uv": [9.25, 9.25, 9.5, 9.5], "texture": "#0"}
			}
		},
		{
			"from": [6, 12, 9.5],
			"to": [6.25, 13, 9.75],
			"rotation": {"angle": 0, "axis": "y", "origin": [12.75, 19.5, 12.75]},
			"faces": {
				"south": {"uv": [6, 3, 6.25, 4], "texture": "#0"},
				"west": {"uv": [9.5, 3, 9.75, 4], "texture": "#0"},
				"up": {"uv": [6, 9.5, 6.25, 9.75], "texture": "#0"},
				"down": {"uv": [6, 6.25, 6.25, 6.5], "texture": "#0"}
			}
		},
		{
			"from": [6, 12, 6.5],
			"to": [6.5, 13, 9.5],
			"rotation": {"angle": 0, "axis": "y", "origin": [13, 19.5, 10]},
			"faces": {
				"east": {"uv": [6.5, 3, 9.5, 4], "texture": "#0"},
				"west": {"uv": [6.5, 3, 9.5, 4], "texture": "#0"},
				"down": {"uv": [6, 6.5, 6.5, 9.5], "texture": "#0"}
			}
		},
		{
			"from": [9.5, 12, 6.5],
			"to": [10, 13, 9.5],
			"rotation": {"angle": 0, "axis": "y", "origin": [16.5, 19.5, 10]},
			"faces": {
				"east": {"uv": [6.5, 3, 9.5, 4], "texture": "#0"},
				"west": {"uv": [6.5, 3, 9.5, 4], "texture": "#0"},
				"down": {"uv": [9.5, 6.5, 10, 9.5], "texture": "#0"}
			}
		},
		{
			"from": [6.5, 10, 9.5],
			"to": [9.5, 12, 9.75],
			"rotation": {"angle": 0, "axis": "y", "origin": [13, 17.5, 13]},
			"faces": {
				"north": {"uv": [6.5, 4, 9.5, 6], "texture": "#0"},
				"east": {"uv": [6.25, 4, 6.5, 6], "texture": "#0"},
				"south": {"uv": [6.5, 4, 9.5, 6], "texture": "#0"},
				"west": {"uv": [9.5, 4, 9.75, 6], "texture": "#0"},
				"down": {"uv": [6.5, 6.25, 9.5, 6.5], "texture": "#0"}
			}
		},
		{
			"from": [6.5, 13, 9.5],
			"to": [9.5, 13.5, 10],
			"rotation": {"angle": 0, "axis": "y", "origin": [13, 20.5, 13]},
			"faces": {
				"north": {"uv": [6.5, 2.5, 9.5, 3], "texture": "#0"},
				"east": {"uv": [6, 2.5, 6.5, 3], "texture": "#0"},
				"south": {"uv": [6.5, 2.5, 9.5, 3], "texture": "#0"},
				"west": {"uv": [9.5, 2.5, 10, 3], "texture": "#0"},
				"up": {"uv": [6.5, 9.5, 9.5, 10], "texture": "#0"}
			}
		},
		{
			"from": [6.5, 10, 6.25],
			"to": [9.5, 12, 6.5],
			"rotation": {"angle": 0, "axis": "y", "origin": [13, 17.5, 9.5]},
			"faces": {
				"north": {"uv": [6.5, 4, 9.5, 6], "texture": "#0"},
				"east": {"uv": [9.5, 4, 9.75, 6], "texture": "#0"},
				"south": {"uv": [6.5, 4, 9.5, 6], "texture": "#0"},
				"west": {"uv": [6.25, 4, 6.5, 6], "texture": "#0"},
				"down": {"uv": [6.5, 9.5, 9.5, 9.75], "texture": "#0"}
			}
		},
		{
			"from": [6.5, 13, 6],
			"to": [9.5, 13.5, 6.5],
			"rotation": {"angle": 0, "axis": "y", "origin": [13, 20.5, 9.5]},
			"faces": {
				"north": {"uv": [6.5, 2.5, 9.5, 3], "texture": "#0"},
				"east": {"uv": [9.5, 2.5, 10, 3], "texture": "#0"},
				"south": {"uv": [6.5, 2.5, 9.5, 3], "texture": "#0"},
				"west": {"uv": [6, 2.5, 6.5, 3], "texture": "#0"},
				"up": {"uv": [6.5, 6, 9.5, 6.5], "texture": "#0"}
			}
		},
		{
			"from": [6.25, 10, 6.5],
			"to": [6.5, 12, 9.5],
			"rotation": {"angle": 0, "axis": "y", "origin": [11, 17.5, 13]},
			"faces": {
				"north": {"uv": [9.5, 4, 9.75, 6], "texture": "#0"},
				"east": {"uv": [6.5, 4, 9.5, 6], "texture": "#0"},
				"south": {"uv": [6.25, 4, 6.5, 6], "texture": "#0"},
				"west": {"uv": [6.5, 4, 9.5, 6], "texture": "#0"},
				"down": {"uv": [6.25, 6.5, 6.5, 9.5], "texture": "#0"}
			}
		},
		{
			"from": [6, 13, 6.5],
			"to": [6.5, 13.5, 9.5],
			"rotation": {"angle": 0, "axis": "y", "origin": [11, 20.5, 13]},
			"faces": {
				"north": {"uv": [9.5, 2.5, 10, 3], "texture": "#0"},
				"east": {"uv": [6.5, 2.5, 9.5, 3], "texture": "#0"},
				"south": {"uv": [6, 2.5, 6.5, 3], "texture": "#0"},
				"west": {"uv": [6.5, 2.5, 9.5, 3], "texture": "#0"},
				"up": {"uv": [6, 6.5, 6.5, 9.5], "texture": "#0"}
			}
		},
		{
			"from": [9.5, 10, 6.5],
			"to": [9.75, 12, 9.5],
			"rotation": {"angle": 0, "axis": "y", "origin": [14, 17.5, 13]},
			"faces": {
				"north": {"uv": [6.25, 4, 6.5, 6], "texture": "#0"},
				"east": {"uv": [6.5, 4, 9.5, 6], "texture": "#0"},
				"south": {"uv": [9.5, 4, 9.75, 6], "texture": "#0"},
				"west": {"uv": [6.5, 4, 9.5, 6], "texture": "#0"},
				"down": {"uv": [9.5, 6.5, 9.75, 9.5], "texture": "#0"}
			}
		},
		{
			"from": [9.5, 13, 6.5],
			"to": [10, 13.5, 9.5],
			"rotation": {"angle": 0, "axis": "y", "origin": [14, 20.5, 13]},
			"faces": {
				"north": {"uv": [6, 2.5, 6.5, 3], "texture": "#0"},
				"east": {"uv": [6.5, 2.5, 9.5, 3], "texture": "#0"},
				"south": {"uv": [9.5, 2.5, 10, 3], "texture": "#0"},
				"west": {"uv": [6.5, 2.5, 9.5, 3], "texture": "#0"},
				"up": {"uv": [9.5, 6.5, 10, 9.5], "texture": "#0"}
			}
		},
		{
			"from": [6, 3, 6],
			"to": [10, 3.75, 10],
			"rotation": {"angle": 0, "axis": "y", "origin": [13, 11, 13]},
			"faces": {
				"north": {"uv": [6, 12.25, 10, 13], "texture": "#0"},
				"east": {"uv": [6, 12.25, 10, 13], "texture": "#0"},
				"south": {"uv": [6, 12.25, 10, 13], "texture": "#0"},
				"west": {"uv": [6, 12.25, 10, 13], "texture": "#0"},
				"up": {"uv": [6, 6, 10, 10], "texture": "#0"}
			}
		},
		{
			"from": [6.5, 3.75, 6.5],
			"to": [9.5, 4.25, 9.5],
			"rotation": {"angle": 0, "axis": "y", "origin": [13, 11.75, 13]},
			"faces": {
				"north": {"uv": [6.5, 11.75, 9.5, 12.25], "texture": "#0"},
				"east": {"uv": [6.5, 11.75, 9.5, 12.25], "texture": "#0"},
				"south": {"uv": [6.5, 11.75, 9.5, 12.25], "texture": "#0"},
				"west": {"uv": [6.5, 11.75, 9.5, 12.25], "texture": "#0"},
				"up": {"uv": [6.5, 6.5, 9.5, 9.5], "texture": "#0"}
			}
		}
	],
	"display": {
		"head": {
			"translation": [0, -21.5, 0],
			"scale": [1.4, 1.4, 1.4]
		}
	},
	"groups": [
		{
			"name": "base",
			"origin": [13, 8, 13],
			"children": [0, 1, 2, 3]
		},
		{
			"name": "trophy",
			"origin": [13, 11.75, 13],
			"children": [
				{
					"name": "handle",
					"origin": [13, 11.75, 13],
					"children": [4, 5, 6, 7, 8, 9, 10, 11]
				},
				{
					"name": "main",
					"origin": [13, 11.75, 13],
					"children": [12, 13, 14, 15, 16, 17, 18, 19, 20, 21, 22, 23, 24, 25, 26, 27, 28, 29, 30, 31, 32, 33, 34, 35, 36]
				}
			]
		}
	]
}