{
	"credit": "Made by Philipp Opheys / pro_pixel_ from BuildmodeOne",
	"textures": {
		"0": "buildmodeone:3d_editor/models/water_still",
		"1": "buildmodeone:3d_editor/models/water_flow",
		"2": "block/stone",
		"3": "block/anvil",
		"4": "block/andesite",
		"6": "block/stonecutter_bottom",
		"particle": "buildmodeone:3d_editor/models/water_still"
	},
	"elements": [
		{
			"name": "plate",
			"from": [2, 0, 2],
			"to": [14, 0.5, 14],
			"rotation": {"angle": 0, "axis": "y", "origin": [8, 23, 8]},
			"faces": {
				"north": {"uv": [2, 15.5, 14, 16], "texture": "#6"},
				"east": {"uv": [2, 15.5, 14, 16], "texture": "#6"},
				"south": {"uv": [2, 15.5, 14, 16], "texture": "#6"},
				"west": {"uv": [2, 15.5, 14, 16], "texture": "#6"},
				"up": {"uv": [0, 0, 16, 16], "texture": "#6"},
				"down": {"uv": [2, 2, 14, 14], "texture": "#6"}
			}
		},
		{
			"name": "plate",
			"from": [4, 0.5, 4],
			"to": [12, 14, 12],
			"rotation": {"angle": 0, "axis": "y", "origin": [8, 23, 8]},
			"faces": {
				"north": {"uv": [4, 0, 12, 13.5], "texture": "#2"},
				"east": {"uv": [4, 0, 12, 13.5], "texture": "#2"},
				"south": {"uv": [4, 0, 12, 13.5], "texture": "#2"},
				"west": {"uv": [4, 0, 12, 13.5], "texture": "#2"},
				"up": {"uv": [4, 4, 12, 12], "texture": "#2"},
				"down": {"uv": [4, 4, 12, 12], "texture": "#2"}
			}
		},
		{
			"from": [13.5, 14.5, 2.5],
			"to": [13.8, 15, 13.8],
			"rotation": {"angle": 0, "axis": "y", "origin": [7, 22.5, 8]},
			"faces": {
				"north": {"uv": [2.2, 15, 2.5, 15.5], "texture": "#2"},
				"east": {"uv": [2.2, 15, 13.5, 15.5], "texture": "#3"},
				"south": {"uv": [13.5, 15, 13.8, 15.5], "texture": "#3"},
				"west": {"uv": [2.5, 15, 13.8, 15.5], "texture": "#2"},
				"up": {"uv": [13.5, 2.5, 13.8, 13.8], "texture": "#2"},
				"down": {"uv": [13.5, 2.2, 13.8, 13.5], "texture": "#2"}
			}
		},
		{
			"from": [13.5, 15, 2.5],
			"to": [14, 15.5, 14],
			"rotation": {"angle": 0, "axis": "y", "origin": [7, 22.5, 8]},
			"faces": {
				"north": {"uv": [2, 14.5, 2.5, 15], "texture": "#2"},
				"east": {"uv": [2, 14.5, 13.5, 15], "texture": "#2"},
				"south": {"uv": [13.5, 14.5, 14, 15], "texture": "#2"},
				"west": {"uv": [2.5, 14.5, 14, 15], "texture": "#2"},
				"up": {"uv": [13.5, 2.5, 14, 14], "texture": "#2"},
				"down": {"uv": [13.5, 2, 14, 13.5], "texture": "#2"}
			}
		},
		{
			"from": [2.2, 14.5, 13.5],
			"to": [13.5, 15, 13.8],
			"rotation": {"angle": 0, "axis": "y", "origin": [7, 22.5, 20]},
			"faces": {
				"north": {"uv": [2.5, 15, 13.8, 15.5], "texture": "#2"},
				"east": {"uv": [2.2, 15, 2.5, 15.5], "texture": "#2"},
				"south": {"uv": [2.2, 15, 13.5, 15.5], "texture": "#3"},
				"west": {"uv": [13.5, 15, 13.8, 15.5], "texture": "#3"},
				"up": {"uv": [2.2, 13.5, 13.5, 13.8], "texture": "#2"},
				"down": {"uv": [2.2, 2.2, 13.5, 2.5], "texture": "#2"}
			}
		},
		{
			"from": [2, 15, 13.5],
			"to": [13.5, 15.5, 14],
			"rotation": {"angle": 0, "axis": "y", "origin": [7, 22.5, 20]},
			"faces": {
				"north": {"uv": [2.5, 14.5, 14, 15], "texture": "#2"},
				"east": {"uv": [2, 14.5, 2.5, 15], "texture": "#2"},
				"south": {"uv": [2, 14.5, 13.5, 15], "texture": "#2"},
				"west": {"uv": [13.5, 14.5, 14, 15], "texture": "#2"},
				"up": {"uv": [2, 13.5, 13.5, 14], "texture": "#2"},
				"down": {"uv": [2, 2, 13.5, 2.5], "texture": "#2"}
			}
		},
		{
			"name": "plate",
			"from": [2, 14, 2],
			"to": [14, 14.5, 14],
			"rotation": {"angle": 0, "axis": "y", "origin": [8, 21.5, 8]},
			"faces": {
				"north": {"uv": [2, 15.5, 14, 16], "texture": "#2"},
				"east": {"uv": [2, 15.5, 14, 16], "texture": "#2"},
				"south": {"uv": [2, 15.5, 14, 16], "texture": "#2"},
				"west": {"uv": [2, 15.5, 14, 16], "texture": "#2"},
				"up": {"uv": [2, 2, 14, 14], "texture": "#2"},
				"down": {"uv": [2, 2, 14, 14], "texture": "#2"}
			}
		},
		{
			"from": [2.2, 14.5, 2.2],
			"to": [2.5, 15, 13.5],
			"rotation": {"angle": 0, "axis": "y", "origin": [-4, 22.5, 7]},
			"faces": {
				"north": {"uv": [13.5, 15, 13.8, 15.5], "texture": "#3"},
				"east": {"uv": [2.5, 15, 13.8, 15.5], "texture": "#2"},
				"south": {"uv": [2.2, 15, 2.5, 15.5], "texture": "#2"},
				"west": {"uv": [2.2, 15, 13.5, 15.5], "texture": "#3"},
				"up": {"uv": [2.2, 2.2, 2.5, 13.5], "texture": "#2"},
				"down": {"uv": [2.2, 2.5, 2.5, 13.8], "texture": "#2"}
			}
		},
		{
			"from": [2, 15, 2],
			"to": [2.5, 15.5, 13.5],
			"rotation": {"angle": 0, "axis": "y", "origin": [-4, 22.5, 7]},
			"faces": {
				"north": {"uv": [13.5, 14.5, 14, 15], "texture": "#2"},
				"east": {"uv": [2.5, 14.5, 14, 15], "texture": "#2"},
				"south": {"uv": [2, 14.5, 2.5, 15], "texture": "#2"},
				"west": {"uv": [2, 14.5, 13.5, 15], "texture": "#2"},
				"up": {"uv": [2, 2, 2.5, 13.5], "texture": "#2"},
				"down": {"uv": [2, 2.5, 2.5, 14], "texture": "#2"}
			}
		},
		{
			"from": [2.5, 14.5, 2.2],
			"to": [13.8, 15, 2.5],
			"rotation": {"angle": 0, "axis": "y", "origin": [8, 22.5, 9]},
			"faces": {
				"north": {"uv": [2.2, 15, 13.5, 15.5], "texture": "#3"},
				"east": {"uv": [13.5, 15, 13.8, 15.5], "texture": "#3"},
				"south": {"uv": [2.5, 15, 13.8, 15.5], "texture": "#2"},
				"west": {"uv": [2.2, 15, 2.5, 15.5], "texture": "#2"},
				"up": {"uv": [2.5, 2.2, 13.8, 2.5], "texture": "#2"},
				"down": {"uv": [2.5, 13.5, 13.8, 13.8], "texture": "#2"}
			}
		},
		{
			"from": [2.5, 15, 2],
			"to": [14, 15.5, 2.5],
			"rotation": {"angle": 0, "axis": "y", "origin": [8, 22.5, 9]},
			"faces": {
				"north": {"uv": [2, 14.5, 13.5, 15], "texture": "#2"},
				"east": {"uv": [13.5, 14.5, 14, 15], "texture": "#2"},
				"south": {"uv": [2.5, 14.5, 14, 15], "texture": "#2"},
				"west": {"uv": [2, 14.5, 2.5, 15], "texture": "#2"},
				"up": {"uv": [2.5, 2, 14, 2.5], "texture": "#2"},
				"down": {"uv": [2.5, 13.5, 14, 14], "texture": "#2"}
			}
		},
		{
			"from": [6.75, 14.5, 6.75],
			"to": [9.25, 26.5, 9.25],
			"rotation": {"angle": 0, "axis": "y", "origin": [8, 22.5, 8]},
			"faces": {
				"north": {"uv": [6.75, 3.5, 9.25, 15.5], "texture": "#4"},
				"east": {"uv": [6.75, 3.5, 9.25, 15.5], "texture": "#4"},
				"south": {"uv": [6.75, 3.5, 9.25, 15.5], "texture": "#4"},
				"west": {"uv": [6.75, 3.5, 9.25, 15.5], "texture": "#4"},
				"up": {"uv": [6.75, 6.75, 9.25, 9.25], "texture": "#4"},
				"down": {"uv": [6.75, 6.75, 9.25, 9.25], "texture": "#4"}
			}
		},
		{
			"from": [6.75, 26.5, 8.5],
			"to": [7, 27, 9.25],
			"rotation": {"angle": 0, "axis": "y", "origin": [7.75, 34.5, 8]},
			"faces": {
				"north": {"uv": [9, 3, 9.25, 3.5], "texture": "#3"},
				"east": {"uv": [6.75, 3, 7.5, 3.5], "texture": "#3"},
				"south": {"uv": [6.75, 3, 7, 3.5], "texture": "#3"},
				"west": {"uv": [8.5, 3, 9.25, 3.5], "texture": "#3"},
				"up": {"uv": [6.75, 8.5, 7, 9.25], "texture": "#3"},
				"down": {"uv": [6.75, 6.75, 7, 7.5], "texture": "#3"}
			}
		},
		{
			"from": [7, 26.5, 9],
			"to": [7.5, 27, 9.25],
			"rotation": {"angle": 0, "axis": "y", "origin": [8.25, 34.5, 8.25]},
			"faces": {
				"north": {"uv": [8.5, 3, 9, 3.5], "texture": "#3"},
				"east": {"uv": [6.75, 3, 7, 3.5], "texture": "#3"},
				"south": {"uv": [7, 3, 7.5, 3.5], "texture": "#3"},
				"west": {"uv": [9, 3, 9.25, 3.5], "texture": "#3"},
				"up": {"uv": [7, 9, 7.5, 9.25], "texture": "#3"},
				"down": {"uv": [7, 6.75, 7.5, 7], "texture": "#3"}
			}
		},
		{
			"from": [8.5, 26.5, 9],
			"to": [9.25, 27, 9.25],
			"rotation": {"angle": 0, "axis": "y", "origin": [10, 34.5, 8.25]},
			"faces": {
				"north": {"uv": [6.75, 3, 7.5, 3.5], "texture": "#3"},
				"east": {"uv": [6.75, 3, 7, 3.5], "texture": "#3"},
				"south": {"uv": [8.5, 3, 9.25, 3.5], "texture": "#3"},
				"west": {"uv": [9, 3, 9.25, 3.5], "texture": "#3"},
				"up": {"uv": [8.5, 9, 9.25, 9.25], "texture": "#3"},
				"down": {"uv": [8.5, 6.75, 9.25, 7], "texture": "#3"}
			}
		},
		{
			"from": [9, 26.5, 8.5],
			"to": [9.25, 27, 9],
			"rotation": {"angle": 0, "axis": "y", "origin": [10, 34.5, 8]},
			"faces": {
				"north": {"uv": [6.75, 3, 7, 3.5], "texture": "#3"},
				"east": {"uv": [7, 3, 7.5, 3.5], "texture": "#3"},
				"south": {"uv": [9, 3, 9.25, 3.5], "texture": "#3"},
				"west": {"uv": [8.5, 3, 9, 3.5], "texture": "#3"},
				"up": {"uv": [9, 8.5, 9.25, 9], "texture": "#3"},
				"down": {"uv": [9, 7, 9.25, 7.5], "texture": "#3"}
			}
		},
		{
			"from": [9, 26.5, 6.75],
			"to": [9.25, 27, 7.5],
			"rotation": {"angle": 0, "axis": "y", "origin": [10, 34.5, 6]},
			"faces": {
				"north": {"uv": [6.75, 3, 7, 3.5], "texture": "#3"},
				"east": {"uv": [8.5, 3, 9.25, 3.5], "texture": "#3"},
				"south": {"uv": [9, 3, 9.25, 3.5], "texture": "#3"},
				"west": {"uv": [6.75, 3, 7.5, 3.5], "texture": "#3"},
				"up": {"uv": [9, 6.75, 9.25, 7.5], "texture": "#3"},
				"down": {"uv": [9, 8.5, 9.25, 9.25], "texture": "#3"}
			}
		},
		{
			"from": [8.5, 26.5, 6.75],
			"to": [9, 27, 7],
			"rotation": {"angle": 0, "axis": "y", "origin": [9.75, 34.5, 6]},
			"faces": {
				"north": {"uv": [7, 3, 7.5, 3.5], "texture": "#3"},
				"east": {"uv": [9, 3, 9.25, 3.5], "texture": "#3"},
				"south": {"uv": [8.5, 3, 9, 3.5], "texture": "#3"},
				"west": {"uv": [6.75, 3, 7, 3.5], "texture": "#3"},
				"up": {"uv": [8.5, 6.75, 9, 7], "texture": "#3"},
				"down": {"uv": [8.5, 9, 9, 9.25], "texture": "#3"}
			}
		},
		{
			"from": [6.75, 26.5, 6.75],
			"to": [7.5, 27, 7],
			"rotation": {"angle": 0, "axis": "y", "origin": [8, 34.5, 6]},
			"faces": {
				"north": {"uv": [8.5, 3, 9.25, 3.5], "texture": "#3"},
				"east": {"uv": [9, 3, 9.25, 3.5], "texture": "#3"},
				"south": {"uv": [6.75, 3, 7.5, 3.5], "texture": "#3"},
				"west": {"uv": [6.75, 3, 7, 3.5], "texture": "#3"},
				"up": {"uv": [6.75, 6.75, 7.5, 7], "texture": "#3"},
				"down": {"uv": [6.75, 9, 7.5, 9.25], "texture": "#3"}
			}
		},
		{
			"from": [6.75, 26.5, 7],
			"to": [7, 27, 7.5],
			"rotation": {"angle": 0, "axis": "y", "origin": [7.75, 34.5, 6]},
			"faces": {
				"north": {"uv": [9, 3, 9.25, 3.5], "texture": "#3"},
				"east": {"uv": [8.5, 3, 9, 3.5], "texture": "#3"},
				"south": {"uv": [6.75, 3, 7, 3.5], "texture": "#3"},
				"west": {"uv": [7, 3, 7.5, 3.5], "texture": "#3"},
				"up": {"uv": [6.75, 7, 7, 7.5], "texture": "#3"},
				"down": {"uv": [6.75, 8.5, 7, 9], "texture": "#3"}
			}
		},
		{
			"from": [6.75, 14.5, 9.25],
			"to": [9.25, 23.5, 11.75],
			"rotation": {"angle": 0, "axis": "y", "origin": [8, 22.5, 10.5]},
			"faces": {
				"north": {"uv": [6.75, 6.5, 9.25, 15.5], "texture": "#6"},
				"east": {"uv": [4.25, 6.5, 6.75, 15.5], "texture": "#6"},
				"south": {"uv": [6.75, 6.5, 9.25, 15.5], "texture": "#6"},
				"west": {"uv": [9.25, 6.5, 11.75, 15.5], "texture": "#6"},
				"up": {"uv": [6.75, 9.25, 9.25, 11.75], "texture": "#6"},
				"down": {"uv": [6.75, 4.25, 9.25, 6.75], "texture": "#6"}
			}
		},
		{
			"from": [7, 23.5, 11.5],
			"to": [7.5, 24, 11.75],
			"rotation": {"angle": 0, "axis": "y", "origin": [8.25, 31.5, 10.75]},
			"faces": {
				"north": {"uv": [8.5, 6, 9, 6.5], "texture": "#3"},
				"east": {"uv": [4.25, 6, 4.5, 6.5], "texture": "#3"},
				"south": {"uv": [7, 6, 7.5, 6.5], "texture": "#3"},
				"west": {"uv": [11.5, 6, 11.75, 6.5], "texture": "#3"},
				"up": {"uv": [7, 11.5, 7.5, 11.75], "texture": "#3"},
				"down": {"uv": [7, 4.25, 7.5, 4.5], "texture": "#3"}
			}
		},
		{
			"from": [6.75, 23.5, 11],
			"to": [7, 24, 11.75],
			"rotation": {"angle": 0, "axis": "y", "origin": [7.75, 31.5, 10.5]},
			"faces": {
				"north": {"uv": [9, 6, 9.25, 6.5], "texture": "#3"},
				"east": {"uv": [4.25, 6, 5, 6.5], "texture": "#3"},
				"south": {"uv": [6.75, 6, 7, 6.5], "texture": "#3"},
				"west": {"uv": [11, 6, 11.75, 6.5], "texture": "#3"},
				"up": {"uv": [6.75, 11, 7, 11.75], "texture": "#3"},
				"down": {"uv": [6.75, 4.25, 7, 5], "texture": "#3"}
			}
		},
		{
			"from": [6.75, 23.5, 9.5],
			"to": [7, 24, 10],
			"rotation": {"angle": 0, "axis": "y", "origin": [7.75, 31.5, 8.5]},
			"faces": {
				"north": {"uv": [9, 6, 9.25, 6.5], "texture": "#3"},
				"east": {"uv": [6, 6, 6.5, 6.5], "texture": "#3"},
				"south": {"uv": [6.75, 6, 7, 6.5], "texture": "#3"},
				"west": {"uv": [9.5, 6, 10, 6.5], "texture": "#3"},
				"up": {"uv": [6.75, 9.5, 7, 10], "texture": "#3"},
				"down": {"uv": [6.75, 6, 7, 6.5], "texture": "#3"}
			}
		},
		{
			"from": [6.75, 23.5, 9.25],
			"to": [7.5, 24, 9.5],
			"rotation": {"angle": 0, "axis": "y", "origin": [8, 31.5, 8.5]},
			"faces": {
				"north": {"uv": [8.5, 6, 9.25, 6.5], "texture": "#3"},
				"east": {"uv": [6.5, 6, 6.75, 6.5], "texture": "#3"},
				"south": {"uv": [6.75, 6, 7.5, 6.5], "texture": "#3"},
				"west": {"uv": [9.25, 6, 9.5, 6.5], "texture": "#3"},
				"up": {"uv": [6.75, 9.25, 7.5, 9.5], "texture": "#3"},
				"down": {"uv": [6.75, 6.5, 7.5, 6.75], "texture": "#3"}
			}
		},
		{
			"from": [8.5, 23.5, 9.25],
			"to": [9, 24, 9.5],
			"rotation": {"angle": 0, "axis": "y", "origin": [9.75, 31.5, 8.5]},
			"faces": {
				"north": {"uv": [7, 6, 7.5, 6.5], "texture": "#3"},
				"east": {"uv": [6.5, 6, 6.75, 6.5], "texture": "#3"},
				"south": {"uv": [8.5, 6, 9, 6.5], "texture": "#3"},
				"west": {"uv": [9.25, 6, 9.5, 6.5], "texture": "#3"},
				"up": {"uv": [8.5, 9.25, 9, 9.5], "texture": "#3"},
				"down": {"uv": [8.5, 6.5, 9, 6.75], "texture": "#3"}
			}
		},
		{
			"from": [9, 23.5, 9.25],
			"to": [9.25, 24, 10],
			"rotation": {"angle": 0, "axis": "y", "origin": [10, 31.5, 8.5]},
			"faces": {
				"north": {"uv": [6.75, 6, 7, 6.5], "texture": "#3"},
				"east": {"uv": [6, 6, 6.75, 6.5], "texture": "#3"},
				"south": {"uv": [9, 6, 9.25, 6.5], "texture": "#3"},
				"west": {"uv": [9.25, 6, 10, 6.5], "texture": "#3"},
				"up": {"uv": [9, 9.25, 9.25, 10], "texture": "#3"},
				"down": {"uv": [9, 6, 9.25, 6.75], "texture": "#3"}
			}
		},
		{
			"from": [9, 23.5, 11],
			"to": [9.25, 24, 11.5],
			"rotation": {"angle": 0, "axis": "y", "origin": [10, 31.5, 10.5]},
			"faces": {
				"north": {"uv": [6.75, 6, 7, 6.5], "texture": "#3"},
				"east": {"uv": [4.5, 6, 5, 6.5], "texture": "#3"},
				"south": {"uv": [9, 6, 9.25, 6.5], "texture": "#3"},
				"west": {"uv": [11, 6, 11.5, 6.5], "texture": "#3"},
				"up": {"uv": [9, 11, 9.25, 11.5], "texture": "#3"},
				"down": {"uv": [9, 4.5, 9.25, 5], "texture": "#3"}
			}
		},
		{
			"from": [8.5, 23.5, 11.5],
			"to": [9.25, 24, 11.75],
			"rotation": {"angle": 0, "axis": "y", "origin": [10, 31.5, 10.75]},
			"faces": {
				"north": {"uv": [6.75, 6, 7.5, 6.5], "texture": "#3"},
				"east": {"uv": [4.25, 6, 4.5, 6.5], "texture": "#3"},
				"south": {"uv": [8.5, 6, 9.25, 6.5], "texture": "#3"},
				"west": {"uv": [11.5, 6, 11.75, 6.5], "texture": "#3"},
				"up": {"uv": [8.5, 11.5, 9.25, 11.75], "texture": "#3"},
				"down": {"uv": [8.5, 4.25, 9.25, 4.5], "texture": "#3"}
			}
		},
		{
			"from": [6.75, 14.5, 4.25],
			"to": [9.25, 24.5, 6.75],
			"rotation": {"angle": 0, "axis": "y", "origin": [8, 22.5, 5.5]},
			"faces": {
				"north": {"uv": [6.75, 5.5, 9.25, 15.5], "texture": "#6"},
				"east": {"uv": [9.25, 5.5, 11.75, 15.5], "texture": "#6"},
				"south": {"uv": [6.75, 5.5, 9.25, 15.5], "texture": "#6"},
				"west": {"uv": [4.25, 5.5, 6.75, 15.5], "texture": "#6"},
				"up": {"uv": [6.75, 4.25, 9.25, 6.75], "texture": "#6"},
				"down": {"uv": [6.75, 9.25, 9.25, 11.75], "texture": "#6"}
			}
		},
		{
			"from": [6.75, 24.5, 4.25],
			"to": [7.5, 25, 4.5],
			"rotation": {"angle": 0, "axis": "y", "origin": [8, 32.5, 3.5]},
			"faces": {
				"north": {"uv": [8.5, 5, 9.25, 5.5], "texture": "#3"},
				"east": {"uv": [11.5, 5, 11.75, 5.5], "texture": "#3"},
				"south": {"uv": [6.75, 5, 7.5, 5.5], "texture": "#3"},
				"west": {"uv": [4.25, 5, 4.5, 5.5], "texture": "#3"},
				"up": {"uv": [6.75, 4.25, 7.5, 4.5], "texture": "#3"},
				"down": {"uv": [6.75, 11.5, 7.5, 11.75], "texture": "#3"}
			}
		},
		{
			"from": [6.75, 24.5, 4.5],
			"to": [7, 25, 5],
			"rotation": {"angle": 0, "axis": "y", "origin": [7.75, 32.5, 3.5]},
			"faces": {
				"north": {"uv": [9, 5, 9.25, 5.5], "texture": "#3"},
				"east": {"uv": [11, 5, 11.5, 5.5], "texture": "#3"},
				"south": {"uv": [6.75, 5, 7, 5.5], "texture": "#3"},
				"west": {"uv": [4.5, 5, 5, 5.5], "texture": "#3"},
				"up": {"uv": [6.75, 4.5, 7, 5], "texture": "#3"},
				"down": {"uv": [6.75, 11, 7, 11.5], "texture": "#3"}
			}
		},
		{
			"from": [6.75, 24.5, 6],
			"to": [7, 25, 6.75],
			"rotation": {"angle": 0, "axis": "y", "origin": [7.75, 32.5, 5.5]},
			"faces": {
				"north": {"uv": [9, 5, 9.25, 5.5], "texture": "#3"},
				"east": {"uv": [9.25, 5, 10, 5.5], "texture": "#3"},
				"south": {"uv": [6.75, 5, 7, 5.5], "texture": "#3"},
				"west": {"uv": [6, 5, 6.75, 5.5], "texture": "#3"},
				"up": {"uv": [6.75, 6, 7, 6.75], "texture": "#3"},
				"down": {"uv": [6.75, 9.25, 7, 10], "texture": "#3"}
			}
		},
		{
			"from": [8.5, 24.5, 6.5],
			"to": [9.25, 25, 6.75],
			"rotation": {"angle": 0, "axis": "y", "origin": [10, 32.5, 5.75]},
			"faces": {
				"north": {"uv": [6.75, 5, 7.5, 5.5], "texture": "#3"},
				"east": {"uv": [9.25, 5, 9.5, 5.5], "texture": "#3"},
				"south": {"uv": [8.5, 5, 9.25, 5.5], "texture": "#3"},
				"west": {"uv": [6.5, 5, 6.75, 5.5], "texture": "#3"},
				"up": {"uv": [8.5, 6.5, 9.25, 6.75], "texture": "#3"},
				"down": {"uv": [8.5, 9.25, 9.25, 9.5], "texture": "#3"}
			}
		},
		{
			"from": [7, 24.5, 6.5],
			"to": [7.5, 25, 6.75],
			"rotation": {"angle": 0, "axis": "y", "origin": [8.25, 32.5, 5.75]},
			"faces": {
				"north": {"uv": [8.5, 5, 9, 5.5], "texture": "#3"},
				"east": {"uv": [9.25, 5, 9.5, 5.5], "texture": "#3"},
				"south": {"uv": [7, 5, 7.5, 5.5], "texture": "#3"},
				"west": {"uv": [6.5, 5, 6.75, 5.5], "texture": "#3"},
				"up": {"uv": [7, 6.5, 7.5, 6.75], "texture": "#3"},
				"down": {"uv": [7, 9.25, 7.5, 9.5], "texture": "#3"}
			}
		},
		{
			"from": [9, 24.5, 6],
			"to": [9.25, 25, 6.5],
			"rotation": {"angle": 0, "axis": "y", "origin": [10, 32.5, 5.5]},
			"faces": {
				"north": {"uv": [6.75, 5, 7, 5.5], "texture": "#3"},
				"east": {"uv": [9.5, 5, 10, 5.5], "texture": "#3"},
				"south": {"uv": [9, 5, 9.25, 5.5], "texture": "#3"},
				"west": {"uv": [6, 5, 6.5, 5.5], "texture": "#3"},
				"up": {"uv": [9, 6, 9.25, 6.5], "texture": "#3"},
				"down": {"uv": [9, 9.5, 9.25, 10], "texture": "#3"}
			}
		},
		{
			"from": [9, 24.5, 4.25],
			"to": [9.25, 25, 5],
			"rotation": {"angle": 0, "axis": "y", "origin": [10, 32.5, 3.5]},
			"faces": {
				"north": {"uv": [6.75, 5, 7, 5.5], "texture": "#3"},
				"east": {"uv": [11, 5, 11.75, 5.5], "texture": "#3"},
				"south": {"uv": [9, 5, 9.25, 5.5], "texture": "#3"},
				"west": {"uv": [4.25, 5, 5, 5.5], "texture": "#3"},
				"up": {"uv": [9, 4.25, 9.25, 5], "texture": "#3"},
				"down": {"uv": [9, 11, 9.25, 11.75], "texture": "#3"}
			}
		},
		{
			"from": [8.5, 24.5, 4.25],
			"to": [9, 25, 4.5],
			"rotation": {"angle": 0, "axis": "y", "origin": [9.75, 32.5, 3.5]},
			"faces": {
				"north": {"uv": [7, 5, 7.5, 5.5], "texture": "#3"},
				"east": {"uv": [11.5, 5, 11.75, 5.5], "texture": "#3"},
				"south": {"uv": [8.5, 5, 9, 5.5], "texture": "#3"},
				"west": {"uv": [4.25, 5, 4.5, 5.5], "texture": "#3"},
				"up": {"uv": [8.5, 4.25, 9, 4.5], "texture": "#3"},
				"down": {"uv": [8.5, 11.5, 9, 11.75], "texture": "#3"}
			}
		},
		{
			"from": [4.25, 14.5, 6.75],
			"to": [6.75, 22.5, 9.25],
			"rotation": {"angle": 0, "axis": "y", "origin": [5.5, 22.5, 8]},
			"faces": {
				"north": {"uv": [9.25, 7.5, 11.75, 15.5], "texture": "#6"},
				"east": {"uv": [6.75, 7.5, 9.25, 15.5], "texture": "#6"},
				"south": {"uv": [4.25, 7.5, 6.75, 15.5], "texture": "#6"},
				"west": {"uv": [6.75, 7.5, 9.25, 15.5], "texture": "#6"},
				"up": {"uv": [4.25, 6.75, 6.75, 9.25], "texture": "#6"},
				"down": {"uv": [4.25, 6.75, 6.75, 9.25], "texture": "#6"}
			}
		},
		{
			"from": [4.25, 22.5, 7],
			"to": [4.5, 23, 7.5],
			"rotation": {"angle": 0, "axis": "y", "origin": [5.25, 30.5, 6]},
			"faces": {
				"north": {"uv": [11.5, 7, 11.75, 7.5], "texture": "#3"},
				"east": {"uv": [8.5, 7, 9, 7.5], "texture": "#3"},
				"south": {"uv": [4.25, 7, 4.5, 7.5], "texture": "#3"},
				"west": {"uv": [7, 7, 7.5, 7.5], "texture": "#3"},
				"up": {"uv": [4.25, 7, 4.5, 7.5], "texture": "#3"},
				"down": {"uv": [4.25, 8.5, 4.5, 9], "texture": "#3"}
			}
		},
		{
			"from": [4.25, 22.5, 6.75],
			"to": [5, 23, 7],
			"rotation": {"angle": 0, "axis": "y", "origin": [5.5, 30.5, 6]},
			"faces": {
				"north": {"uv": [11, 7, 11.75, 7.5], "texture": "#3"},
				"east": {"uv": [9, 7, 9.25, 7.5], "texture": "#3"},
				"south": {"uv": [4.25, 7, 5, 7.5], "texture": "#3"},
				"west": {"uv": [6.75, 7, 7, 7.5], "texture": "#3"},
				"up": {"uv": [4.25, 6.75, 5, 7], "texture": "#3"},
				"down": {"uv": [4.25, 9, 5, 9.25], "texture": "#3"}
			}
		},
		{
			"from": [6, 22.5, 6.75],
			"to": [6.5, 23, 7],
			"rotation": {"angle": 0, "axis": "y", "origin": [7.25, 30.5, 6]},
			"faces": {
				"north": {"uv": [9.5, 7, 10, 7.5], "texture": "#3"},
				"east": {"uv": [9, 7, 9.25, 7.5], "texture": "#3"},
				"south": {"uv": [6, 7, 6.5, 7.5], "texture": "#3"},
				"west": {"uv": [6.75, 7, 7, 7.5], "texture": "#3"},
				"up": {"uv": [6, 6.75, 6.5, 7], "texture": "#3"},
				"down": {"uv": [6, 9, 6.5, 9.25], "texture": "#3"}
			}
		},
		{
			"from": [6.5, 22.5, 6.75],
			"to": [6.75, 23, 7.5],
			"rotation": {"angle": 0, "axis": "y", "origin": [7.5, 30.5, 6]},
			"faces": {
				"north": {"uv": [9.25, 7, 9.5, 7.5], "texture": "#3"},
				"east": {"uv": [8.5, 7, 9.25, 7.5], "texture": "#3"},
				"south": {"uv": [6.5, 7, 6.75, 7.5], "texture": "#3"},
				"west": {"uv": [6.75, 7, 7.5, 7.5], "texture": "#3"},
				"up": {"uv": [6.5, 6.75, 6.75, 7.5], "texture": "#3"},
				"down": {"uv": [6.5, 8.5, 6.75, 9.25], "texture": "#3"}
			}
		},
		{
			"from": [6.5, 22.5, 8.5],
			"to": [6.75, 23, 9],
			"rotation": {"angle": 0, "axis": "y", "origin": [7.5, 30.5, 8]},
			"faces": {
				"north": {"uv": [9.25, 7, 9.5, 7.5], "texture": "#3"},
				"east": {"uv": [7, 7, 7.5, 7.5], "texture": "#3"},
				"south": {"uv": [6.5, 7, 6.75, 7.5], "texture": "#3"},
				"west": {"uv": [8.5, 7, 9, 7.5], "texture": "#3"},
				"up": {"uv": [6.5, 8.5, 6.75, 9], "texture": "#3"},
				"down": {"uv": [6.5, 7, 6.75, 7.5], "texture": "#3"}
			}
		},
		{
			"from": [6, 22.5, 9],
			"to": [6.75, 23, 9.25],
			"rotation": {"angle": 0, "axis": "y", "origin": [7.5, 30.5, 8.25]},
			"faces": {
				"north": {"uv": [9.25, 7, 10, 7.5], "texture": "#3"},
				"east": {"uv": [6.75, 7, 7, 7.5], "texture": "#3"},
				"south": {"uv": [6, 7, 6.75, 7.5], "texture": "#3"},
				"west": {"uv": [9, 7, 9.25, 7.5], "texture": "#3"},
				"up": {"uv": [6, 9, 6.75, 9.25], "texture": "#3"},
				"down": {"uv": [6, 6.75, 6.75, 7], "texture": "#3"}
			}
		},
		{
			"from": [4.25, 22.5, 8.5],
			"to": [4.5, 23, 9.25],
			"rotation": {"angle": 0, "axis": "y", "origin": [5.25, 30.5, 8]},
			"faces": {
				"north": {"uv": [11.5, 7, 11.75, 7.5], "texture": "#3"},
				"east": {"uv": [6.75, 7, 7.5, 7.5], "texture": "#3"},
				"south": {"uv": [4.25, 7, 4.5, 7.5], "texture": "#3"},
				"west": {"uv": [8.5, 7, 9.25, 7.5], "texture": "#3"},
				"up": {"uv": [4.25, 8.5, 4.5, 9.25], "texture": "#3"},
				"down": {"uv": [4.25, 6.75, 4.5, 7.5], "texture": "#3"}
			}
		},
		{
			"from": [4.5, 22.5, 9],
			"to": [5, 23, 9.25],
			"rotation": {"angle": 0, "axis": "y", "origin": [5.75, 30.5, 8.25]},
			"faces": {
				"north": {"uv": [11, 7, 11.5, 7.5], "texture": "#3"},
				"east": {"uv": [6.75, 7, 7, 7.5], "texture": "#3"},
				"south": {"uv": [4.5, 7, 5, 7.5], "texture": "#3"},
				"west": {"uv": [9, 7, 9.25, 7.5], "texture": "#3"},
				"up": {"uv": [4.5, 9, 5, 9.25], "texture": "#3"},
				"down": {"uv": [4.5, 6.75, 5, 7], "texture": "#3"}
			}
		},
		{
			"from": [9.25, 14.5, 6.75],
			"to": [11.75, 21.5, 9.25],
			"rotation": {"angle": 0, "axis": "y", "origin": [10.5, 22.5, 8]},
			"faces": {
				"north": {"uv": [4.25, 8.5, 6.75, 15.5], "texture": "#6"},
				"east": {"uv": [6.75, 8.5, 9.25, 15.5], "texture": "#6"},
				"south": {"uv": [9.25, 8.5, 11.75, 15.5], "texture": "#6"},
				"west": {"uv": [6.75, 8.5, 9.25, 15.5], "texture": "#6"},
				"up": {"uv": [9.25, 6.75, 11.75, 9.25], "texture": "#6"},
				"down": {"uv": [9.25, 6.75, 11.75, 9.25], "texture": "#6"}
			}
		},
		{
			"from": [9.5, 21.5, 9],
			"to": [10, 22, 9.25],
			"rotation": {"angle": 0, "axis": "y", "origin": [10.75, 29.5, 8.25]},
			"faces": {
				"north": {"uv": [6, 8, 6.5, 8.5], "texture": "#3"},
				"east": {"uv": [6.75, 8, 7, 8.5], "texture": "#3"},
				"south": {"uv": [9.5, 8, 10, 8.5], "texture": "#3"},
				"west": {"uv": [9, 8, 9.25, 8.5], "texture": "#3"},
				"up": {"uv": [9.5, 9, 10, 9.25], "texture": "#3"},
				"down": {"uv": [9.5, 6.75, 10, 7], "texture": "#3"}
			}
		},
		{
			"from": [9.25, 21.5, 8.5],
			"to": [9.5, 22, 9.25],
			"rotation": {"angle": 0, "axis": "y", "origin": [10.25, 29.5, 8]},
			"faces": {
				"north": {"uv": [6.5, 8, 6.75, 8.5], "texture": "#3"},
				"east": {"uv": [6.75, 8, 7.5, 8.5], "texture": "#3"},
				"south": {"uv": [9.25, 8, 9.5, 8.5], "texture": "#3"},
				"west": {"uv": [8.5, 8, 9.25, 8.5], "texture": "#3"},
				"up": {"uv": [9.25, 8.5, 9.5, 9.25], "texture": "#3"},
				"down": {"uv": [9.25, 6.75, 9.5, 7.5], "texture": "#3"}
			}
		},
		{
			"from": [9.25, 21.5, 7],
			"to": [9.5, 22, 7.5],
			"rotation": {"angle": 0, "axis": "y", "origin": [10.25, 29.5, 6]},
			"faces": {
				"north": {"uv": [6.5, 8, 6.75, 8.5], "texture": "#3"},
				"east": {"uv": [8.5, 8, 9, 8.5], "texture": "#3"},
				"south": {"uv": [9.25, 8, 9.5, 8.5], "texture": "#3"},
				"west": {"uv": [7, 8, 7.5, 8.5], "texture": "#3"},
				"up": {"uv": [9.25, 7, 9.5, 7.5], "texture": "#3"},
				"down": {"uv": [9.25, 8.5, 9.5, 9], "texture": "#3"}
			}
		},
		{
			"from": [9.25, 21.5, 6.75],
			"to": [10, 22, 7],
			"rotation": {"angle": 0, "axis": "y", "origin": [10.5, 29.5, 6]},
			"faces": {
				"north": {"uv": [6, 8, 6.75, 8.5], "texture": "#3"},
				"east": {"uv": [9, 8, 9.25, 8.5], "texture": "#3"},
				"south": {"uv": [9.25, 8, 10, 8.5], "texture": "#3"},
				"west": {"uv": [6.75, 8, 7, 8.5], "texture": "#3"},
				"up": {"uv": [9.25, 6.75, 10, 7], "texture": "#3"},
				"down": {"uv": [9.25, 9, 10, 9.25], "texture": "#3"}
			}
		},
		{
			"from": [11, 21.5, 6.75],
			"to": [11.5, 22, 7],
			"rotation": {"angle": 0, "axis": "y", "origin": [12.25, 29.5, 6]},
			"faces": {
				"north": {"uv": [4.5, 8, 5, 8.5], "texture": "#3"},
				"east": {"uv": [9, 8, 9.25, 8.5], "texture": "#3"},
				"south": {"uv": [11, 8, 11.5, 8.5], "texture": "#3"},
				"west": {"uv": [6.75, 8, 7, 8.5], "texture": "#3"},
				"up": {"uv": [11, 6.75, 11.5, 7], "texture": "#3"},
				"down": {"uv": [11, 9, 11.5, 9.25], "texture": "#3"}
			}
		},
		{
			"from": [11.5, 21.5, 6.75],
			"to": [11.75, 22, 7.5],
			"rotation": {"angle": 0, "axis": "y", "origin": [12.5, 29.5, 6]},
			"faces": {
				"north": {"uv": [4.25, 8, 4.5, 8.5], "texture": "#3"},
				"east": {"uv": [8.5, 8, 9.25, 8.5], "texture": "#3"},
				"south": {"uv": [11.5, 8, 11.75, 8.5], "texture": "#3"},
				"west": {"uv": [6.75, 8, 7.5, 8.5], "texture": "#3"},
				"up": {"uv": [11.5, 6.75, 11.75, 7.5], "texture": "#3"},
				"down": {"uv": [11.5, 8.5, 11.75, 9.25], "texture": "#3"}
			}
		},
		{
			"from": [11.5, 21.5, 8.5],
			"to": [11.75, 22, 9],
			"rotation": {"angle": 0, "axis": "y", "origin": [12.5, 29.5, 8]},
			"faces": {
				"north": {"uv": [4.25, 8, 4.5, 8.5], "texture": "#3"},
				"east": {"uv": [7, 8, 7.5, 8.5], "texture": "#3"},
				"south": {"uv": [11.5, 8, 11.75, 8.5], "texture": "#3"},
				"west": {"uv": [8.5, 8, 9, 8.5], "texture": "#3"},
				"up": {"uv": [11.5, 8.5, 11.75, 9], "texture": "#3"},
				"down": {"uv": [11.5, 7, 11.75, 7.5], "texture": "#3"}
			}
		},
		{
			"from": [11, 21.5, 9],
			"to": [11.75, 22, 9.25],
			"rotation": {"angle": 0, "axis": "y", "origin": [12.5, 29.5, 8.25]},
			"faces": {
				"north": {"uv": [4.25, 8, 5, 8.5], "texture": "#3"},
				"east": {"uv": [6.75, 8, 7, 8.5], "texture": "#3"},
				"south": {"uv": [11, 8, 11.75, 8.5], "texture": "#3"},
				"west": {"uv": [9, 8, 9.25, 8.5], "texture": "#3"},
				"up": {"uv": [11, 9, 11.75, 9.25], "texture": "#3"},
				"down": {"uv": [11, 6.75, 11.75, 7], "texture": "#3"}
			}
		},
		{
			"from": [9.25, 14.5, 9.25],
			"to": [11.65, 18.5, 11.65],
			"rotation": {"angle": 0, "axis": "y", "origin": [10.5, 22.5, 10.5]},
			"faces": {
				"north": {"uv": [4.35, 11.5, 6.75, 15.5], "texture": "#4"},
				"east": {"uv": [4.35, 11.5, 6.75, 15.5], "texture": "#4"},
				"south": {"uv": [9.25, 11.5, 11.65, 15.5], "texture": "#4"},
				"west": {"uv": [9.25, 11.5, 11.65, 15.5], "texture": "#4"},
				"up": {"uv": [9.25, 9.25, 11.65, 11.65], "texture": "#4"},
				"down": {"uv": [9.25, 4.35, 11.65, 6.75], "texture": "#4"}
			}
		},
		{
			"from": [9.5, 18.5, 11.5],
			"to": [10, 19, 11.65],
			"rotation": {"angle": 0, "axis": "y", "origin": [10.75, 26.5, 10.75]},
			"faces": {
				"north": {"uv": [6, 11, 6.5, 11.5], "texture": "#3"},
				"east": {"uv": [4.35, 11, 4.5, 11.5], "texture": "#3"},
				"south": {"uv": [9.5, 11, 10, 11.5], "texture": "#3"},
				"west": {"uv": [11.5, 11, 11.65, 11.5], "texture": "#3"},
				"up": {"uv": [9.5, 11.5, 10, 11.65], "texture": "#3"},
				"down": {"uv": [9.5, 4.35, 10, 4.5], "texture": "#3"}
			}
		},
		{
			"from": [9.25, 18.5, 11],
			"to": [9.5, 19, 11.65],
			"rotation": {"angle": 0, "axis": "y", "origin": [10.25, 26.5, 10.5]},
			"faces": {
				"north": {"uv": [6.5, 11, 6.75, 11.5], "texture": "#3"},
				"east": {"uv": [4.35, 11, 5, 11.5], "texture": "#3"},
				"south": {"uv": [9.25, 11, 9.5, 11.5], "texture": "#3"},
				"west": {"uv": [11, 11, 11.65, 11.5], "texture": "#3"},
				"up": {"uv": [9.25, 11, 9.5, 11.65], "texture": "#3"},
				"down": {"uv": [9.25, 4.35, 9.5, 5], "texture": "#3"}
			}
		},
		{
			"from": [9.25, 18.5, 9.5],
			"to": [9.5, 19, 10],
			"rotation": {"angle": 0, "axis": "y", "origin": [10.25, 26.5, 8.5]},
			"faces": {
				"north": {"uv": [6.5, 11, 6.75, 11.5], "texture": "#3"},
				"east": {"uv": [6, 11, 6.5, 11.5], "texture": "#3"},
				"south": {"uv": [9.25, 11, 9.5, 11.5], "texture": "#3"},
				"west": {"uv": [9.5, 11, 10, 11.5], "texture": "#3"},
				"up": {"uv": [9.25, 9.5, 9.5, 10], "texture": "#3"},
				"down": {"uv": [9.25, 6, 9.5, 6.5], "texture": "#3"}
			}
		},
		{
			"from": [9.25, 18.5, 9.25],
			"to": [10, 19, 9.5],
			"rotation": {"angle": 0, "axis": "y", "origin": [10.5, 26.5, 8.5]},
			"faces": {
				"north": {"uv": [6, 11, 6.75, 11.5], "texture": "#3"},
				"east": {"uv": [6.5, 11, 6.75, 11.5], "texture": "#3"},
				"south": {"uv": [9.25, 11, 10, 11.5], "texture": "#3"},
				"west": {"uv": [9.25, 11, 9.5, 11.5], "texture": "#3"},
				"up": {"uv": [9.25, 9.25, 10, 9.5], "texture": "#3"},
				"down": {"uv": [9.25, 6.5, 10, 6.75], "texture": "#3"}
			}
		},
		{
			"from": [11, 18.5, 9.25],
			"to": [11.5, 19, 9.5],
			"rotation": {"angle": 0, "axis": "y", "origin": [12.25, 26.5, 8.5]},
			"faces": {
				"north": {"uv": [4.5, 11, 5, 11.5], "texture": "#3"},
				"east": {"uv": [6.5, 11, 6.75, 11.5], "texture": "#3"},
				"south": {"uv": [11, 11, 11.5, 11.5], "texture": "#3"},
				"west": {"uv": [9.25, 11, 9.5, 11.5], "texture": "#3"},
				"up": {"uv": [11, 9.25, 11.5, 9.5], "texture": "#3"},
				"down": {"uv": [11, 6.5, 11.5, 6.75], "texture": "#3"}
			}
		},
		{
			"from": [11.5, 18.5, 9.25],
			"to": [11.65, 19, 10],
			"rotation": {"angle": 0, "axis": "y", "origin": [12.5, 26.5, 8.5]},
			"faces": {
				"north": {"uv": [4.35, 11, 4.5, 11.5], "texture": "#3"},
				"east": {"uv": [6, 11, 6.75, 11.5], "texture": "#3"},
				"south": {"uv": [11.5, 11, 11.65, 11.5], "texture": "#3"},
				"west": {"uv": [9.25, 11, 10, 11.5], "texture": "#3"},
				"up": {"uv": [11.5, 9.25, 11.65, 10], "texture": "#3"},
				"down": {"uv": [11.5, 6, 11.65, 6.75], "texture": "#3"}
			}
		},
		{
			"from": [11.5, 18.5, 11],
			"to": [11.65, 19, 11.5],
			"rotation": {"angle": 0, "axis": "y", "origin": [12.5, 26.5, 10.5]},
			"faces": {
				"north": {"uv": [4.35, 11, 4.5, 11.5], "texture": "#3"},
				"east": {"uv": [4.5, 11, 5, 11.5], "texture": "#3"},
				"south": {"uv": [11.5, 11, 11.65, 11.5], "texture": "#3"},
				"west": {"uv": [11, 11, 11.5, 11.5], "texture": "#3"},
				"up": {"uv": [11.5, 11, 11.65, 11.5], "texture": "#3"},
				"down": {"uv": [11.5, 4.5, 11.65, 5], "texture": "#3"}
			}
		},
		{
			"from": [11, 18.5, 11.5],
			"to": [11.65, 19, 11.65],
			"rotation": {"angle": 0, "axis": "y", "origin": [12.5, 26.5, 10.75]},
			"faces": {
				"north": {"uv": [4.35, 11, 5, 11.5], "texture": "#3"},
				"east": {"uv": [4.35, 11, 4.5, 11.5], "texture": "#3"},
				"south": {"uv": [11, 11, 11.65, 11.5], "texture": "#3"},
				"west": {"uv": [11.5, 11, 11.65, 11.5], "texture": "#3"},
				"up": {"uv": [11, 11.5, 11.65, 11.65], "texture": "#3"},
				"down": {"uv": [11, 4.35, 11.65, 4.5], "texture": "#3"}
			}
		},
		{
			"from": [9.25, 14.5, 4.35],
			"to": [11.65, 20.5, 6.75],
			"rotation": {"angle": 0, "axis": "y", "origin": [10.5, 22.5, 5.5]},
			"faces": {
				"north": {"uv": [4.35, 9.5, 6.75, 15.5], "texture": "#4"},
				"east": {"uv": [9.25, 9.5, 11.65, 15.5], "texture": "#4"},
				"south": {"uv": [9.25, 9.5, 11.65, 15.5], "texture": "#4"},
				"west": {"uv": [4.35, 9.5, 6.75, 15.5], "texture": "#4"},
				"up": {"uv": [9.25, 4.35, 11.65, 6.75], "texture": "#4"},
				"down": {"uv": [9.25, 9.25, 11.65, 11.65], "texture": "#4"}
			}
		},
		{
			"from": [11, 20.5, 6.5],
			"to": [11.65, 21, 6.75],
			"rotation": {"angle": 0, "axis": "y", "origin": [12.5, 28.5, 5.75]},
			"faces": {
				"north": {"uv": [4.35, 9, 5, 9.5], "texture": "#3"},
				"east": {"uv": [9.25, 9, 9.5, 9.5], "texture": "#3"},
				"south": {"uv": [11, 9, 11.65, 9.5], "texture": "#3"},
				"west": {"uv": [6.5, 9, 6.75, 9.5], "texture": "#3"},
				"up": {"uv": [11, 6.5, 11.65, 6.75], "texture": "#3"},
				"down": {"uv": [11, 9.25, 11.65, 9.5], "texture": "#3"}
			}
		},
		{
			"from": [11.5, 20.5, 6],
			"to": [11.65, 21, 6.5],
			"rotation": {"angle": 0, "axis": "y", "origin": [12.5, 28.5, 5.5]},
			"faces": {
				"north": {"uv": [4.35, 9, 4.5, 9.5], "texture": "#3"},
				"east": {"uv": [9.5, 9, 10, 9.5], "texture": "#3"},
				"south": {"uv": [11.5, 9, 11.65, 9.5], "texture": "#3"},
				"west": {"uv": [6, 9, 6.5, 9.5], "texture": "#3"},
				"up": {"uv": [11.5, 6, 11.65, 6.5], "texture": "#3"},
				"down": {"uv": [11.5, 9.5, 11.65, 10], "texture": "#3"}
			}
		},
		{
			"from": [11.5, 20.5, 4.35],
			"to": [11.65, 21, 5],
			"rotation": {"angle": 0, "axis": "y", "origin": [12.5, 28.5, 3.5]},
			"faces": {
				"north": {"uv": [4.35, 9, 4.5, 9.5], "texture": "#3"},
				"east": {"uv": [11, 9, 11.65, 9.5], "texture": "#3"},
				"south": {"uv": [11.5, 9, 11.65, 9.5], "texture": "#3"},
				"west": {"uv": [4.35, 9, 5, 9.5], "texture": "#3"},
				"up": {"uv": [11.5, 4.35, 11.65, 5], "texture": "#3"},
				"down": {"uv": [11.5, 11, 11.65, 11.65], "texture": "#3"}
			}
		},
		{
			"from": [11, 20.5, 4.35],
			"to": [11.5, 21, 4.5],
			"rotation": {"angle": 0, "axis": "y", "origin": [12.25, 28.5, 3.5]},
			"faces": {
				"north": {"uv": [4.5, 9, 5, 9.5], "texture": "#3"},
				"east": {"uv": [11.5, 9, 11.65, 9.5], "texture": "#3"},
				"south": {"uv": [11, 9, 11.5, 9.5], "texture": "#3"},
				"west": {"uv": [4.35, 9, 4.5, 9.5], "texture": "#3"},
				"up": {"uv": [11, 4.35, 11.5, 4.5], "texture": "#3"},
				"down": {"uv": [11, 11.5, 11.5, 11.65], "texture": "#3"}
			}
		},
		{
			"from": [9.25, 20.5, 4.35],
			"to": [10, 21, 4.5],
			"rotation": {"angle": 0, "axis": "y", "origin": [10.5, 28.5, 3.5]},
			"faces": {
				"north": {"uv": [6, 9, 6.75, 9.5], "texture": "#3"},
				"east": {"uv": [11.5, 9, 11.65, 9.5], "texture": "#3"},
				"south": {"uv": [9.25, 9, 10, 9.5], "texture": "#3"},
				"west": {"uv": [4.35, 9, 4.5, 9.5], "texture": "#3"},
				"up": {"uv": [9.25, 4.35, 10, 4.5], "texture": "#3"},
				"down": {"uv": [9.25, 11.5, 10, 11.65], "texture": "#3"}
			}
		},
		{
			"from": [9.25, 20.5, 4.5],
			"to": [9.5, 21, 5],
			"rotation": {"angle": 0, "axis": "y", "origin": [10.25, 28.5, 3.5]},
			"faces": {
				"north": {"uv": [6.5, 9, 6.75, 9.5], "texture": "#3"},
				"east": {"uv": [11, 9, 11.5, 9.5], "texture": "#3"},
				"south": {"uv": [9.25, 9, 9.5, 9.5], "texture": "#3"},
				"west": {"uv": [4.5, 9, 5, 9.5], "texture": "#3"},
				"up": {"uv": [9.25, 4.5, 9.5, 5], "texture": "#3"},
				"down": {"uv": [9.25, 11, 9.5, 11.5], "texture": "#3"}
			}
		},
		{
			"from": [9.25, 20.5, 6],
			"to": [9.5, 21, 6.75],
			"rotation": {"angle": 0, "axis": "y", "origin": [10.25, 28.5, 5.5]},
			"faces": {
				"north": {"uv": [6.5, 9, 6.75, 9.5], "texture": "#3"},
				"east": {"uv": [9.25, 9, 10, 9.5], "texture": "#3"},
				"south": {"uv": [9.25, 9, 9.5, 9.5], "texture": "#3"},
				"west": {"uv": [6, 9, 6.75, 9.5], "texture": "#3"},
				"up": {"uv": [9.25, 6, 9.5, 6.75], "texture": "#3"},
				"down": {"uv": [9.25, 9.25, 9.5, 10], "texture": "#3"}
			}
		},
		{
			"from": [9.5, 20.5, 6.5],
			"to": [10, 21, 6.75],
			"rotation": {"angle": 0, "axis": "y", "origin": [10.75, 28.5, 5.75]},
			"faces": {
				"north": {"uv": [6, 9, 6.5, 9.5], "texture": "#3"},
				"east": {"uv": [9.25, 9, 9.5, 9.5], "texture": "#3"},
				"south": {"uv": [9.5, 9, 10, 9.5], "texture": "#3"},
				"west": {"uv": [6.5, 9, 6.75, 9.5], "texture": "#3"},
				"up": {"uv": [9.5, 6.5, 10, 6.75], "texture": "#3"},
				"down": {"uv": [9.5, 9.25, 10, 9.5], "texture": "#3"}
			}
		},
		{
			"from": [4.35, 14.5, 4.35],
			"to": [6.75, 19.5, 6.75],
			"rotation": {"angle": 0, "axis": "y", "origin": [5.5, 22.5, 5.5]},
			"faces": {
				"north": {"uv": [9.25, 10.5, 11.65, 15.5], "texture": "#4"},
				"east": {"uv": [9.25, 10.5, 11.65, 15.5], "texture": "#4"},
				"south": {"uv": [4.35, 10.5, 6.75, 15.5], "texture": "#4"},
				"west": {"uv": [4.35, 10.5, 6.75, 15.5], "texture": "#4"},
				"up": {"uv": [4.35, 4.35, 6.75, 6.75], "texture": "#4"},
				"down": {"uv": [4.35, 9.25, 6.75, 11.65], "texture": "#4"}
			}
		},
		{
			"from": [6, 19.5, 4.35],
			"to": [6.5, 20, 4.5],
			"rotation": {"angle": 0, "axis": "y", "origin": [7.25, 27.5, 3.5]},
			"faces": {
				"north": {"uv": [9.5, 10, 10, 10.5], "texture": "#3"},
				"east": {"uv": [11.5, 10, 11.65, 10.5], "texture": "#3"},
				"south": {"uv": [6, 10, 6.5, 10.5], "texture": "#3"},
				"west": {"uv": [4.35, 10, 4.5, 10.5], "texture": "#3"},
				"up": {"uv": [6, 4.35, 6.5, 4.5], "texture": "#3"},
				"down": {"uv": [6, 11.5, 6.5, 11.65], "texture": "#3"}
			}
		},
		{
			"from": [6.5, 19.5, 4.35],
			"to": [6.75, 20, 5],
			"rotation": {"angle": 0, "axis": "y", "origin": [7.5, 27.5, 3.5]},
			"faces": {
				"north": {"uv": [9.25, 10, 9.5, 10.5], "texture": "#3"},
				"east": {"uv": [11, 10, 11.65, 10.5], "texture": "#3"},
				"south": {"uv": [6.5, 10, 6.75, 10.5], "texture": "#3"},
				"west": {"uv": [4.35, 10, 5, 10.5], "texture": "#3"},
				"up": {"uv": [6.5, 4.35, 6.75, 5], "texture": "#3"},
				"down": {"uv": [6.5, 11, 6.75, 11.65], "texture": "#3"}
			}
		},
		{
			"from": [4.35, 19.5, 4.5],
			"to": [4.5, 20, 5],
			"rotation": {"angle": 0, "axis": "y", "origin": [5.25, 27.5, 3.5]},
			"faces": {
				"north": {"uv": [11.5, 10, 11.65, 10.5], "texture": "#3"},
				"east": {"uv": [11, 10, 11.5, 10.5], "texture": "#3"},
				"south": {"uv": [4.35, 10, 4.5, 10.5], "texture": "#3"},
				"west": {"uv": [4.5, 10, 5, 10.5], "texture": "#3"},
				"up": {"uv": [4.35, 4.5, 4.5, 5], "texture": "#3"},
				"down": {"uv": [4.35, 11, 4.5, 11.5], "texture": "#3"}
			}
		},
		{
			"from": [4.35, 19.5, 4.35],
			"to": [5, 20, 4.5],
			"rotation": {"angle": 0, "axis": "y", "origin": [5.5, 27.5, 3.5]},
			"faces": {
				"north": {"uv": [11, 10, 11.65, 10.5], "texture": "#3"},
				"east": {"uv": [11.5, 10, 11.65, 10.5], "texture": "#3"},
				"south": {"uv": [4.35, 10, 5, 10.5], "texture": "#3"},
				"west": {"uv": [4.35, 10, 4.5, 10.5], "texture": "#3"},
				"up": {"uv": [4.35, 4.35, 5, 4.5], "texture": "#3"},
				"down": {"uv": [4.35, 11.5, 5, 11.65], "texture": "#3"}
			}
		},
		{
			"from": [4.35, 19.5, 6],
			"to": [4.5, 20, 6.75],
			"rotation": {"angle": 0, "axis": "y", "origin": [5.25, 27.5, 5.5]},
			"faces": {
				"north": {"uv": [11.5, 10, 11.65, 10.5], "texture": "#3"},
				"east": {"uv": [9.25, 10, 10, 10.5], "texture": "#3"},
				"south": {"uv": [4.35, 10, 4.5, 10.5], "texture": "#3"},
				"west": {"uv": [6, 10, 6.75, 10.5], "texture": "#3"},
				"up": {"uv": [4.35, 6, 4.5, 6.75], "texture": "#3"},
				"down": {"uv": [4.35, 9.25, 4.5, 10], "texture": "#3"}
			}
		},
		{
			"from": [4.5, 19.5, 6.5],
			"to": [5, 20, 6.75],
			"rotation": {"angle": 0, "axis": "y", "origin": [5.75, 27.5, 5.75]},
			"faces": {
				"north": {"uv": [11, 10, 11.5, 10.5], "texture": "#3"},
				"east": {"uv": [9.25, 10, 9.5, 10.5], "texture": "#3"},
				"south": {"uv": [4.5, 10, 5, 10.5], "texture": "#3"},
				"west": {"uv": [6.5, 10, 6.75, 10.5], "texture": "#3"},
				"up": {"uv": [4.5, 6.5, 5, 6.75], "texture": "#3"},
				"down": {"uv": [4.5, 9.25, 5, 9.5], "texture": "#3"}
			}
		},
		{
			"from": [6, 19.5, 6.5],
			"to": [6.75, 20, 6.75],
			"rotation": {"angle": 0, "axis": "y", "origin": [7.5, 27.5, 5.75]},
			"faces": {
				"north": {"uv": [9.25, 10, 10, 10.5], "texture": "#3"},
				"east": {"uv": [9.25, 10, 9.5, 10.5], "texture": "#3"},
				"south": {"uv": [6, 10, 6.75, 10.5], "texture": "#3"},
				"west": {"uv": [6.5, 10, 6.75, 10.5], "texture": "#3"},
				"up": {"uv": [6, 6.5, 6.75, 6.75], "texture": "#3"},
				"down": {"uv": [6, 9.25, 6.75, 9.5], "texture": "#3"}
			}
		},
		{
			"from": [6.5, 19.5, 6],
			"to": [6.75, 20, 6.5],
			"rotation": {"angle": 0, "axis": "y", "origin": [7.5, 27.5, 5.5]},
			"faces": {
				"north": {"uv": [9.25, 10, 9.5, 10.5], "texture": "#3"},
				"east": {"uv": [9.5, 10, 10, 10.5], "texture": "#3"},
				"south": {"uv": [6.5, 10, 6.75, 10.5], "texture": "#3"},
				"west": {"uv": [6, 10, 6.5, 10.5], "texture": "#3"},
				"up": {"uv": [6.5, 6, 6.75, 6.5], "texture": "#3"},
				"down": {"uv": [6.5, 9.5, 6.75, 10], "texture": "#3"}
			}
		},
		{
			"from": [4.35, 14.5, 9.25],
			"to": [6.75, 21.5, 11.65],
			"rotation": {"angle": 0, "axis": "y", "origin": [5.5, 22.5, 10.5]},
			"faces": {
				"north": {"uv": [9.25, 8.5, 11.65, 15.5], "texture": "#4"},
				"east": {"uv": [4.35, 8.5, 6.75, 15.5], "texture": "#4"},
				"south": {"uv": [4.35, 8.5, 6.75, 15.5], "texture": "#4"},
				"west": {"uv": [9.25, 8.5, 11.65, 15.5], "texture": "#4"},
				"up": {"uv": [4.35, 9.25, 6.75, 11.65], "texture": "#4"},
				"down": {"uv": [4.35, 4.35, 6.75, 6.75], "texture": "#4"}
			}
		},
		{
			"from": [4.35, 21.5, 11],
			"to": [4.5, 22, 11.65],
			"rotation": {"angle": 0, "axis": "y", "origin": [5.25, 29.5, 10.5]},
			"faces": {
				"north": {"uv": [11.5, 8, 11.65, 8.5], "texture": "#3"},
				"east": {"uv": [4.35, 8, 5, 8.5], "texture": "#3"},
				"south": {"uv": [4.35, 8, 4.5, 8.5], "texture": "#3"},
				"west": {"uv": [11, 8, 11.65, 8.5], "texture": "#3"},
				"up": {"uv": [4.35, 11, 4.5, 11.65], "texture": "#3"},
				"down": {"uv": [4.35, 4.35, 4.5, 5], "texture": "#3"}
			}
		},
		{
			"from": [6, 21.5, 11.5],
			"to": [6.75, 22, 11.65],
			"rotation": {"angle": 0, "axis": "y", "origin": [7.5, 29.5, 10.75]},
			"faces": {
				"north": {"uv": [9.25, 8, 10, 8.5], "texture": "#3"},
				"east": {"uv": [4.35, 8, 4.5, 8.5], "texture": "#3"},
				"south": {"uv": [6, 8, 6.75, 8.5], "texture": "#3"},
				"west": {"uv": [11.5, 8, 11.65, 8.5], "texture": "#3"},
				"up": {"uv": [6, 11.5, 6.75, 11.65], "texture": "#3"},
				"down": {"uv": [6, 4.35, 6.75, 4.5], "texture": "#3"}
			}
		},
		{
			"from": [4.5, 21.5, 11.5],
			"to": [5, 22, 11.65],
			"rotation": {"angle": 0, "axis": "y", "origin": [5.75, 29.5, 10.75]},
			"faces": {
				"north": {"uv": [11, 8, 11.5, 8.5], "texture": "#3"},
				"east": {"uv": [4.35, 8, 4.5, 8.5], "texture": "#3"},
				"south": {"uv": [4.5, 8, 5, 8.5], "texture": "#3"},
				"west": {"uv": [11.5, 8, 11.65, 8.5], "texture": "#3"},
				"up": {"uv": [4.5, 11.5, 5, 11.65], "texture": "#3"},
				"down": {"uv": [4.5, 4.35, 5, 4.5], "texture": "#3"}
			}
		},
		{
			"from": [6.5, 21.5, 11],
			"to": [6.75, 22, 11.5],
			"rotation": {"angle": 0, "axis": "y", "origin": [7.5, 29.5, 10.5]},
			"faces": {
				"north": {"uv": [9.25, 8, 9.5, 8.5], "texture": "#3"},
				"east": {"uv": [4.5, 8, 5, 8.5], "texture": "#3"},
				"south": {"uv": [6.5, 8, 6.75, 8.5], "texture": "#3"},
				"west": {"uv": [11, 8, 11.5, 8.5], "texture": "#3"},
				"up": {"uv": [6.5, 11, 6.75, 11.5], "texture": "#3"},
				"down": {"uv": [6.5, 4.5, 6.75, 5], "texture": "#3"}
			}
		},
		{
			"from": [6.5, 21.5, 9.25],
			"to": [6.75, 22, 10],
			"rotation": {"angle": 0, "axis": "y", "origin": [7.5, 29.5, 8.5]},
			"faces": {
				"north": {"uv": [9.25, 8, 9.5, 8.5], "texture": "#3"},
				"east": {"uv": [6, 8, 6.75, 8.5], "texture": "#3"},
				"south": {"uv": [6.5, 8, 6.75, 8.5], "texture": "#3"},
				"west": {"uv": [9.25, 8, 10, 8.5], "texture": "#3"},
				"up": {"uv": [6.5, 9.25, 6.75, 10], "texture": "#3"},
				"down": {"uv": [6.5, 6, 6.75, 6.75], "texture": "#3"}
			}
		},
		{
			"from": [6, 21.5, 9.25],
			"to": [6.5, 22, 9.5],
			"rotation": {"angle": 0, "axis": "y", "origin": [7.25, 29.5, 8.5]},
			"faces": {
				"north": {"uv": [9.5, 8, 10, 8.5], "texture": "#3"},
				"east": {"uv": [6.5, 8, 6.75, 8.5], "texture": "#3"},
				"south": {"uv": [6, 8, 6.5, 8.5], "texture": "#3"},
				"west": {"uv": [9.25, 8, 9.5, 8.5], "texture": "#3"},
				"up": {"uv": [6, 9.25, 6.5, 9.5], "texture": "#3"},
				"down": {"uv": [6, 6.5, 6.5, 6.75], "texture": "#3"}
			}
		},
		{
			"from": [4.35, 21.5, 9.25],
			"to": [5, 22, 9.5],
			"rotation": {"angle": 0, "axis": "y", "origin": [5.5, 29.5, 8.5]},
			"faces": {
				"north": {"uv": [11, 8, 11.65, 8.5], "texture": "#3"},
				"east": {"uv": [6.5, 8, 6.75, 8.5], "texture": "#3"},
				"south": {"uv": [4.35, 8, 5, 8.5], "texture": "#3"},
				"west": {"uv": [9.25, 8, 9.5, 8.5], "texture": "#3"},
				"up": {"uv": [4.35, 9.25, 5, 9.5], "texture": "#3"},
				"down": {"uv": [4.35, 6.5, 5, 6.75], "texture": "#3"}
			}
		},
		{
			"from": [4.35, 21.5, 9.5],
			"to": [4.5, 22, 10],
			"rotation": {"angle": 0, "axis": "y", "origin": [5.25, 29.5, 8.5]},
			"faces": {
				"north": {"uv": [11.5, 8, 11.65, 8.5], "texture": "#3"},
				"east": {"uv": [6, 8, 6.5, 8.5], "texture": "#3"},
				"south": {"uv": [4.35, 8, 4.5, 8.5], "texture": "#3"},
				"west": {"uv": [9.5, 8, 10, 8.5], "texture": "#3"},
				"up": {"uv": [4.35, 9.5, 4.5, 10], "texture": "#3"},
				"down": {"uv": [4.35, 6, 4.5, 6.5], "texture": "#3"}
			}
		},
		{
			"name": "plate",
			"from": [2.5, 14.5, 2.5],
			"to": [13.5, 15, 13.5],
			"rotation": {"angle": 0, "axis": "y", "origin": [8, 22, 8]},
			"faces": {
				"north": {"uv": [2.5, 15, 13.5, 15.5], "texture": "#0"},
				"east": {"uv": [2.5, 15, 13.5, 15.5], "texture": "#0"},
				"south": {"uv": [2.5, 15, 13.5, 15.5], "texture": "#0"},
				"west": {"uv": [2.5, 15, 13.5, 15.5], "texture": "#0"},
				"up": {"uv": [2.5, 2.5, 13.5, 13.5], "texture": "#0"},
				"down": {"uv": [2.5, 2.5, 13.5, 13.5], "texture": "#0"}
			}
		},
		{
			"name": "plate",
			"from": [4.3, 15, 10],
			"to": [4.35, 21.75, 11],
			"rotation": {"angle": 0, "axis": "y", "origin": [8.1, 28.5, 8]},
			"faces": {
				"north": {"uv": [11.65, 8.25, 11.7, 15], "texture": "#1"},
				"east": {"uv": [5, 8.25, 6, 15], "texture": "#1"},
				"south": {"uv": [4.3, 8.25, 4.35, 15], "texture": "#1"},
				"west": {"uv": [10, 8.25, 11, 15], "texture": "#1"},
				"up": {"uv": [4.3, 10, 4.35, 11], "texture": "#1"},
				"down": {"uv": [4.3, 5, 4.35, 6], "texture": "#1"}
			}
		},
		{
			"name": "plate",
			"from": [11.65, 15, 10],
			"to": [11.7, 18.75, 11],
			"rotation": {"angle": 0, "axis": "y", "origin": [15.65, 28.5, 8]},
			"faces": {
				"north": {"uv": [4.3, 11.25, 4.35, 15], "texture": "#1"},
				"east": {"uv": [5, 11.25, 6, 15], "texture": "#1"},
				"south": {"uv": [11.65, 11.25, 11.7, 15], "texture": "#1"},
				"west": {"uv": [10, 11.25, 11, 15], "texture": "#1"},
				"up": {"uv": [11.65, 10, 11.7, 11], "texture": "#1"},
				"down": {"uv": [11.65, 5, 11.7, 6], "texture": "#1"}
			}
		},
		{
			"name": "plate",
			"from": [9.25, 18.75, 10],
			"to": [9.4, 23.75, 11],
			"rotation": {"angle": 0, "axis": "y", "origin": [13.25, 32.25, 8]},
			"faces": {
				"north": {"uv": [6.6, 6.25, 6.75, 11.25], "texture": "#1"},
				"east": {"uv": [5, 6.25, 6, 11.25], "texture": "#1"},
				"south": {"uv": [9.25, 6.25, 9.4, 11.25], "texture": "#1"},
				"west": {"uv": [10, 6.25, 11, 11.25], "texture": "#1"},
				"up": {"uv": [9.25, 10, 9.4, 11], "texture": "#1"},
				"down": {"uv": [9.25, 5, 9.4, 6], "texture": "#1"}
			}
		},
		{
			"name": "plate",
			"from": [6.6, 21.75, 10],
			"to": [6.75, 23.75, 11],
			"rotation": {"angle": 0, "axis": "y", "origin": [10.5, 32.25, 8]},
			"faces": {
				"north": {"uv": [9.25, 6.25, 9.4, 8.25], "texture": "#1"},
				"east": {"uv": [5, 6.25, 6, 8.25], "texture": "#1"},
				"south": {"uv": [6.6, 6.25, 6.75, 8.25], "texture": "#1"},
				"west": {"uv": [10, 6.25, 11, 8.25], "texture": "#1"},
				"up": {"uv": [6.6, 10, 6.75, 11], "texture": "#1"},
				"down": {"uv": [6.6, 5, 6.75, 6], "texture": "#1"}
			}
		},
		{
			"name": "plate",
			"from": [7.5, 15, 11.75],
			"to": [8.5, 23.75, 11.9],
			"rotation": {"angle": 0, "axis": "y", "origin": [10.5, 32.25, 9.75]},
			"faces": {
				"north": {"uv": [7.5, 6.25, 8.5, 15], "texture": "#1"},
				"east": {"uv": [4.1, 6.25, 4.25, 15], "texture": "#1"},
				"south": {"uv": [7.5, 6.25, 8.5, 15], "texture": "#1"},
				"west": {"uv": [11.75, 6.25, 11.9, 15], "texture": "#1"},
				"up": {"uv": [7.5, 11.75, 8.5, 11.9], "texture": "#1"},
				"down": {"uv": [7.5, 4.1, 8.5, 4.25], "texture": "#1"}
			}
		},
		{
			"name": "plate",
			"from": [7.5, 15, 4.1],
			"to": [8.5, 24.75, 4.25],
			"rotation": {"angle": 0, "axis": "y", "origin": [10.5, 32.25, 2]},
			"faces": {
				"north": {"uv": [7.5, 5.25, 8.5, 15], "texture": "#1"},
				"east": {"uv": [11.75, 5.25, 11.9, 15], "texture": "#1"},
				"south": {"uv": [7.5, 5.25, 8.5, 15], "texture": "#1"},
				"west": {"uv": [4.1, 5.25, 4.25, 15], "texture": "#1"},
				"up": {"uv": [7.5, 4.1, 8.5, 4.25], "texture": "#1"},
				"down": {"uv": [7.5, 11.75, 8.5, 11.9], "texture": "#1"}
			}
		},
		{
			"name": "plate",
			"from": [7.5, 24.75, 6.5],
			"to": [8.5, 26.75, 6.75],
			"rotation": {"angle": 0, "axis": "y", "origin": [10.5, 37, 4.5]},
			"faces": {
				"north": {"uv": [7.5, 3.25, 8.5, 5.25], "texture": "#1"},
				"east": {"uv": [9.25, 3.25, 9.5, 5.25], "texture": "#1"},
				"south": {"uv": [7.5, 3.25, 8.5, 5.25], "texture": "#1"},
				"west": {"uv": [6.5, 3.25, 6.75, 5.25], "texture": "#1"},
				"up": {"uv": [7.5, 6.5, 8.5, 6.75], "texture": "#1"},
				"down": {"uv": [7.5, 9.25, 8.5, 9.5], "texture": "#1"}
			}
		},
		{
			"name": "plate",
			"from": [7.5, 23.75, 9.25],
			"to": [8.5, 26.75, 9.5],
			"rotation": {"angle": 0, "axis": "y", "origin": [10.5, 37, 7.25]},
			"faces": {
				"north": {"uv": [7.5, 3.25, 8.5, 6.25], "texture": "#1"},
				"east": {"uv": [6.5, 3.25, 6.75, 6.25], "texture": "#1"},
				"south": {"uv": [7.5, 3.25, 8.5, 6.25], "texture": "#1"},
				"west": {"uv": [9.25, 3.25, 9.5, 6.25], "texture": "#1"},
				"up": {"uv": [7.5, 9.25, 8.5, 9.5], "texture": "#1"},
				"down": {"uv": [7.5, 6.5, 8.5, 6.75], "texture": "#1"}
			}
		},
		{
			"name": "plate",
			"from": [10, 15, 11.65],
			"to": [11, 18.75, 11.7],
			"rotation": {"angle": 0, "axis": "y", "origin": [13, 32.25, 9.65]},
			"faces": {
				"north": {"uv": [5, 11.25, 6, 15], "texture": "#1"},
				"east": {"uv": [4.3, 11.25, 4.35, 15], "texture": "#1"},
				"south": {"uv": [10, 11.25, 11, 15], "texture": "#1"},
				"west": {"uv": [11.65, 11.25, 11.7, 15], "texture": "#1"},
				"up": {"uv": [10, 11.65, 11, 11.7], "texture": "#1"},
				"down": {"uv": [10, 4.3, 11, 4.35], "texture": "#1"}
			}
		},
		{
			"name": "plate",
			"from": [10, 15, 4.3],
			"to": [11, 20.75, 4.35],
			"rotation": {"angle": 0, "axis": "y", "origin": [13, 32.25, 2.1]},
			"faces": {
				"north": {"uv": [5, 9.25, 6, 15], "texture": "#1"},
				"east": {"uv": [11.65, 9.25, 11.7, 15], "texture": "#1"},
				"south": {"uv": [10, 9.25, 11, 15], "texture": "#1"},
				"west": {"uv": [4.3, 9.25, 4.35, 15], "texture": "#1"},
				"up": {"uv": [10, 4.3, 11, 4.35], "texture": "#1"},
				"down": {"uv": [10, 11.65, 11, 11.7], "texture": "#1"}
			}
		},
		{
			"name": "plate",
			"from": [10, 20.75, 6.6],
			"to": [11, 21.75, 6.75],
			"rotation": {"angle": 0, "axis": "y", "origin": [13, 37, 4.5]},
			"faces": {
				"north": {"uv": [5, 8.25, 6, 9.25], "texture": "#1"},
				"east": {"uv": [9.25, 8.25, 9.4, 9.25], "texture": "#1"},
				"south": {"uv": [10, 8.25, 11, 9.25], "texture": "#1"},
				"west": {"uv": [6.6, 8.25, 6.75, 9.25], "texture": "#1"},
				"up": {"uv": [10, 6.6, 11, 6.75], "texture": "#1"},
				"down": {"uv": [10, 9.25, 11, 9.4], "texture": "#1"}
			}
		},
		{
			"name": "plate",
			"from": [10, 18.75, 9.25],
			"to": [11, 21.75, 9.4],
			"rotation": {"angle": 0, "axis": "y", "origin": [13, 37, 7.25]},
			"faces": {
				"north": {"uv": [5, 8.25, 6, 11.25], "texture": "#1"},
				"east": {"uv": [6.6, 8.25, 6.75, 11.25], "texture": "#1"},
				"south": {"uv": [10, 8.25, 11, 11.25], "texture": "#1"},
				"west": {"uv": [9.25, 8.25, 9.4, 11.25], "texture": "#1"},
				"up": {"uv": [10, 9.25, 11, 9.4], "texture": "#1"},
				"down": {"uv": [10, 6.6, 11, 6.75], "texture": "#1"}
			}
		},
		{
			"name": "plate",
			"from": [5, 15, 11.65],
			"to": [6, 21.75, 11.7],
			"rotation": {"angle": 0, "axis": "y", "origin": [8, 32.25, 9.65]},
			"faces": {
				"north": {"uv": [10, 8.25, 11, 15], "texture": "#1"},
				"east": {"uv": [4.3, 8.25, 4.35, 15], "texture": "#1"},
				"south": {"uv": [5, 8.25, 6, 15], "texture": "#1"},
				"west": {"uv": [11.65, 8.25, 11.7, 15], "texture": "#1"},
				"up": {"uv": [5, 11.65, 6, 11.7], "texture": "#1"},
				"down": {"uv": [5, 4.3, 6, 4.35], "texture": "#1"}
			}
		},
		{
			"name": "plate",
			"from": [5, 15, 4.3],
			"to": [6, 19.75, 4.35],
			"rotation": {"angle": 0, "axis": "y", "origin": [8, 32.25, 2.1]},
			"faces": {
				"north": {"uv": [10, 10.25, 11, 15], "texture": "#1"},
				"east": {"uv": [11.65, 10.25, 11.7, 15], "texture": "#1"},
				"south": {"uv": [5, 10.25, 6, 15], "texture": "#1"},
				"west": {"uv": [4.3, 10.25, 4.35, 15], "texture": "#1"},
				"up": {"uv": [5, 4.3, 6, 4.35], "texture": "#1"},
				"down": {"uv": [5, 11.65, 6, 11.7], "texture": "#1"}
			}
		},
		{
			"name": "plate",
			"from": [5, 19.75, 6.6],
			"to": [6, 22.75, 6.75],
			"rotation": {"angle": 0, "axis": "y", "origin": [8, 37, 4.5]},
			"faces": {
				"north": {"uv": [10, 7.25, 11, 10.25], "texture": "#1"},
				"east": {"uv": [9.25, 7.25, 9.4, 10.25], "texture": "#1"},
				"south": {"uv": [5, 7.25, 6, 10.25], "texture": "#1"},
				"west": {"uv": [6.6, 7.25, 6.75, 10.25], "texture": "#1"},
				"up": {"uv": [5, 6.6, 6, 6.75], "texture": "#1"},
				"down": {"uv": [5, 9.25, 6, 9.4], "texture": "#1"}
			}
		},
		{
			"name": "plate",
			"from": [5, 21.75, 9.25],
			"to": [6, 22.75, 9.4],
			"rotation": {"angle": 0, "axis": "y", "origin": [8, 37, 7.25]},
			"faces": {
				"north": {"uv": [10, 7.25, 11, 8.25], "texture": "#1"},
				"east": {"uv": [6.6, 7.25, 6.75, 8.25], "texture": "#1"},
				"south": {"uv": [5, 7.25, 6, 8.25], "texture": "#1"},
				"west": {"uv": [9.25, 7.25, 9.4, 8.25], "texture": "#1"},
				"up": {"uv": [5, 9.25, 6, 9.4], "texture": "#1"},
				"down": {"uv": [5, 6.6, 6, 6.75], "texture": "#1"}
			}
		},
		{
			"name": "plate",
			"from": [4.1, 15, 7.5],
			"to": [4.25, 22.75, 8.5],
			"rotation": {"angle": 0, "axis": "y", "origin": [8, 28.5, 5.5]},
			"faces": {
				"north": {"uv": [11.75, 7.25, 11.9, 15], "texture": "#1"},
				"east": {"uv": [7.5, 7.25, 8.5, 15], "texture": "#1"},
				"south": {"uv": [4.1, 7.25, 4.25, 15], "texture": "#1"},
				"west": {"uv": [7.5, 7.25, 8.5, 15], "texture": "#1"},
				"up": {"uv": [4.1, 7.5, 4.25, 8.5], "texture": "#1"},
				"down": {"uv": [4.1, 7.5, 4.25, 8.5], "texture": "#1"}
			}
		},
		{
			"name": "plate",
			"from": [11.75, 15, 7.5],
			"to": [11.9, 21.75, 8.5],
			"rotation": {"angle": 0, "axis": "y", "origin": [15.75, 28.5, 5.5]},
			"faces": {
				"north": {"uv": [4.1, 8.25, 4.25, 15], "texture": "#1"},
				"east": {"uv": [7.5, 8.25, 8.5, 15], "texture": "#1"},
				"south": {"uv": [11.75, 8.25, 11.9, 15], "texture": "#1"},
				"west": {"uv": [7.5, 8.25, 8.5, 15], "texture": "#1"},
				"up": {"uv": [11.75, 7.5, 11.9, 8.5], "texture": "#1"},
				"down": {"uv": [11.75, 7.5, 11.9, 8.5], "texture": "#1"}
			}
		},
		{
			"name": "plate",
			"from": [9.25, 21.75, 7.5],
			"to": [9.5, 26.75, 8.5],
			"rotation": {"angle": 0, "axis": "y", "origin": [13.25, 32.25, 5.5]},
			"faces": {
				"north": {"uv": [6.5, 3.25, 6.75, 8.25], "texture": "#1"},
				"east": {"uv": [7.5, 3.25, 8.5, 8.25], "texture": "#1"},
				"south": {"uv": [9.25, 3.25, 9.5, 8.25], "texture": "#1"},
				"west": {"uv": [7.5, 3.25, 8.5, 8.25], "texture": "#1"},
				"up": {"uv": [9.25, 7.5, 9.5, 8.5], "texture": "#1"},
				"down": {"uv": [9.25, 7.5, 9.5, 8.5], "texture": "#1"}
			}
		},
		{
			"name": "plate",
			"from": [6.5, 22.75, 7.5],
			"to": [6.75, 26.75, 8.5],
			"rotation": {"angle": 0, "axis": "y", "origin": [10.5, 32.25, 5.5]},
			"faces": {
				"north": {"uv": [9.25, 3.25, 9.5, 7.25], "texture": "#1"},
				"east": {"uv": [7.5, 3.25, 8.5, 7.25], "texture": "#1"},
				"south": {"uv": [6.5, 3.25, 6.75, 7.25], "texture": "#1"},
				"west": {"uv": [7.5, 3.25, 8.5, 7.25], "texture": "#1"},
				"up": {"uv": [6.5, 7.5, 6.75, 8.5], "texture": "#1"},
				"down": {"uv": [6.5, 7.5, 6.75, 8.5], "texture": "#1"}
			}
		},
		{
			"name": "plate",
			"from": [4.3, 15, 5],
			"to": [4.35, 19.75, 6],
			"rotation": {"angle": 0, "axis": "y", "origin": [8.1, 28.5, 3]},
			"faces": {
				"north": {"uv": [11.65, 10.25, 11.7, 15], "texture": "#1"},
				"east": {"uv": [10, 10.25, 11, 15], "texture": "#1"},
				"south": {"uv": [4.3, 10.25, 4.35, 15], "texture": "#1"},
				"west": {"uv": [5, 10.25, 6, 15], "texture": "#1"},
				"up": {"uv": [4.3, 5, 4.35, 6], "texture": "#1"},
				"down": {"uv": [4.3, 10, 4.35, 11], "texture": "#1"}
			}
		},
		{
			"name": "plate",
			"from": [11.65, 15, 5],
			"to": [11.7, 20.75, 6],
			"rotation": {"angle": 0, "axis": "y", "origin": [15.65, 28.5, 3]},
			"faces": {
				"north": {"uv": [4.3, 9.25, 4.35, 15], "texture": "#1"},
				"east": {"uv": [10, 9.25, 11, 15], "texture": "#1"},
				"south": {"uv": [11.65, 9.25, 11.7, 15], "texture": "#1"},
				"west": {"uv": [5, 9.25, 6, 15], "texture": "#1"},
				"up": {"uv": [11.65, 5, 11.7, 6], "texture": "#1"},
				"down": {"uv": [11.65, 10, 11.7, 11], "texture": "#1"}
			}
		},
		{
			"name": "plate",
			"from": [9.25, 20.75, 5],
			"to": [9.4, 24.75, 6],
			"rotation": {"angle": 0, "axis": "y", "origin": [13.25, 32.25, 3]},
			"faces": {
				"north": {"uv": [6.6, 5.25, 6.75, 9.25], "texture": "#1"},
				"east": {"uv": [10, 5.25, 11, 9.25], "texture": "#1"},
				"south": {"uv": [9.25, 5.25, 9.4, 9.25], "texture": "#1"},
				"west": {"uv": [5, 5.25, 6, 9.25], "texture": "#1"},
				"up": {"uv": [9.25, 5, 9.4, 6], "texture": "#1"},
				"down": {"uv": [9.25, 10, 9.4, 11], "texture": "#1"}
			}
		},
		{
			"name": "plate",
			"from": [6.6, 19.75, 5],
			"to": [6.75, 24.75, 6],
			"rotation": {"angle": 0, "axis": "y", "origin": [10.5, 32.25, 3]},
			"faces": {
				"north": {"uv": [9.25, 5.25, 9.4, 10.25], "texture": "#1"},
				"east": {"uv": [10, 5.25, 11, 10.25], "texture": "#1"},
				"south": {"uv": [6.6, 5.25, 6.75, 10.25], "texture": "#1"},
				"west": {"uv": [5, 5.25, 6, 10.25], "texture": "#1"},
				"up": {"uv": [6.6, 5, 6.75, 6], "texture": "#1"},
				"down": {"uv": [6.6, 10, 6.75, 11], "texture": "#1"}
			}
		},
		{
			"name": "plate",
			"from": [4.35, 19.5, 4.35],
			"to": [6.75, 19.75, 6.75],
			"rotation": {"angle": 0, "axis": "y", "origin": [8, 26.75, 8]},
			"faces": {
				"up": {"uv": [4.35, 4.35, 6.75, 6.75], "texture": "#0"}
			}
		},
		{
			"name": "plate",
			"from": [4.25, 22.5, 6.75],
			"to": [6.75, 22.75, 9.25],
			"rotation": {"angle": 0, "axis": "y", "origin": [8, 29.75, 10.5]},
			"faces": {
				"up": {"uv": [4.25, 6.75, 6.75, 9.25], "texture": "#0"}
			}
		},
		{
			"name": "plate",
			"from": [4.35, 21.5, 9.25],
			"to": [6.75, 21.75, 11.65],
			"rotation": {"angle": 0, "axis": "y", "origin": [8, 28.75, 13]},
			"faces": {
				"up": {"uv": [4.35, 9.25, 6.75, 11.65], "texture": "#0"}
			}
		},
		{
			"name": "plate",
			"from": [6.75, 23.5, 9.25],
			"to": [9.25, 23.75, 11.75],
			"rotation": {"angle": 0, "axis": "y", "origin": [10.5, 30.75, 13]},
			"faces": {
				"up": {"uv": [6.75, 9.25, 9.25, 11.75], "texture": "#0"}
			}
		},
		{
			"name": "plate",
			"from": [9.25, 18.5, 9.25],
			"to": [11.65, 18.75, 11.65],
			"rotation": {"angle": 0, "axis": "y", "origin": [13, 25.75, 13]},
			"faces": {
				"up": {"uv": [9.25, 9.25, 11.65, 11.65], "texture": "#0"}
			}
		},
		{
			"name": "plate",
			"from": [9.25, 21.5, 6.75],
			"to": [11.75, 21.75, 9.25],
			"rotation": {"angle": 0, "axis": "y", "origin": [13, 28.75, 10.5]},
			"faces": {
				"up": {"uv": [9.25, 6.75, 11.75, 9.25], "texture": "#0"}
			}
		},
		{
			"name": "plate",
			"from": [9.25, 20.5, 4.35],
			"to": [11.65, 20.75, 6.75],
			"rotation": {"angle": 0, "axis": "y", "origin": [13, 27.75, 8]},
			"faces": {
				"up": {"uv": [9.25, 4.35, 11.65, 6.75], "texture": "#0"}
			}
		},
		{
			"name": "plate",
			"from": [6.75, 24.5, 4.25],
			"to": [9.25, 24.75, 6.75],
			"rotation": {"angle": 0, "axis": "y", "origin": [10.5, 31.75, 8]},
			"faces": {
				"up": {"uv": [6.75, 4.25, 9.25, 6.75], "texture": "#0"}
			}
		},
		{
			"name": "plate",
			"from": [6.75, 26.5, 6.75],
			"to": [9.25, 26.75, 9.25],
			"rotation": {"angle": 0, "axis": "y", "origin": [10.5, 33.75, 10.5]},
			"faces": {
				"up": {"uv": [6.75, 6.75, 9.25, 9.25], "texture": "#0"}
			}
		}
	],
	"display": {
		"head": {
			"translation": [0, -14.5, 0],
			"scale": [2.3, 2.3, 2.3]
		}
	},
	"groups": [
		{
			"name": "group",
			"origin": [8, 23, 8],
			"children": [0, 1]
		},
		{
			"name": "base",
			"origin": [8, 9, 8],
			"children": [2, 3, 4, 5, 6, 7, 8, 9, 10]
		},
		{
			"name": "t1",
			"origin": [8, 21, 10.5],
			"children": [11,
				{
					"name": "group",
					"origin": [7.75, 20.5, 6],
					"children": [12, 13, 14, 15, 16, 17, 18, 19]
				}
			]
		},
		{
			"name": "t2",
			"origin": [8, 21, 10.5],
			"children": [20,
				{
					"name": "group",
					"origin": [10, 21, 10.75],
					"children": [21, 22, 23, 24, 25, 26, 27, 28]
				}
			]
		},
		{
			"name": "t3",
			"origin": [8, 21, 10.5],
			"children": [29,
				{
					"name": "group",
					"origin": [9.75, 21, 3.5],
					"children": [30, 31, 32, 33, 34, 35, 36, 37]
				}
			]
		},
		{
			"name": "t4",
			"origin": [8, 21, 10.5],
			"children": [38,
				{
					"name": "group",
					"origin": [5.75, 21, 8.25],
					"children": [39, 40, 41, 42, 43, 44, 45, 46]
				}
			]
		},
		{
			"name": "t5",
			"origin": [8, 21, 10.5],
			"children": [47,
				{
					"name": "group",
					"origin": [12.5, 21, 8.25],
					"children": [48, 49, 50, 51, 52, 53, 54, 55]
				}
			]
		},
		{
			"name": "t6",
			"origin": [8, 21, 10.5],
			"children": [56,
				{
					"name": "group",
					"origin": [12.5, 21, 10.75],
					"children": [57, 58, 59, 60, 61, 62, 63, 64]
				}
			]
		},
		{
			"name": "t7",
			"origin": [8, 21, 10.5],
			"children": [65,
				{
					"name": "group",
					"origin": [10.75, 21, 5.75],
					"children": [66, 67, 68, 69, 70, 71, 72, 73]
				}
			]
		},
		{
			"name": "t8",
			"origin": [8, 21, 10.5],
			"children": [74,
				{
					"name": "group",
					"origin": [7.5, 21, 5.5],
					"children": [75, 76, 77, 78, 79, 80, 81, 82]
				}
			]
		},
		{
			"name": "t9",
			"origin": [8, 21, 10.5],
			"children": [83,
				{
					"name": "group",
					"origin": [5.25, 21, 8.5],
					"children": [84, 85, 86, 87, 88, 89, 90, 91]
				}
			]
		},
		{
			"name": "water",
			"origin": [8, 8, 8],
			"children": [92,
				{
					"name": "streams",
					"origin": [10.5, 18.25, 3],
					"children": [93, 94, 95, 96, 97, 98, 99, 100, 101, 102, 103, 104, 105, 106, 107, 108, 109, 110, 111, 112, 113, 114, 115, 116]
				},
				{
					"name": "top",
					"origin": [10.5, 19.75, 10.5],
					"children": [117, 118, 119, 120, 121, 122, 123, 124, 125]
				}
			]
		}
	]
}