{
	"credit": "Made by Philipp Opheys / pro_pixel_ from BuildmodeOne",
	"textures": {
		"0": "buildmodeone:3d_editor/models/kitchen/wood_logo",
		"1": "block/spruce_log",
		"2": "block/spruce_planks",
		"3": "block/oak_planks",
		"4": "block/iron_block",
		"particle": "buildmodeone:3d_editor/models/kitchen/wood_logo"
	},
	"elements": [
		{
			"from": [2, 0, 12],
			"to": [13, 1, 12.75],
			"rotation": {"angle": 0, "axis": "y", "origin": [15, 8, 16]},
			"faces": {
				"north": {"uv": [3, 15, 14, 16], "texture": "#3"},
				"east": {"uv": [3.25, 15, 4, 16], "texture": "#3"},
				"south": {"uv": [2, 15, 13, 16], "texture": "#3"},
				"west": {"uv": [12, 15, 12.75, 16], "texture": "#3"},
				"up": {"uv": [2, 12, 13, 12.75], "texture": "#3"},
				"down": {"uv": [2, 3.25, 13, 4], "texture": "#3"}
			}
		},
		{
			"from": [2, 0, 3],
			"to": [13, 1, 4],
			"rotation": {"angle": 0, "axis": "y", "origin": [15, 8, 7]},
			"faces": {
				"north": {"uv": [3, 15, 14, 16], "texture": "#3"},
				"east": {"uv": [12, 15, 13, 16], "texture": "#3"},
				"south": {"uv": [2, 15, 13, 16], "texture": "#3"},
				"west": {"uv": [3, 15, 4, 16], "texture": "#3"},
				"up": {"uv": [2, 3, 13, 4], "texture": "#3"},
				"down": {"uv": [2, 12, 13, 13], "texture": "#3"}
			}
		},
		{
			"from": [13, 0, 3],
			"to": [14, 1, 12.75],
			"rotation": {"angle": 0, "axis": "y", "origin": [21, 8, 11]},
			"faces": {
				"north": {"uv": [2, 15, 3, 16], "texture": "#3"},
				"east": {"uv": [3.25, 15, 13, 16], "texture": "#3"},
				"south": {"uv": [13, 15, 14, 16], "texture": "#3"},
				"west": {"uv": [3, 15, 12.75, 16], "texture": "#3"},
				"up": {"uv": [13, 3, 14, 12.75], "texture": "#3"},
				"down": {"uv": [13, 3.25, 14, 13], "texture": "#3"}
			}
		},
		{
			"from": [1, 0, 12.75],
			"to": [14, 1.3, 13],
			"rotation": {"angle": 0, "axis": "y", "origin": [9, 8, 20.75]},
			"faces": {
				"north": {"uv": [2, 14.7, 15, 16], "texture": "#1"},
				"east": {"uv": [3, 14.7, 3.25, 16], "texture": "#1"},
				"south": {"uv": [1, 14.7, 14, 16], "texture": "#1"},
				"west": {"uv": [12.75, 14.7, 13, 16], "texture": "#1"},
				"up": {"uv": [1, 12.75, 14, 13], "texture": "#1"},
				"down": {"uv": [1, 3, 14, 3.25], "texture": "#1"}
			}
		},
		{
			"from": [12, 0, 4],
			"to": [13, 0.75, 6.5],
			"rotation": {"angle": 0, "axis": "y", "origin": [20, 8, 12]},
			"faces": {
				"north": {"uv": [3, 15.25, 4, 16], "texture": "#2"},
				"east": {"uv": [9.5, 15.25, 12, 16], "texture": "#2"},
				"south": {"uv": [12, 15.25, 13, 16], "texture": "#2"},
				"west": {"uv": [4, 15.25, 6.5, 16], "texture": "#2"},
				"up": {"uv": [12, 4, 13, 6.5], "texture": "#2"},
				"down": {"uv": [12, 9.5, 13, 12], "texture": "#2"}
			}
		},
		{
			"from": [12, 0, 9.5],
			"to": [13, 0.75, 12],
			"rotation": {"angle": 0, "axis": "y", "origin": [20, 8, 18]},
			"faces": {
				"north": {"uv": [3, 15.25, 4, 16], "texture": "#2"},
				"east": {"uv": [4, 15.25, 6.5, 16], "texture": "#2"},
				"south": {"uv": [12, 15.25, 13, 16], "texture": "#2"},
				"west": {"uv": [9.5, 15.25, 12, 16], "texture": "#2"},
				"up": {"uv": [12, 9.5, 13, 12], "texture": "#2"},
				"down": {"uv": [12, 4, 13, 6.5], "texture": "#2"}
			}
		},
		{
			"from": [2, 0, 4],
			"to": [12, 0.75, 4.5],
			"rotation": {"angle": 0, "axis": "y", "origin": [19, 8, 11.5]},
			"faces": {
				"north": {"uv": [4, 15.25, 14, 16], "texture": "#2"},
				"east": {"uv": [11.5, 15.25, 12, 16], "texture": "#2"},
				"south": {"uv": [2, 15.25, 12, 16], "texture": "#2"},
				"west": {"uv": [4, 15.25, 4.5, 16], "texture": "#2"},
				"up": {"uv": [2, 4, 12, 4.5], "texture": "#2"},
				"down": {"uv": [2, 11.5, 12, 12], "texture": "#2"}
			}
		},
		{
			"from": [2, 0, 11.5],
			"to": [12, 0.75, 12],
			"rotation": {"angle": 0, "axis": "y", "origin": [19, 8, 19]},
			"faces": {
				"north": {"uv": [4, 15.25, 14, 16], "texture": "#2"},
				"east": {"uv": [4, 15.25, 4.5, 16], "texture": "#2"},
				"south": {"uv": [2, 15.25, 12, 16], "texture": "#2"},
				"west": {"uv": [11.5, 15.25, 12, 16], "texture": "#2"},
				"up": {"uv": [2, 11.5, 12, 12], "texture": "#2"},
				"down": {"uv": [2, 4, 12, 4.5], "texture": "#2"}
			}
		},
		{
			"from": [1, 0, 3],
			"to": [2, 1, 12.75],
			"rotation": {"angle": 0, "axis": "y", "origin": [9, 8, 12]},
			"faces": {
				"north": {"uv": [14, 15, 15, 16], "texture": "#3"},
				"east": {"uv": [3.25, 15, 13, 16], "texture": "#3"},
				"south": {"uv": [1, 15, 2, 16], "texture": "#3"},
				"west": {"uv": [3, 15, 12.75, 16], "texture": "#3"},
				"up": {"uv": [1, 3, 2, 12.75], "texture": "#3"},
				"down": {"uv": [1, 3.25, 2, 13], "texture": "#3"}
			}
		},
		{
			"from": [2, 0, 4.5],
			"to": [2.5, 0.75, 11.5],
			"rotation": {"angle": 0, "axis": "y", "origin": [10, 8, 12.5]},
			"faces": {
				"north": {"uv": [13.5, 15.25, 14, 16], "texture": "#2"},
				"east": {"uv": [4.5, 15.25, 11.5, 16], "texture": "#2"},
				"south": {"uv": [2, 15.25, 2.5, 16], "texture": "#2"},
				"west": {"uv": [4.5, 15.25, 11.5, 16], "texture": "#2"},
				"up": {"uv": [2, 4.5, 2.5, 11.5], "texture": "#2"},
				"down": {"uv": [2, 4.5, 2.5, 11.5], "texture": "#2"}
			}
		},
		{
			"from": [2.5, 0, 4.5],
			"to": [12, 1, 11.5],
			"rotation": {"angle": 0, "axis": "y", "origin": [10.5, 8, 12.5]},
			"faces": {
				"north": {"uv": [4, 15, 13.5, 16], "texture": "#3"},
				"east": {"uv": [4.5, 15, 11.5, 16], "texture": "#3"},
				"south": {"uv": [2.5, 15, 12, 16], "texture": "#3"},
				"west": {"uv": [4.5, 15, 11.5, 16], "texture": "#3"},
				"up": {"uv": [2.5, 4.5, 12, 11.5], "texture": "#3"},
				"down": {"uv": [2.5, 4.5, 12, 11.5], "texture": "#3"}
			}
		},
		{
			"from": [10.25, 1.001, 10.05],
			"to": [11.75, 1.001, 11.05],
			"rotation": {"angle": 0, "axis": "y", "origin": [3.75, 8.9989, 8.05]},
			"faces": {
				"north": {"uv": [0, 0, 9.5, 0], "texture": "#0"},
				"east": {"uv": [0, 0, 7, 0], "texture": "#0"},
				"south": {"uv": [0, 0, 9.5, 0], "texture": "#0"},
				"west": {"uv": [0, 0, 7, 0], "texture": "#0"},
				"up": {"uv": [0, 0, 15.816, 14.158], "rotation": 180, "texture": "#0"},
				"down": {"uv": [0, 0, 9.5, 7], "rotation": 180, "texture": "#0"}
			}
		},
		{
			"from": [-0.75, 1.25, 6.75],
			"to": [0.25, 1.5, 11.75],
			"rotation": {"angle": -22.5, "axis": "y", "origin": [10.03338, 9.3, 17.03033]},
			"faces": {
				"north": {"uv": [8, 13.5, 9, 13.75], "texture": "#4"},
				"east": {"uv": [11, 13.5, 16, 13.75], "texture": "#4"},
				"south": {"uv": [7, 13.5, 8, 13.75], "texture": "#4"},
				"west": {"uv": [0, 13.5, 5, 13.75], "texture": "#4"},
				"up": {"uv": [7, 0, 8, 5], "texture": "#4"},
				"down": {"uv": [7, 11, 8, 16], "texture": "#4"}
			}
		},
		{
			"from": [-0.5, 1.25, 11.75],
			"to": [0.25, 1.5, 16.75],
			"rotation": {"angle": -22.5, "axis": "y", "origin": [10.03338, 9.3, 17.03033]},
			"faces": {
				"north": {"uv": [8, 13.5, 8.75, 13.75], "texture": "#4"},
				"east": {"uv": [6, 13.5, 11, 13.75], "texture": "#4"},
				"south": {"uv": [7.25, 13.5, 8, 13.75], "texture": "#4"},
				"west": {"uv": [5, 13.5, 10, 13.75], "texture": "#4"},
				"up": {"uv": [7.25, 5, 8, 10], "texture": "#4"},
				"down": {"uv": [7.25, 6, 8, 11], "texture": "#4"}
			}
		},
		{
			"from": [-0.75, 1.3, 11.75],
			"to": [-0.5, 1.4, 16.5],
			"rotation": {"angle": -22.5, "axis": "y", "origin": [10.03338, 9.3, 17.03033]},
			"faces": {
				"north": {"uv": [8.75, 13.6, 9, 13.7], "texture": "#4"},
				"east": {"uv": [6.25, 13.6, 11, 13.7], "texture": "#4"},
				"south": {"uv": [7, 13.6, 7.25, 13.7], "texture": "#4"},
				"west": {"uv": [5, 13.6, 9.75, 13.7], "texture": "#4"},
				"up": {"uv": [7, 5, 7.25, 9.75], "texture": "#4"},
				"down": {"uv": [7, 6.25, 7.25, 11], "texture": "#4"}
			}
		},
		{
			"from": [2.78338, 1.3, 9.03033],
			"to": [3.03338, 1.4, 9.38033],
			"rotation": {"angle": 22.5, "axis": "y", "origin": [10.03338, 9.3, 17.03033]},
			"faces": {
				"north": {"uv": [5.21662, 13.6, 5.46662, 13.7], "texture": "#4"},
				"east": {"uv": [13.36967, 13.6, 13.71967, 13.7], "texture": "#4"},
				"south": {"uv": [10.53338, 13.6, 10.78338, 13.7], "texture": "#4"},
				"west": {"uv": [2.28033, 13.6, 2.63033, 13.7], "texture": "#4"},
				"up": {"uv": [10.53338, 2.28033, 10.78338, 2.63033], "texture": "#4"},
				"down": {"uv": [10.53338, 13.36967, 10.78338, 13.71967], "texture": "#4"}
			}
		},
		{
			"from": [0, 1.5, 6.75],
			"to": [0.25, 1.75, 11.75],
			"rotation": {"angle": -22.5, "axis": "y", "origin": [10.03338, 9.3, 17.03033]},
			"faces": {
				"north": {"uv": [8, 13.25, 8.25, 13.5], "texture": "#1"},
				"east": {"uv": [11, 13.25, 16, 13.5], "texture": "#1"},
				"south": {"uv": [7.75, 13.25, 8, 13.5], "texture": "#1"},
				"west": {"uv": [0, 13.25, 5, 13.5], "texture": "#1"},
				"up": {"uv": [7.75, 0, 8, 5], "texture": "#1"},
				"down": {"uv": [7.75, 11, 8, 16], "texture": "#1"}
			}
		},
		{
			"from": [0, 1, 6.75],
			"to": [0.25, 1.25, 11.75],
			"rotation": {"angle": -22.5, "axis": "y", "origin": [10.03338, 9.3, 17.03033]},
			"faces": {
				"north": {"uv": [8, 13.75, 8.25, 14], "texture": "#1"},
				"east": {"uv": [11, 13.75, 16, 14], "texture": "#1"},
				"south": {"uv": [7.75, 13.75, 8, 14], "texture": "#1"},
				"west": {"uv": [0, 13.75, 5, 14], "texture": "#1"},
				"up": {"uv": [7.75, 0, 8, 5], "texture": "#1"},
				"down": {"uv": [7.75, 11, 8, 16], "texture": "#1"}
			}
		},
		{
			"from": [-0.75, 1.5, 6.75],
			"to": [-0.5, 1.75, 11.75],
			"rotation": {"angle": -22.5, "axis": "y", "origin": [10.03338, 9.3, 17.03033]},
			"faces": {
				"north": {"uv": [8.75, 13.25, 9, 13.5], "texture": "#1"},
				"east": {"uv": [11, 13.25, 16, 13.5], "texture": "#1"},
				"south": {"uv": [7, 13.25, 7.25, 13.5], "texture": "#1"},
				"west": {"uv": [0, 13.25, 5, 13.5], "texture": "#1"},
				"up": {"uv": [7, 0, 7.25, 5], "texture": "#1"},
				"down": {"uv": [7, 11, 7.25, 16], "texture": "#1"}
			}
		},
		{
			"from": [-0.75, 1, 6.75],
			"to": [-0.5, 1.25, 11.75],
			"rotation": {"angle": -22.5, "axis": "y", "origin": [10.03338, 9.3, 17.03033]},
			"faces": {
				"north": {"uv": [8.75, 13.75, 9, 14], "texture": "#1"},
				"east": {"uv": [11, 13.75, 16, 14], "texture": "#1"},
				"south": {"uv": [7, 13.75, 7.25, 14], "texture": "#1"},
				"west": {"uv": [0, 13.75, 5, 14], "texture": "#1"},
				"up": {"uv": [7, 0, 7.25, 5], "texture": "#1"},
				"down": {"uv": [7, 11, 7.25, 16], "texture": "#1"}
			}
		},
		{
			"from": [-0.5, 1.5, 8.5],
			"to": [0, 1.75, 10],
			"rotation": {"angle": -22.5, "axis": "y", "origin": [10.03338, 9.3, 17.03033]},
			"faces": {
				"north": {"uv": [8.25, 13.25, 8.75, 13.5], "texture": "#2"},
				"east": {"uv": [12.75, 13.25, 14.25, 13.5], "texture": "#2"},
				"south": {"uv": [7.25, 13.25, 7.75, 13.5], "texture": "#2"},
				"west": {"uv": [1.75, 13.25, 3.25, 13.5], "texture": "#2"},
				"up": {"uv": [7.25, 1.75, 7.75, 3.25], "texture": "#2"},
				"down": {"uv": [7.25, 12.75, 7.75, 14.25], "texture": "#2"}
			}
		},
		{
			"from": [-0.5, 1, 8.5],
			"to": [0, 1.25, 10],
			"rotation": {"angle": -22.5, "axis": "y", "origin": [10.03338, 9.3, 17.03033]},
			"faces": {
				"north": {"uv": [8.25, 13.75, 8.75, 14], "texture": "#2"},
				"east": {"uv": [12.75, 13.75, 14.25, 14], "texture": "#2"},
				"south": {"uv": [7.25, 13.75, 7.75, 14], "texture": "#2"},
				"west": {"uv": [1.75, 13.75, 3.25, 14], "texture": "#2"},
				"up": {"uv": [7.25, 1.75, 7.75, 3.25], "texture": "#2"},
				"down": {"uv": [7.25, 12.75, 7.75, 14.25], "texture": "#2"}
			}
		},
		{
			"from": [-0.5, 1.5, 10.5],
			"to": [0, 1.75, 11.75],
			"rotation": {"angle": -22.5, "axis": "y", "origin": [10.03338, 9.3, 17.03033]},
			"faces": {
				"north": {"uv": [8.25, 13.25, 8.75, 13.5], "texture": "#2"},
				"east": {"uv": [11, 13.25, 12.25, 13.5], "texture": "#2"},
				"south": {"uv": [7.25, 13.25, 7.75, 13.5], "texture": "#2"},
				"west": {"uv": [3.75, 13.25, 5, 13.5], "texture": "#2"},
				"up": {"uv": [7.25, 3.75, 7.75, 5], "texture": "#2"},
				"down": {"uv": [7.25, 11, 7.75, 12.25], "texture": "#2"}
			}
		},
		{
			"from": [-0.5, 1, 10.5],
			"to": [0, 1.25, 11.75],
			"rotation": {"angle": -22.5, "axis": "y", "origin": [10.03338, 9.3, 17.03033]},
			"faces": {
				"north": {"uv": [8.25, 13.75, 8.75, 14], "texture": "#2"},
				"east": {"uv": [11, 13.75, 12.25, 14], "texture": "#2"},
				"south": {"uv": [7.25, 13.75, 7.75, 14], "texture": "#2"},
				"west": {"uv": [3.75, 13.75, 5, 14], "texture": "#2"},
				"up": {"uv": [7.25, 3.75, 7.75, 5], "texture": "#2"},
				"down": {"uv": [7.25, 11, 7.75, 12.25], "texture": "#2"}
			}
		},
		{
			"from": [-0.5, 1.5, 6.75],
			"to": [0, 1.75, 8],
			"rotation": {"angle": -22.5, "axis": "y", "origin": [10.03338, 9.3, 17.03033]},
			"faces": {
				"north": {"uv": [8.25, 13.25, 8.75, 13.5], "texture": "#2"},
				"east": {"uv": [14.75, 13.25, 16, 13.5], "texture": "#2"},
				"south": {"uv": [7.25, 13.25, 7.75, 13.5], "texture": "#2"},
				"west": {"uv": [0, 13.25, 1.25, 13.5], "texture": "#2"},
				"up": {"uv": [7.25, 0, 7.75, 1.25], "texture": "#2"},
				"down": {"uv": [7.25, 14.75, 7.75, 16], "texture": "#2"}
			}
		},
		{
			"from": [-0.5, 1, 6.75],
			"to": [0, 1.25, 8],
			"rotation": {"angle": -22.5, "axis": "y", "origin": [10.03338, 9.3, 17.03033]},
			"faces": {
				"north": {"uv": [8.25, 13.75, 8.75, 14], "texture": "#2"},
				"east": {"uv": [14.75, 13.75, 16, 14], "texture": "#2"},
				"south": {"uv": [7.25, 13.75, 7.75, 14], "texture": "#2"},
				"west": {"uv": [0, 13.75, 1.25, 14], "texture": "#2"},
				"up": {"uv": [7.25, 0, 7.75, 1.25], "texture": "#2"},
				"down": {"uv": [7.25, 14.75, 7.75, 16], "texture": "#2"}
			}
		},
		{
			"from": [-0.5, 1.5, 8],
			"to": [0, 1.75, 8.5],
			"rotation": {"angle": -22.5, "axis": "y", "origin": [10.03338, 9.3, 17.03033]},
			"faces": {
				"north": {"uv": [11.5, 14.25, 12, 14.5], "texture": "#4"},
				"east": {"uv": [14.25, 14.25, 14.75, 14.5], "texture": "#4"},
				"south": {"uv": [4, 14.25, 4.5, 14.5], "texture": "#4"},
				"west": {"uv": [1.25, 14.25, 1.75, 14.5], "texture": "#4"},
				"up": {"uv": [4, 1.25, 4.5, 1.75], "texture": "#4"},
				"down": {"uv": [4, 14.25, 4.5, 14.75], "texture": "#4"}
			}
		},
		{
			"from": [-0.5, 1.5, 10],
			"to": [0, 1.75, 10.5],
			"rotation": {"angle": -22.5, "axis": "y", "origin": [10.03338, 9.3, 17.03033]},
			"faces": {
				"north": {"uv": [11.5, 14.25, 12, 14.5], "texture": "#4"},
				"east": {"uv": [12.25, 14.25, 12.75, 14.5], "texture": "#4"},
				"south": {"uv": [4, 14.25, 4.5, 14.5], "texture": "#4"},
				"west": {"uv": [3.25, 14.25, 3.75, 14.5], "texture": "#4"},
				"up": {"uv": [4, 3.25, 4.5, 3.75], "texture": "#4"},
				"down": {"uv": [4, 12.25, 4.5, 12.75], "texture": "#4"}
			}
		},
		{
			"from": [-0.5, 1, 10],
			"to": [0, 1.25, 10.5],
			"rotation": {"angle": -22.5, "axis": "y", "origin": [10.03338, 9.3, 17.03033]},
			"faces": {
				"north": {"uv": [11.5, 7.75, 12, 8], "texture": "#4"},
				"east": {"uv": [12.25, 7.75, 12.75, 8], "texture": "#4"},
				"south": {"uv": [4, 7.75, 4.5, 8], "texture": "#4"},
				"west": {"uv": [3.25, 7.75, 3.75, 8], "texture": "#4"},
				"up": {"uv": [4, 3.25, 4.5, 3.75], "texture": "#4"},
				"down": {"uv": [4, 12.25, 4.5, 12.75], "texture": "#4"}
			}
		},
		{
			"from": [-0.5, 1, 8],
			"to": [0, 1.25, 8.5],
			"rotation": {"angle": -22.5, "axis": "y", "origin": [10.03338, 9.3, 17.03033]},
			"faces": {
				"north": {"uv": [11.5, 7.75, 12, 8], "texture": "#4"},
				"east": {"uv": [14.25, 7.75, 14.75, 8], "texture": "#4"},
				"south": {"uv": [4, 7.75, 4.5, 8], "texture": "#4"},
				"west": {"uv": [1.25, 7.75, 1.75, 8], "texture": "#4"},
				"up": {"uv": [4, 1.25, 4.5, 1.75], "texture": "#4"},
				"down": {"uv": [4, 14.25, 4.5, 14.75], "texture": "#4"}
			}
		}
	],
	"display": {
		"head": {
			"translation": [0, -14.5, 0],
			"scale": [2.3, 2.3, 2.3]
		}
	},
	"groups": [
		{
			"name": "Board",
			"origin": [8, 8, 8],
			"children": [0, 1, 2, 3, 4, 5, 6, 7, 8, 9, 10, 11]
		},
		{
			"name": "Knife",
			"origin": [8, 8, 8],
			"children": [12, 13, 14, 15, 16, 17, 18, 19, 20, 21, 22, 23, 24, 25, 26, 27, 28, 29]
		}
	]
}