{
	"credit": "Made by Philipp Opheys / pro_pixel_ from BuildmodeOne",
	"textures": {
		"0": "block/dark_oak_planks",
		"1": "block/spruce_planks",
		"2": "block/red_concrete_powder",
		"3": "block/brown_concrete",
		"5": "block/yellow_concrete_powder",
		"6": "block/lime_concrete_powder",
		"7": "block/orange_concrete_powder",
		"8": "block/green_concrete",
		"particle": "block/dark_oak_planks"
	},
	"elements": [
		{
			"from": [10.89844, 1.18, 5.83752],
			"to": [11.25844, 1.54, 6.05352],
			"rotation": {"angle": 22.5, "axis": "y", "origin": [10.02719, 1.40629, 7.75281]},
			"faces": {
				"north": {"uv": [1, 0, 1.5, 0.5], "texture": "#3"},
				"east": {"uv": [1.5, 0, 1.8, 0.5], "texture": "#3"},
				"south": {"uv": [1, 0, 1.5, 0.5], "texture": "#3"},
				"west": {"uv": [1.5, 0, 1.8, 0.5], "texture": "#3"},
				"up": {"uv": [0, 1, 0.3, 1.5], "rotation": 270, "texture": "#3"},
				"down": {"uv": [0, 1, 0.3, 1.5], "rotation": 90, "texture": "#3"}
			}
		},
		{
			"name": "top",
			"from": [10.97044, 1.252, 5.47752],
			"to": [11.18644, 1.468, 5.83752],
			"rotation": {"angle": 22.5, "axis": "y", "origin": [10.02719, 1.40629, 7.75281]},
			"faces": {
				"north": {"uv": [1, 0, 1.3, 0.3], "texture": "#3"},
				"east": {"uv": [1.5, 0, 2, 0.3], "texture": "#3"},
				"south": {"uv": [1, 0, 1.3, 0.3], "texture": "#3"},
				"west": {"uv": [1.5, 0, 2, 0.3], "texture": "#3"},
				"up": {"uv": [0, 1, 0.5, 1.3], "rotation": 270, "texture": "#3"},
				"down": {"uv": [0, 1, 0.5, 1.3], "rotation": 90, "texture": "#3"}
			}
		},
		{
			"from": [10.05831, 1, 7.16206],
			"to": [11.13831, 2.008, 10.04206],
			"rotation": {"angle": -22.5, "axis": "y", "origin": [10.02719, 1.40629, 7.75281]},
			"faces": {
				"north": {"uv": [1.5, 0, 0, 1.4], "texture": "#5"},
				"east": {"uv": [4, 0, 0, 1.4], "texture": "#5"},
				"south": {"uv": [1.5, 0, 0, 1.4], "texture": "#5"},
				"west": {"uv": [4, 0, 0, 1.4], "texture": "#5"},
				"up": {"uv": [4, 0, 0, 1.5], "rotation": 90, "texture": "#5"},
				"down": {"uv": [4, 0, 0, 1.5], "rotation": 270, "texture": "#5"}
			}
		},
		{
			"from": [10.99653, 1, 9.45637],
			"to": [11.89653, 1.9, 10.53637],
			"rotation": {"angle": -45, "axis": "y", "origin": [10.02719, 1.40629, 7.75281]},
			"faces": {
				"north": {"uv": [0, 0, 1.25, 1.25], "texture": "#5"},
				"east": {"uv": [0, 0, 1.5, 1.25], "texture": "#5"},
				"south": {"uv": [0, 0, 1.25, 1.25], "texture": "#5"},
				"west": {"uv": [0, 0, 1.5, 1.25], "texture": "#5"},
				"up": {"uv": [0, 0, 1.5, 1.25], "rotation": 90, "texture": "#5"},
				"down": {"uv": [0, 0, 1.5, 1.25], "rotation": 270, "texture": "#5"}
			}
		},
		{
			"from": [10.34655, 1, 6.53846],
			"to": [11.24655, 1.9, 7.61846],
			"rotation": {"angle": 0, "axis": "y", "origin": [10.02719, 1.40629, 7.75281]},
			"faces": {
				"north": {"uv": [1.25, 0, 0, 1.25], "texture": "#5"},
				"east": {"uv": [1.5, 0, 0, 1.25], "texture": "#5"},
				"south": {"uv": [1.25, 0, 0, 1.25], "texture": "#5"},
				"west": {"uv": [1.5, 0, 0, 1.25], "texture": "#5"},
				"up": {"uv": [1.5, 0, 0, 1.25], "rotation": 90, "texture": "#5"},
				"down": {"uv": [1.5, 0, 0, 1.25], "rotation": 270, "texture": "#5"}
			}
		},
		{
			"from": [7.09089, 1, 9.64507],
			"to": [8.17089, 1.72, 10.36507],
			"rotation": {"angle": 22.5, "axis": "y", "origin": [10.02719, 1.40629, 7.75281]},
			"faces": {
				"north": {"uv": [0, 0, 1.5, 1], "texture": "#5"},
				"east": {"uv": [0, 0, 1, 1], "texture": "#5"},
				"south": {"uv": [0, 0, 1.5, 1], "texture": "#5"},
				"west": {"uv": [0, 0, 1, 1], "texture": "#5"},
				"up": {"uv": [0, 0, 1.5, 1], "rotation": 180, "texture": "#5"},
				"down": {"uv": [0, 0, 1.5, 1], "rotation": 180, "texture": "#5"}
			}
		},
		{
			"from": [10.71844, 1, 6.01752],
			"to": [11.43844, 1.72, 7.09752],
			"rotation": {"angle": 22.5, "axis": "y", "origin": [10.02719, 1.40629, 7.75281]},
			"faces": {
				"north": {"uv": [1, 0, 0, 1], "texture": "#5"},
				"east": {"uv": [1.5, 0, 0, 1], "texture": "#5"},
				"south": {"uv": [1, 0, 0, 1], "texture": "#5"},
				"west": {"uv": [1.5, 0, 0, 1], "texture": "#5"},
				"up": {"uv": [0, 1, 1.5, 0], "rotation": 270, "texture": "#5"},
				"down": {"uv": [0, 1, 1.5, 0], "rotation": 90, "texture": "#5"}
			}
		},
		{
			"from": [6.07227, 3.25, 7.125],
			"to": [6.22227, 3.775, 7.275],
			"rotation": {"angle": -22.5, "axis": "z", "origin": [6.14727, 3.5125, 7.2]},
			"faces": {
				"north": {"uv": [0, 0, 0.15, 0.525], "texture": "#3"},
				"east": {"uv": [0, 0, 0.15, 0.525], "texture": "#3"},
				"south": {"uv": [0, 0, 0.15, 0.525], "texture": "#3"},
				"west": {"uv": [0, 0, 0.15, 0.525], "texture": "#3"},
				"up": {"uv": [0, 0, 0.15, 0.15], "texture": "#3"},
				"down": {"uv": [0, 0, 0.15, 0.15], "texture": "#3"}
			}
		},
		{
			"from": [6.18715, 3.73988, 7.125],
			"to": [6.41215, 3.88988, 7.275],
			"rotation": {"angle": 22.5, "axis": "z", "origin": [6.44965, 3.81488, 7.2]},
			"faces": {
				"north": {"uv": [0, 0, 0.15, 0.225], "rotation": 270, "texture": "#3"},
				"east": {"uv": [0, 0, 0.15, 0.15], "rotation": 90, "texture": "#3"},
				"south": {"uv": [0, 0, 0.15, 0.225], "rotation": 90, "texture": "#3"},
				"west": {"uv": [0, 0, 0.15, 0.15], "rotation": 90, "texture": "#3"},
				"up": {"uv": [0, 0, 0.15, 0.225], "rotation": 90, "texture": "#3"},
				"down": {"uv": [0, 0, 0.15, 0.225], "rotation": 90, "texture": "#3"}
			}
		},
		{
			"from": [5.39727, 1, 6.45],
			"to": [6.89727, 3.25, 7.95],
			"rotation": {"angle": -22.5, "axis": "y", "origin": [6.14727, 2.19167, 7.2]},
			"faces": {
				"north": {"uv": [0, 0, 1.5, 2.25], "texture": "#2"},
				"east": {"uv": [0, 0, 1.5, 2.25], "texture": "#2"},
				"south": {"uv": [0, 0, 1.5, 2.25], "texture": "#2"},
				"west": {"uv": [0, 0, 1.5, 2.25], "texture": "#2"},
				"up": {"uv": [0, 0, 1.5, 1.5], "texture": "#2"},
				"down": {"uv": [0, 0, 1.5, 1.5], "texture": "#2"}
			}
		},
		{
			"from": [5.77227, 3.25, 6.825],
			"to": [6.52227, 3.4, 7.575],
			"rotation": {"angle": -22.5, "axis": "y", "origin": [6.14727, 2.19167, 7.2]},
			"faces": {
				"north": {"uv": [0, 0, 0.75, 0.15], "texture": "#2"},
				"east": {"uv": [0, 0, 0.75, 0.15], "texture": "#2"},
				"south": {"uv": [0, 0, 0.75, 0.15], "texture": "#2"},
				"west": {"uv": [0, 0, 0.75, 0.15], "texture": "#2"},
				"up": {"uv": [0, 0, 0.75, 0.75], "texture": "#2"},
				"down": {"uv": [0, 0, 0.75, 0.75], "texture": "#2"}
			}
		},
		{
			"from": [6.89727, 1.375, 6.45],
			"to": [7.27227, 2.875, 7.95],
			"rotation": {"angle": -22.5, "axis": "y", "origin": [6.14727, 2.19167, 7.2]},
			"faces": {
				"north": {"uv": [0, 0, 0.375, 1.5], "texture": "#2"},
				"east": {"uv": [0, 0, 1.5, 1.5], "texture": "#2"},
				"south": {"uv": [0, 0, 0.375, 1.5], "texture": "#2"},
				"west": {"uv": [0, 0, 1.5, 1.5], "texture": "#2"},
				"up": {"uv": [0, 0, 0.375, 1.5], "texture": "#2"},
				"down": {"uv": [0, 0, 0.375, 1.5], "texture": "#2"}
			}
		},
		{
			"from": [5.39727, 1.375, 6.075],
			"to": [6.89727, 2.875, 6.45],
			"rotation": {"angle": -22.5, "axis": "y", "origin": [6.14727, 2.19167, 7.2]},
			"faces": {
				"north": {"uv": [0, 0, 1.5, 1.5], "texture": "#2"},
				"east": {"uv": [0, 0, 0.375, 1.5], "texture": "#2"},
				"south": {"uv": [0, 0, 1.5, 1.5], "texture": "#2"},
				"west": {"uv": [0, 0, 0.375, 1.5], "texture": "#2"},
				"up": {"uv": [0, 0, 1.5, 0.375], "texture": "#2"},
				"down": {"uv": [0, 0, 1.5, 0.375], "texture": "#2"}
			}
		},
		{
			"from": [5.39727, 1.375, 7.95],
			"to": [6.89727, 2.875, 8.325],
			"rotation": {"angle": -22.5, "axis": "y", "origin": [6.14727, 2.19167, 7.2]},
			"faces": {
				"north": {"uv": [0, 0, 1.5, 1.5], "texture": "#2"},
				"east": {"uv": [0, 0, 0.375, 1.5], "texture": "#2"},
				"south": {"uv": [0, 0, 1.5, 1.5], "texture": "#2"},
				"west": {"uv": [0, 0, 0.375, 1.5], "texture": "#2"},
				"up": {"uv": [0, 0, 1.5, 0.375], "texture": "#2"},
				"down": {"uv": [0, 0, 1.5, 0.375], "texture": "#2"}
			}
		},
		{
			"from": [5.17227, 1.525, 7.95],
			"to": [5.39727, 2.725, 8.175],
			"rotation": {"angle": -22.5, "axis": "y", "origin": [6.14727, 2.19167, 7.2]},
			"faces": {
				"north": {"uv": [0, 0, 0.225, 1.2], "texture": "#2"},
				"east": {"uv": [0, 0, 0.225, 1.2], "texture": "#2"},
				"south": {"uv": [0, 0, 0.225, 1.2], "texture": "#2"},
				"west": {"uv": [0, 0, 0.225, 1.2], "texture": "#2"},
				"up": {"uv": [0, 0, 0.225, 0.225], "texture": "#2"},
				"down": {"uv": [0, 0, 0.225, 0.225], "texture": "#2"}
			}
		},
		{
			"from": [5.17227, 1.525, 6.225],
			"to": [5.39727, 2.725, 6.45],
			"rotation": {"angle": -22.5, "axis": "y", "origin": [6.14727, 2.19167, 7.2]},
			"faces": {
				"north": {"uv": [0, 0, 0.225, 1.2], "texture": "#2"},
				"east": {"uv": [0, 0, 0.225, 1.2], "texture": "#2"},
				"south": {"uv": [0, 0, 0.225, 1.2], "texture": "#2"},
				"west": {"uv": [0, 0, 0.225, 1.2], "texture": "#2"},
				"up": {"uv": [0, 0, 0.225, 0.225], "texture": "#2"},
				"down": {"uv": [0, 0, 0.225, 0.225], "texture": "#2"}
			}
		},
		{
			"from": [5.54727, 2.875, 6.225],
			"to": [6.74727, 3.1, 6.45],
			"rotation": {"angle": -22.5, "axis": "y", "origin": [6.14727, 2.19167, 7.2]},
			"faces": {
				"north": {"uv": [0, 0, 1.2, 0.225], "texture": "#2"},
				"east": {"uv": [0, 0, 0.225, 0.225], "texture": "#2"},
				"south": {"uv": [0, 0, 1.2, 0.225], "texture": "#2"},
				"west": {"uv": [0, 0, 0.225, 0.225], "texture": "#2"},
				"up": {"uv": [0, 0, 1.2, 0.225], "texture": "#2"},
				"down": {"uv": [0, 0, 1.2, 0.225], "texture": "#2"}
			}
		},
		{
			"from": [5.54727, 1.15, 6.225],
			"to": [6.74727, 1.375, 6.45],
			"rotation": {"angle": -22.5, "axis": "y", "origin": [6.14727, 2.19167, 7.2]},
			"faces": {
				"north": {"uv": [0, 0, 1.2, 0.225], "texture": "#2"},
				"east": {"uv": [0, 0, 0.225, 0.225], "texture": "#2"},
				"south": {"uv": [0, 0, 1.2, 0.225], "texture": "#2"},
				"west": {"uv": [0, 0, 0.225, 0.225], "texture": "#2"},
				"up": {"uv": [0, 0, 1.2, 0.225], "texture": "#2"},
				"down": {"uv": [0, 0, 1.2, 0.225], "texture": "#2"}
			}
		},
		{
			"from": [6.89727, 2.875, 6.6],
			"to": [7.12227, 3.1, 7.8],
			"rotation": {"angle": -22.5, "axis": "y", "origin": [6.14727, 2.19167, 7.2]},
			"faces": {
				"north": {"uv": [0, 0, 0.225, 0.225], "texture": "#2"},
				"east": {"uv": [0, 0, 1.2, 0.225], "texture": "#2"},
				"south": {"uv": [0, 0, 0.225, 0.225], "texture": "#2"},
				"west": {"uv": [0, 0, 1.2, 0.225], "texture": "#2"},
				"up": {"uv": [0, 0, 1.2, 0.225], "rotation": 90, "texture": "#2"},
				"down": {"uv": [0, 0, 1.2, 0.225], "rotation": 270, "texture": "#2"}
			}
		},
		{
			"from": [6.89727, 1.15, 6.6],
			"to": [7.12227, 1.375, 7.8],
			"rotation": {"angle": -22.5, "axis": "y", "origin": [6.14727, 2.19167, 7.2]},
			"faces": {
				"north": {"uv": [0, 0, 0.225, 0.225], "texture": "#2"},
				"east": {"uv": [0, 0, 1.2, 0.225], "texture": "#2"},
				"south": {"uv": [0, 0, 0.225, 0.225], "texture": "#2"},
				"west": {"uv": [0, 0, 1.2, 0.225], "texture": "#2"},
				"up": {"uv": [0, 0, 1.2, 0.225], "rotation": 90, "texture": "#2"},
				"down": {"uv": [0, 0, 1.2, 0.225], "rotation": 270, "texture": "#2"}
			}
		},
		{
			"from": [5.54727, 2.875, 7.95],
			"to": [6.74727, 3.1, 8.175],
			"rotation": {"angle": -22.5, "axis": "y", "origin": [6.14727, 2.19167, 7.2]},
			"faces": {
				"north": {"uv": [0, 0, 1.2, 0.225], "texture": "#2"},
				"east": {"uv": [0, 0, 0.225, 0.225], "texture": "#2"},
				"south": {"uv": [0, 0, 1.2, 0.225], "texture": "#2"},
				"west": {"uv": [0, 0, 0.225, 0.225], "texture": "#2"},
				"up": {"uv": [0, 0, 1.2, 0.225], "texture": "#2"},
				"down": {"uv": [0, 0, 1.2, 0.225], "texture": "#2"}
			}
		},
		{
			"from": [5.54727, 1.15, 7.95],
			"to": [6.74727, 1.375, 8.175],
			"rotation": {"angle": -22.5, "axis": "y", "origin": [6.14727, 2.19167, 7.2]},
			"faces": {
				"north": {"uv": [0, 0, 1.2, 0.225], "texture": "#2"},
				"east": {"uv": [0, 0, 0.225, 0.225], "texture": "#2"},
				"south": {"uv": [0, 0, 1.2, 0.225], "texture": "#2"},
				"west": {"uv": [0, 0, 0.225, 0.225], "texture": "#2"},
				"up": {"uv": [0, 0, 1.2, 0.225], "texture": "#2"},
				"down": {"uv": [0, 0, 1.2, 0.225], "texture": "#2"}
			}
		},
		{
			"from": [5.17227, 2.875, 6.6],
			"to": [5.39727, 3.1, 7.8],
			"rotation": {"angle": -22.5, "axis": "y", "origin": [6.14727, 2.19167, 7.2]},
			"faces": {
				"north": {"uv": [0, 0, 0.225, 0.225], "texture": "#2"},
				"east": {"uv": [0, 0, 1.2, 0.225], "texture": "#2"},
				"south": {"uv": [0, 0, 0.225, 0.225], "texture": "#2"},
				"west": {"uv": [0, 0, 1.2, 0.225], "texture": "#2"},
				"up": {"uv": [0, 0, 1.2, 0.225], "rotation": 90, "texture": "#2"},
				"down": {"uv": [0, 0, 1.2, 0.225], "rotation": 270, "texture": "#2"}
			}
		},
		{
			"from": [5.17227, 1.15, 6.6],
			"to": [5.39727, 1.375, 7.8],
			"rotation": {"angle": -22.5, "axis": "y", "origin": [6.14727, 2.19167, 7.2]},
			"faces": {
				"north": {"uv": [0, 0, 0.225, 0.225], "texture": "#2"},
				"east": {"uv": [0, 0, 1.2, 0.225], "texture": "#2"},
				"south": {"uv": [0, 0, 0.225, 0.225], "texture": "#2"},
				"west": {"uv": [0, 0, 1.2, 0.225], "texture": "#2"},
				"up": {"uv": [0, 0, 1.2, 0.225], "rotation": 90, "texture": "#2"},
				"down": {"uv": [0, 0, 1.2, 0.225], "rotation": 270, "texture": "#2"}
			}
		},
		{
			"from": [6.89727, 1.525, 7.95],
			"to": [7.12227, 2.725, 8.175],
			"rotation": {"angle": -22.5, "axis": "y", "origin": [6.14727, 2.19167, 7.2]},
			"faces": {
				"north": {"uv": [0, 0, 0.225, 1.2], "texture": "#2"},
				"east": {"uv": [0, 0, 0.225, 1.2], "texture": "#2"},
				"south": {"uv": [0, 0, 0.225, 1.2], "texture": "#2"},
				"west": {"uv": [0, 0, 0.225, 1.2], "texture": "#2"},
				"up": {"uv": [0, 0, 0.225, 0.225], "texture": "#2"},
				"down": {"uv": [0, 0, 0.225, 0.225], "texture": "#2"}
			}
		},
		{
			"from": [6.89727, 1.525, 6.225],
			"to": [7.12227, 2.725, 6.45],
			"rotation": {"angle": -22.5, "axis": "y", "origin": [6.14727, 2.19167, 7.2]},
			"faces": {
				"north": {"uv": [0, 0, 0.225, 1.2], "texture": "#2"},
				"east": {"uv": [0, 0, 0.225, 1.2], "texture": "#2"},
				"south": {"uv": [0, 0, 0.225, 1.2], "texture": "#2"},
				"west": {"uv": [0, 0, 0.225, 1.2], "texture": "#2"},
				"up": {"uv": [0, 0, 0.225, 0.225], "texture": "#2"},
				"down": {"uv": [0, 0, 0.225, 0.225], "texture": "#2"}
			}
		},
		{
			"from": [5.02227, 1.375, 6.45],
			"to": [5.39727, 2.875, 7.95],
			"rotation": {"angle": -22.5, "axis": "y", "origin": [6.14727, 2.19167, 7.2]},
			"faces": {
				"north": {"uv": [0, 0, 0.375, 1.5], "texture": "#2"},
				"east": {"uv": [0, 0, 1.5, 1.5], "texture": "#2"},
				"south": {"uv": [0, 0, 0.375, 1.5], "texture": "#2"},
				"west": {"uv": [0, 0, 1.5, 1.5], "texture": "#2"},
				"up": {"uv": [0, 0, 0.375, 1.5], "texture": "#2"},
				"down": {"uv": [0, 0, 0.375, 1.5], "texture": "#2"}
			}
		},
		{
			"name": "base",
			"from": [5, 0, 5],
			"to": [11, 0.5, 11],
			"rotation": {"angle": 0, "axis": "y", "origin": [15, 8, 15]},
			"faces": {
				"north": {"uv": [0, 0, 6, 0.5], "texture": "#1"},
				"east": {"uv": [0, 0, 6, 0.5], "texture": "#1"},
				"south": {"uv": [0, 0, 6, 0.5], "texture": "#1"},
				"west": {"uv": [0, 0, 6, 0.5], "texture": "#1"},
				"up": {"uv": [0, 0, 6, 6], "texture": "#1"},
				"down": {"uv": [0, 0, 6, 6], "texture": "#1"}
			}
		},
		{
			"from": [4, 0.5, 4],
			"to": [12, 1, 12],
			"rotation": {"angle": 0, "axis": "y", "origin": [15, 8.5, 15]},
			"faces": {
				"north": {"uv": [0, 0, 8, 0.5], "texture": "#0"},
				"east": {"uv": [0, 0, 8, 0.5], "texture": "#0"},
				"south": {"uv": [0, 0, 8, 0.5], "texture": "#0"},
				"west": {"uv": [0, 0, 8, 0.5], "texture": "#0"},
				"up": {"uv": [0, 0, 8, 8], "texture": "#0"},
				"down": {"uv": [0, 0, 8, 8], "texture": "#0"}
			}
		},
		{
			"from": [11.5, 1, 11.5],
			"to": [12, 1.5, 12],
			"rotation": {"angle": 0, "axis": "y", "origin": [15, 9, 15]},
			"faces": {
				"north": {"uv": [0, 0, 0.5, 0.5], "texture": "#0"},
				"east": {"uv": [0, 0, 0.5, 0.5], "texture": "#0"},
				"south": {"uv": [0, 0, 0.5, 0.5], "texture": "#0"},
				"west": {"uv": [0, 0, 0.5, 0.5], "texture": "#0"},
				"up": {"uv": [0, 0, 0.5, 0.5], "texture": "#0"},
				"down": {"uv": [0, 0, 0.5, 0.5], "texture": "#0"}
			}
		},
		{
			"from": [11.5, 1, 4],
			"to": [12, 1.5, 4.5],
			"rotation": {"angle": 0, "axis": "y", "origin": [15, 9, 7.5]},
			"faces": {
				"north": {"uv": [0, 0, 0.5, 0.5], "texture": "#0"},
				"east": {"uv": [0, 0, 0.5, 0.5], "texture": "#0"},
				"south": {"uv": [0, 0, 0.5, 0.5], "texture": "#0"},
				"west": {"uv": [0, 0, 0.5, 0.5], "texture": "#0"},
				"up": {"uv": [0, 0, 0.5, 0.5], "texture": "#0"},
				"down": {"uv": [0, 0, 0.5, 0.5], "texture": "#0"}
			}
		},
		{
			"from": [4, 1, 4],
			"to": [4.5, 1.5, 4.5],
			"rotation": {"angle": 0, "axis": "y", "origin": [7.5, 9, 7.5]},
			"faces": {
				"north": {"uv": [0, 0, 0.5, 0.5], "texture": "#0"},
				"east": {"uv": [0, 0, 0.5, 0.5], "texture": "#0"},
				"south": {"uv": [0, 0, 0.5, 0.5], "texture": "#0"},
				"west": {"uv": [0, 0, 0.5, 0.5], "texture": "#0"},
				"up": {"uv": [0, 0, 0.5, 0.5], "texture": "#0"},
				"down": {"uv": [0, 0, 0.5, 0.5], "texture": "#0"}
			}
		},
		{
			"from": [4, 1, 11.5],
			"to": [4.5, 1.5, 12],
			"rotation": {"angle": 0, "axis": "y", "origin": [7.5, 9, 15]},
			"faces": {
				"north": {"uv": [0, 0, 0.5, 0.5], "texture": "#0"},
				"east": {"uv": [0, 0, 0.5, 0.5], "texture": "#0"},
				"south": {"uv": [0, 0, 0.5, 0.5], "texture": "#0"},
				"west": {"uv": [0, 0, 0.5, 0.5], "texture": "#0"},
				"up": {"uv": [0, 0, 0.5, 0.5], "texture": "#0"},
				"down": {"uv": [0, 0, 0.5, 0.5], "texture": "#0"}
			}
		},
		{
			"from": [4, 1.5, 4],
			"to": [11.5, 2, 4.5],
			"rotation": {"angle": 0, "axis": "y", "origin": [7.5, 9.5, 7.5]},
			"faces": {
				"north": {"uv": [0, 0, 7.5, 0.5], "texture": "#0"},
				"east": {"uv": [0, 0, 0.5, 0.5], "texture": "#0"},
				"south": {"uv": [0, 0, 7.5, 0.5], "texture": "#0"},
				"west": {"uv": [0, 0, 0.5, 0.5], "texture": "#0"},
				"up": {"uv": [0, 0, 7.5, 0.5], "texture": "#0"},
				"down": {"uv": [0, 0, 7.5, 0.5], "texture": "#0"}
			}
		},
		{
			"from": [4, 1.5, 4.5],
			"to": [4.5, 2, 12],
			"rotation": {"angle": 0, "axis": "y", "origin": [7.5, 9.5, 15]},
			"faces": {
				"north": {"uv": [0, 0, 0.5, 0.5], "texture": "#0"},
				"east": {"uv": [0, 0, 7.5, 0.5], "texture": "#0"},
				"south": {"uv": [0, 0, 0.5, 0.5], "texture": "#0"},
				"west": {"uv": [0, 0, 7.5, 0.5], "texture": "#0"},
				"up": {"uv": [0, 0, 0.5, 7.5], "texture": "#0"},
				"down": {"uv": [0, 0, 0.5, 7.5], "texture": "#0"}
			}
		},
		{
			"from": [4.5, 1.5, 11.5],
			"to": [12, 2, 12],
			"rotation": {"angle": 0, "axis": "y", "origin": [15, 9.5, 15]},
			"faces": {
				"north": {"uv": [0, 0, 7.5, 0.5], "texture": "#0"},
				"east": {"uv": [0, 0, 0.5, 0.5], "texture": "#0"},
				"south": {"uv": [0, 0, 7.5, 0.5], "texture": "#0"},
				"west": {"uv": [0, 0, 0.5, 0.5], "texture": "#0"},
				"up": {"uv": [0, 0, 7.5, 0.5], "texture": "#0"},
				"down": {"uv": [0, 0, 7.5, 0.5], "texture": "#0"}
			}
		},
		{
			"from": [11.5, 1.5, 4],
			"to": [12, 2, 11.5],
			"rotation": {"angle": 0, "axis": "y", "origin": [15, 9.5, 7.5]},
			"faces": {
				"north": {"uv": [0, 0, 0.5, 0.5], "texture": "#0"},
				"east": {"uv": [0, 0, 7.5, 0.5], "texture": "#0"},
				"south": {"uv": [0, 0, 0.5, 0.5], "texture": "#0"},
				"west": {"uv": [0, 0, 7.5, 0.5], "texture": "#0"},
				"up": {"uv": [0, 0, 0.5, 7.5], "texture": "#0"},
				"down": {"uv": [0, 0, 0.5, 7.5], "texture": "#0"}
			}
		},
		{
			"from": [8.76513, 2.96062, 6.44246],
			"to": [8.89713, 3.42262, 6.57446],
			"rotation": {"angle": 22.5, "axis": "x", "origin": [8.83113, 3.31879, 6.5338]},
			"faces": {
				"north": {"uv": [0, 0, 0.15, 0.525], "texture": "#3"},
				"east": {"uv": [0, 0, 0.15, 0.525], "texture": "#3"},
				"south": {"uv": [0, 0, 0.15, 0.525], "texture": "#3"},
				"west": {"uv": [0, 0, 0.15, 0.525], "texture": "#3"},
				"up": {"uv": [0, 0, 0.15, 0.15], "rotation": 90, "texture": "#3"},
				"down": {"uv": [0, 0, 0.15, 0.15], "rotation": 270, "texture": "#3"}
			}
		},
		{
			"from": [8.76513, 3.3248, 6.54264],
			"to": [8.89713, 3.4568, 6.74064],
			"rotation": {"angle": -22.5, "axis": "x", "origin": [8.83113, 3.31879, 6.5338]},
			"faces": {
				"north": {"uv": [0, 0, 0.15, 0.15], "rotation": 90, "texture": "#3"},
				"east": {"uv": [0, 0, 0.15, 0.225], "rotation": 270, "texture": "#3"},
				"south": {"uv": [0, 0, 0.15, 0.15], "rotation": 90, "texture": "#3"},
				"west": {"uv": [0, 0, 0.15, 0.225], "rotation": 90, "texture": "#3"},
				"up": {"uv": [0, 0, 0.15, 0.225], "rotation": 180, "texture": "#3"},
				"down": {"uv": [0, 0, 0.15, 0.225], "texture": "#3"}
			}
		},
		{
			"from": [8.18705, 1, 5.7418],
			"to": [9.50705, 2.98, 7.0618],
			"rotation": {"angle": -45, "axis": "y", "origin": [8.84705, 2.04867, 6.4018]},
			"faces": {
				"north": {"uv": [0, 0, 1.5, 2.25], "texture": "#6"},
				"east": {"uv": [0, 0, 1.5, 2.25], "texture": "#6"},
				"south": {"uv": [0, 0, 1.5, 2.25], "texture": "#6"},
				"west": {"uv": [0, 0, 1.5, 2.25], "texture": "#6"},
				"up": {"uv": [0, 0, 1.5, 1.5], "texture": "#6"},
				"down": {"uv": [0, 0, 1.5, 1.5], "texture": "#6"}
			}
		},
		{
			"from": [8.51705, 2.98, 6.0718],
			"to": [9.17705, 3.112, 6.7318],
			"rotation": {"angle": -45, "axis": "y", "origin": [8.84705, 2.04867, 6.4018]},
			"faces": {
				"north": {"uv": [0, 0, 0.75, 0.15], "texture": "#6"},
				"east": {"uv": [0, 0, 0.75, 0.15], "texture": "#6"},
				"south": {"uv": [0, 0, 0.75, 0.15], "texture": "#6"},
				"west": {"uv": [0, 0, 0.75, 0.15], "texture": "#6"},
				"up": {"uv": [0, 0, 0.75, 0.75], "texture": "#6"},
				"down": {"uv": [0, 0, 0.75, 0.75], "texture": "#6"}
			}
		},
		{
			"from": [9.50705, 1.33, 5.7418],
			"to": [9.83705, 2.65, 7.0618],
			"rotation": {"angle": -45, "axis": "y", "origin": [8.84705, 2.04867, 6.4018]},
			"faces": {
				"north": {"uv": [0, 0, 0.375, 1.5], "texture": "#6"},
				"east": {"uv": [0, 0, 1.5, 1.5], "texture": "#6"},
				"south": {"uv": [0, 0, 0.375, 1.5], "texture": "#6"},
				"west": {"uv": [0, 0, 1.5, 1.5], "texture": "#6"},
				"up": {"uv": [0, 0, 0.375, 1.5], "texture": "#6"},
				"down": {"uv": [0, 0, 0.375, 1.5], "texture": "#6"}
			}
		},
		{
			"from": [8.18705, 1.33, 5.4118],
			"to": [9.50705, 2.65, 5.7418],
			"rotation": {"angle": -45, "axis": "y", "origin": [8.84705, 2.04867, 6.4018]},
			"faces": {
				"north": {"uv": [0, 0, 1.5, 1.5], "texture": "#6"},
				"east": {"uv": [0, 0, 0.375, 1.5], "texture": "#6"},
				"south": {"uv": [0, 0, 1.5, 1.5], "texture": "#6"},
				"west": {"uv": [0, 0, 0.375, 1.5], "texture": "#6"},
				"up": {"uv": [0, 0, 1.5, 0.375], "texture": "#6"},
				"down": {"uv": [0, 0, 1.5, 0.375], "texture": "#6"}
			}
		},
		{
			"from": [8.18705, 1.33, 7.0618],
			"to": [9.50705, 2.65, 7.3918],
			"rotation": {"angle": -45, "axis": "y", "origin": [8.84705, 2.04867, 6.4018]},
			"faces": {
				"north": {"uv": [0, 0, 1.5, 1.5], "texture": "#6"},
				"east": {"uv": [0, 0, 0.375, 1.5], "texture": "#6"},
				"south": {"uv": [0, 0, 1.5, 1.5], "texture": "#6"},
				"west": {"uv": [0, 0, 0.375, 1.5], "texture": "#6"},
				"up": {"uv": [0, 0, 1.5, 0.375], "texture": "#6"},
				"down": {"uv": [0, 0, 1.5, 0.375], "texture": "#6"}
			}
		},
		{
			"from": [7.98905, 1.462, 7.0618],
			"to": [8.18705, 2.518, 7.2598],
			"rotation": {"angle": -45, "axis": "y", "origin": [8.84705, 2.04867, 6.4018]},
			"faces": {
				"north": {"uv": [0, 0, 0.225, 1.2], "texture": "#6"},
				"east": {"uv": [0, 0, 0.225, 1.2], "texture": "#6"},
				"south": {"uv": [0, 0, 0.225, 1.2], "texture": "#6"},
				"west": {"uv": [0, 0, 0.225, 1.2], "texture": "#6"},
				"up": {"uv": [0, 0, 0.225, 0.225], "texture": "#6"},
				"down": {"uv": [0, 0, 0.225, 0.225], "texture": "#6"}
			}
		},
		{
			"from": [7.98905, 1.462, 5.5438],
			"to": [8.18705, 2.518, 5.7418],
			"rotation": {"angle": -45, "axis": "y", "origin": [8.84705, 2.04867, 6.4018]},
			"faces": {
				"north": {"uv": [0, 0, 0.225, 1.2], "texture": "#6"},
				"east": {"uv": [0, 0, 0.225, 1.2], "texture": "#6"},
				"south": {"uv": [0, 0, 0.225, 1.2], "texture": "#6"},
				"west": {"uv": [0, 0, 0.225, 1.2], "texture": "#6"},
				"up": {"uv": [0, 0, 0.225, 0.225], "texture": "#6"},
				"down": {"uv": [0, 0, 0.225, 0.225], "texture": "#6"}
			}
		},
		{
			"from": [8.31905, 2.65, 5.5438],
			"to": [9.37505, 2.848, 5.7418],
			"rotation": {"angle": -45, "axis": "y", "origin": [8.84705, 2.04867, 6.4018]},
			"faces": {
				"north": {"uv": [0, 0, 1.2, 0.225], "texture": "#6"},
				"east": {"uv": [0, 0, 0.225, 0.225], "texture": "#6"},
				"south": {"uv": [0, 0, 1.2, 0.225], "texture": "#6"},
				"west": {"uv": [0, 0, 0.225, 0.225], "texture": "#6"},
				"up": {"uv": [0, 0, 1.2, 0.225], "texture": "#6"},
				"down": {"uv": [0, 0, 1.2, 0.225], "texture": "#6"}
			}
		},
		{
			"from": [8.31905, 1.132, 5.5438],
			"to": [9.37505, 1.33, 5.7418],
			"rotation": {"angle": -45, "axis": "y", "origin": [8.84705, 2.04867, 6.4018]},
			"faces": {
				"north": {"uv": [0, 0, 1.2, 0.225], "texture": "#6"},
				"east": {"uv": [0, 0, 0.225, 0.225], "texture": "#6"},
				"south": {"uv": [0, 0, 1.2, 0.225], "texture": "#6"},
				"west": {"uv": [0, 0, 0.225, 0.225], "texture": "#6"},
				"up": {"uv": [0, 0, 1.2, 0.225], "texture": "#6"},
				"down": {"uv": [0, 0, 1.2, 0.225], "texture": "#6"}
			}
		},
		{
			"from": [9.50705, 2.65, 5.8738],
			"to": [9.70505, 2.848, 6.9298],
			"rotation": {"angle": -45, "axis": "y", "origin": [8.84705, 2.04867, 6.4018]},
			"faces": {
				"north": {"uv": [0, 0, 0.225, 0.225], "texture": "#6"},
				"east": {"uv": [0, 0, 1.2, 0.225], "texture": "#6"},
				"south": {"uv": [0, 0, 0.225, 0.225], "texture": "#6"},
				"west": {"uv": [0, 0, 1.2, 0.225], "texture": "#6"},
				"up": {"uv": [0, 0, 1.2, 0.225], "rotation": 90, "texture": "#6"},
				"down": {"uv": [0, 0, 1.2, 0.225], "rotation": 270, "texture": "#6"}
			}
		},
		{
			"from": [9.50705, 1.132, 5.8738],
			"to": [9.70505, 1.33, 6.9298],
			"rotation": {"angle": -45, "axis": "y", "origin": [8.84705, 2.04867, 6.4018]},
			"faces": {
				"north": {"uv": [0, 0, 0.225, 0.225], "texture": "#6"},
				"east": {"uv": [0, 0, 1.2, 0.225], "texture": "#6"},
				"south": {"uv": [0, 0, 0.225, 0.225], "texture": "#6"},
				"west": {"uv": [0, 0, 1.2, 0.225], "texture": "#6"},
				"up": {"uv": [0, 0, 1.2, 0.225], "rotation": 90, "texture": "#6"},
				"down": {"uv": [0, 0, 1.2, 0.225], "rotation": 270, "texture": "#6"}
			}
		},
		{
			"from": [8.31905, 2.65, 7.0618],
			"to": [9.37505, 2.848, 7.2598],
			"rotation": {"angle": -45, "axis": "y", "origin": [8.84705, 2.04867, 6.4018]},
			"faces": {
				"north": {"uv": [0, 0, 1.2, 0.225], "texture": "#6"},
				"east": {"uv": [0, 0, 0.225, 0.225], "texture": "#6"},
				"south": {"uv": [0, 0, 1.2, 0.225], "texture": "#6"},
				"west": {"uv": [0, 0, 0.225, 0.225], "texture": "#6"},
				"up": {"uv": [0, 0, 1.2, 0.225], "texture": "#6"},
				"down": {"uv": [0, 0, 1.2, 0.225], "texture": "#6"}
			}
		},
		{
			"from": [8.31905, 1.132, 7.0618],
			"to": [9.37505, 1.33, 7.2598],
			"rotation": {"angle": -45, "axis": "y", "origin": [8.84705, 2.04867, 6.4018]},
			"faces": {
				"north": {"uv": [0, 0, 1.2, 0.225], "texture": "#6"},
				"east": {"uv": [0, 0, 0.225, 0.225], "texture": "#6"},
				"south": {"uv": [0, 0, 1.2, 0.225], "texture": "#6"},
				"west": {"uv": [0, 0, 0.225, 0.225], "texture": "#6"},
				"up": {"uv": [0, 0, 1.2, 0.225], "texture": "#6"},
				"down": {"uv": [0, 0, 1.2, 0.225], "texture": "#6"}
			}
		},
		{
			"from": [7.98905, 2.65, 5.8738],
			"to": [8.18705, 2.848, 6.9298],
			"rotation": {"angle": -45, "axis": "y", "origin": [8.84705, 2.04867, 6.4018]},
			"faces": {
				"north": {"uv": [0, 0, 0.225, 0.225], "texture": "#6"},
				"east": {"uv": [0, 0, 1.2, 0.225], "texture": "#6"},
				"south": {"uv": [0, 0, 0.225, 0.225], "texture": "#6"},
				"west": {"uv": [0, 0, 1.2, 0.225], "texture": "#6"},
				"up": {"uv": [0, 0, 1.2, 0.225], "rotation": 90, "texture": "#6"},
				"down": {"uv": [0, 0, 1.2, 0.225], "rotation": 270, "texture": "#6"}
			}
		},
		{
			"from": [7.98905, 1.132, 5.8738],
			"to": [8.18705, 1.33, 6.9298],
			"rotation": {"angle": -45, "axis": "y", "origin": [8.84705, 2.04867, 6.4018]},
			"faces": {
				"north": {"uv": [0, 0, 0.225, 0.225], "texture": "#6"},
				"east": {"uv": [0, 0, 1.2, 0.225], "texture": "#6"},
				"south": {"uv": [0, 0, 0.225, 0.225], "texture": "#6"},
				"west": {"uv": [0, 0, 1.2, 0.225], "texture": "#6"},
				"up": {"uv": [0, 0, 1.2, 0.225], "rotation": 90, "texture": "#6"},
				"down": {"uv": [0, 0, 1.2, 0.225], "rotation": 270, "texture": "#6"}
			}
		},
		{
			"from": [9.50705, 1.462, 7.0618],
			"to": [9.70505, 2.518, 7.2598],
			"rotation": {"angle": -45, "axis": "y", "origin": [8.84705, 2.04867, 6.4018]},
			"faces": {
				"north": {"uv": [0, 0, 0.225, 1.2], "texture": "#6"},
				"east": {"uv": [0, 0, 0.225, 1.2], "texture": "#6"},
				"south": {"uv": [0, 0, 0.225, 1.2], "texture": "#6"},
				"west": {"uv": [0, 0, 0.225, 1.2], "texture": "#6"},
				"up": {"uv": [0, 0, 0.225, 0.225], "texture": "#6"},
				"down": {"uv": [0, 0, 0.225, 0.225], "texture": "#6"}
			}
		},
		{
			"from": [9.20705, 1.462, 5.3438],
			"to": [9.40505, 2.518, 5.5418],
			"rotation": {"angle": -45, "axis": "y", "origin": [8.54705, 2.04867, 6.2018]},
			"faces": {
				"north": {"uv": [0, 0, 0.225, 1.2], "texture": "#6"},
				"east": {"uv": [0, 0, 0.225, 1.2], "texture": "#6"},
				"south": {"uv": [0, 0, 0.225, 1.2], "texture": "#6"},
				"west": {"uv": [0, 0, 0.225, 1.2], "texture": "#6"},
				"up": {"uv": [0, 0, 0.225, 0.225], "texture": "#6"},
				"down": {"uv": [0, 0, 0.225, 0.225], "texture": "#6"}
			}
		},
		{
			"from": [7.85705, 1.33, 5.7418],
			"to": [8.18705, 2.65, 7.0618],
			"rotation": {"angle": -45, "axis": "y", "origin": [8.84705, 2.04867, 6.4018]},
			"faces": {
				"north": {"uv": [0, 0, 0.375, 1.5], "texture": "#6"},
				"east": {"uv": [0, 0, 1.5, 1.5], "texture": "#6"},
				"south": {"uv": [0, 0, 0.375, 1.5], "texture": "#6"},
				"west": {"uv": [0, 0, 1.5, 1.5], "texture": "#6"},
				"up": {"uv": [0, 0, 0.375, 1.5], "texture": "#6"},
				"down": {"uv": [0, 0, 0.375, 1.5], "texture": "#6"}
			}
		},
		{
			"from": [6.02166, 2.76456, 9.69738],
			"to": [6.24046, 2.95536, 9.91618],
			"rotation": {"angle": 22.5, "axis": "y", "origin": [6.18106, 3.08691, 9.87958]},
			"faces": {
				"north": {"uv": [0, 0, 0.15, 0.525], "texture": "#8"},
				"east": {"uv": [0, 0, 0.15, 0.525], "texture": "#8"},
				"south": {"uv": [0, 0, 0.15, 0.525], "texture": "#8"},
				"west": {"uv": [0, 0, 0.15, 0.525], "texture": "#8"},
				"up": {"uv": [0, 0, 0.15, 0.15], "rotation": 90, "texture": "#8"},
				"down": {"uv": [0, 0, 0.15, 0.15], "rotation": 270, "texture": "#8"}
			}
		},
		{
			"from": [5.46871, 1, 9.25032],
			"to": [6.65671, 2.782, 10.43832],
			"rotation": {"angle": 22.5, "axis": "y", "origin": [6.08039, 1.9438, 9.84078]},
			"faces": {
				"north": {"uv": [0, 0, 1.5, 2.25], "texture": "#7"},
				"east": {"uv": [0, 0, 1.5, 2.25], "texture": "#7"},
				"south": {"uv": [0, 0, 1.5, 2.25], "texture": "#7"},
				"west": {"uv": [0, 0, 1.5, 2.25], "texture": "#7"},
				"up": {"uv": [0, 0, 1.5, 1.5], "rotation": 180, "texture": "#7"},
				"down": {"uv": [0, 0, 1.5, 1.5], "rotation": 180, "texture": "#7"}
			}
		},
		{
			"from": [5.76571, 2.782, 9.54732],
			"to": [6.35971, 2.9008, 10.14132],
			"rotation": {"angle": 22.5, "axis": "y", "origin": [6.08039, 1.9438, 9.84078]},
			"faces": {
				"north": {"uv": [0, 0, 0.75, 0.15], "texture": "#7"},
				"east": {"uv": [0, 0, 0.75, 0.15], "texture": "#7"},
				"south": {"uv": [0, 0, 0.75, 0.15], "texture": "#7"},
				"west": {"uv": [0, 0, 0.75, 0.15], "texture": "#7"},
				"up": {"uv": [0, 0, 0.75, 0.75], "rotation": 180, "texture": "#7"},
				"down": {"uv": [0, 0, 0.75, 0.75], "rotation": 180, "texture": "#7"}
			}
		},
		{
			"from": [5.17171, 1.297, 9.25032],
			"to": [5.46871, 2.485, 10.43832],
			"rotation": {"angle": 22.5, "axis": "y", "origin": [6.08039, 1.9438, 9.84078]},
			"faces": {
				"north": {"uv": [0, 0, 0.375, 1.5], "texture": "#7"},
				"east": {"uv": [0, 0, 1.5, 1.5], "texture": "#7"},
				"south": {"uv": [0, 0, 0.375, 1.5], "texture": "#7"},
				"west": {"uv": [0, 0, 1.5, 1.5], "texture": "#7"},
				"up": {"uv": [0, 0, 0.375, 1.5], "rotation": 180, "texture": "#7"},
				"down": {"uv": [0, 0, 0.375, 1.5], "rotation": 180, "texture": "#7"}
			}
		},
		{
			"from": [5.46871, 1.297, 10.43832],
			"to": [6.65671, 2.485, 10.73532],
			"rotation": {"angle": 22.5, "axis": "y", "origin": [6.08039, 1.9438, 9.84078]},
			"faces": {
				"north": {"uv": [0, 0, 1.5, 1.5], "texture": "#7"},
				"east": {"uv": [0, 0, 0.375, 1.5], "texture": "#7"},
				"south": {"uv": [0, 0, 1.5, 1.5], "texture": "#7"},
				"west": {"uv": [0, 0, 0.375, 1.5], "texture": "#7"},
				"up": {"uv": [0, 0, 1.5, 0.375], "rotation": 180, "texture": "#7"},
				"down": {"uv": [0, 0, 1.5, 0.375], "rotation": 180, "texture": "#7"}
			}
		},
		{
			"from": [5.46871, 1.297, 8.95332],
			"to": [6.65671, 2.485, 9.25032],
			"rotation": {"angle": 22.5, "axis": "y", "origin": [6.08039, 1.9438, 9.84078]},
			"faces": {
				"north": {"uv": [0, 0, 1.5, 1.5], "texture": "#7"},
				"east": {"uv": [0, 0, 0.375, 1.5], "texture": "#7"},
				"south": {"uv": [0, 0, 1.5, 1.5], "texture": "#7"},
				"west": {"uv": [0, 0, 0.375, 1.5], "texture": "#7"},
				"up": {"uv": [0, 0, 1.5, 0.375], "rotation": 180, "texture": "#7"},
				"down": {"uv": [0, 0, 1.5, 0.375], "rotation": 180, "texture": "#7"}
			}
		},
		{
			"from": [6.65671, 1.4158, 9.07212],
			"to": [6.83491, 2.3662, 9.25032],
			"rotation": {"angle": 22.5, "axis": "y", "origin": [6.08039, 1.9438, 9.84078]},
			"faces": {
				"north": {"uv": [0, 0, 0.225, 1.2], "texture": "#7"},
				"east": {"uv": [0, 0, 0.225, 1.2], "texture": "#7"},
				"south": {"uv": [0, 0, 0.225, 1.2], "texture": "#7"},
				"west": {"uv": [0, 0, 0.225, 1.2], "texture": "#7"},
				"up": {"uv": [0, 0, 0.225, 0.225], "rotation": 180, "texture": "#7"},
				"down": {"uv": [0, 0, 0.225, 0.225], "rotation": 180, "texture": "#7"}
			}
		},
		{
			"from": [6.65671, 1.4158, 10.43832],
			"to": [6.83491, 2.3662, 10.61652],
			"rotation": {"angle": 22.5, "axis": "y", "origin": [6.08039, 1.9438, 9.84078]},
			"faces": {
				"north": {"uv": [0, 0, 0.225, 1.2], "texture": "#7"},
				"east": {"uv": [0, 0, 0.225, 1.2], "texture": "#7"},
				"south": {"uv": [0, 0, 0.225, 1.2], "texture": "#7"},
				"west": {"uv": [0, 0, 0.225, 1.2], "texture": "#7"},
				"up": {"uv": [0, 0, 0.225, 0.225], "rotation": 180, "texture": "#7"},
				"down": {"uv": [0, 0, 0.225, 0.225], "rotation": 180, "texture": "#7"}
			}
		},
		{
			"from": [5.58751, 2.485, 10.43832],
			"to": [6.53791, 2.6632, 10.61652],
			"rotation": {"angle": 22.5, "axis": "y", "origin": [6.08039, 1.9438, 9.84078]},
			"faces": {
				"north": {"uv": [0, 0, 1.2, 0.225], "texture": "#7"},
				"east": {"uv": [0, 0, 0.225, 0.225], "texture": "#7"},
				"south": {"uv": [0, 0, 1.2, 0.225], "texture": "#7"},
				"west": {"uv": [0, 0, 0.225, 0.225], "texture": "#7"},
				"up": {"uv": [0, 0, 1.2, 0.225], "rotation": 180, "texture": "#7"},
				"down": {"uv": [0, 0, 1.2, 0.225], "rotation": 180, "texture": "#7"}
			}
		},
		{
			"from": [5.58751, 1.1188, 10.43832],
			"to": [6.53791, 1.297, 10.61652],
			"rotation": {"angle": 22.5, "axis": "y", "origin": [6.08039, 1.9438, 9.84078]},
			"faces": {
				"north": {"uv": [0, 0, 1.2, 0.225], "texture": "#7"},
				"east": {"uv": [0, 0, 0.225, 0.225], "texture": "#7"},
				"south": {"uv": [0, 0, 1.2, 0.225], "texture": "#7"},
				"west": {"uv": [0, 0, 0.225, 0.225], "texture": "#7"},
				"up": {"uv": [0, 0, 1.2, 0.225], "rotation": 180, "texture": "#7"},
				"down": {"uv": [0, 0, 1.2, 0.225], "rotation": 180, "texture": "#7"}
			}
		},
		{
			"from": [5.29051, 2.485, 9.36912],
			"to": [5.46871, 2.6632, 10.31952],
			"rotation": {"angle": 22.5, "axis": "y", "origin": [6.08039, 1.9438, 9.84078]},
			"faces": {
				"north": {"uv": [0, 0, 0.225, 0.225], "texture": "#7"},
				"east": {"uv": [0, 0, 1.2, 0.225], "texture": "#7"},
				"south": {"uv": [0, 0, 0.225, 0.225], "texture": "#7"},
				"west": {"uv": [0, 0, 1.2, 0.225], "texture": "#7"},
				"up": {"uv": [0, 0, 1.2, 0.225], "rotation": 270, "texture": "#7"},
				"down": {"uv": [0, 0, 1.2, 0.225], "rotation": 90, "texture": "#7"}
			}
		},
		{
			"from": [5.29051, 1.1188, 9.36912],
			"to": [5.46871, 1.297, 10.31952],
			"rotation": {"angle": 22.5, "axis": "y", "origin": [6.08039, 1.9438, 9.84078]},
			"faces": {
				"north": {"uv": [0, 0, 0.225, 0.225], "texture": "#7"},
				"east": {"uv": [0, 0, 1.2, 0.225], "texture": "#7"},
				"south": {"uv": [0, 0, 0.225, 0.225], "texture": "#7"},
				"west": {"uv": [0, 0, 1.2, 0.225], "texture": "#7"},
				"up": {"uv": [0, 0, 1.2, 0.225], "rotation": 270, "texture": "#7"},
				"down": {"uv": [0, 0, 1.2, 0.225], "rotation": 90, "texture": "#7"}
			}
		},
		{
			"from": [5.58751, 2.485, 9.07212],
			"to": [6.53791, 2.6632, 9.25032],
			"rotation": {"angle": 22.5, "axis": "y", "origin": [6.08039, 1.9438, 9.84078]},
			"faces": {
				"north": {"uv": [0, 0, 1.2, 0.225], "texture": "#7"},
				"east": {"uv": [0, 0, 0.225, 0.225], "texture": "#7"},
				"south": {"uv": [0, 0, 1.2, 0.225], "texture": "#7"},
				"west": {"uv": [0, 0, 0.225, 0.225], "texture": "#7"},
				"up": {"uv": [0, 0, 1.2, 0.225], "rotation": 180, "texture": "#7"},
				"down": {"uv": [0, 0, 1.2, 0.225], "rotation": 180, "texture": "#7"}
			}
		},
		{
			"from": [5.58751, 1.1188, 9.07212],
			"to": [6.53791, 1.297, 9.25032],
			"rotation": {"angle": 22.5, "axis": "y", "origin": [6.08039, 1.9438, 9.84078]},
			"faces": {
				"north": {"uv": [0, 0, 1.2, 0.225], "texture": "#7"},
				"east": {"uv": [0, 0, 0.225, 0.225], "texture": "#7"},
				"south": {"uv": [0, 0, 1.2, 0.225], "texture": "#7"},
				"west": {"uv": [0, 0, 0.225, 0.225], "texture": "#7"},
				"up": {"uv": [0, 0, 1.2, 0.225], "rotation": 180, "texture": "#7"},
				"down": {"uv": [0, 0, 1.2, 0.225], "rotation": 180, "texture": "#7"}
			}
		},
		{
			"from": [6.65671, 2.485, 9.36912],
			"to": [6.83491, 2.6632, 10.31952],
			"rotation": {"angle": 22.5, "axis": "y", "origin": [6.08039, 1.9438, 9.84078]},
			"faces": {
				"north": {"uv": [0, 0, 0.225, 0.225], "texture": "#7"},
				"east": {"uv": [0, 0, 1.2, 0.225], "texture": "#7"},
				"south": {"uv": [0, 0, 0.225, 0.225], "texture": "#7"},
				"west": {"uv": [0, 0, 1.2, 0.225], "texture": "#7"},
				"up": {"uv": [0, 0, 1.2, 0.225], "rotation": 270, "texture": "#7"},
				"down": {"uv": [0, 0, 1.2, 0.225], "rotation": 90, "texture": "#7"}
			}
		},
		{
			"from": [6.65671, 1.1188, 9.36912],
			"to": [6.83491, 1.297, 10.31952],
			"rotation": {"angle": 22.5, "axis": "y", "origin": [6.08039, 1.9438, 9.84078]},
			"faces": {
				"north": {"uv": [0, 0, 0.225, 0.225], "texture": "#7"},
				"east": {"uv": [0, 0, 1.2, 0.225], "texture": "#7"},
				"south": {"uv": [0, 0, 0.225, 0.225], "texture": "#7"},
				"west": {"uv": [0, 0, 1.2, 0.225], "texture": "#7"},
				"up": {"uv": [0, 0, 1.2, 0.225], "rotation": 270, "texture": "#7"},
				"down": {"uv": [0, 0, 1.2, 0.225], "rotation": 90, "texture": "#7"}
			}
		},
		{
			"from": [5.29051, 1.4158, 9.07212],
			"to": [5.46871, 2.3662, 9.25032],
			"rotation": {"angle": 22.5, "axis": "y", "origin": [6.08039, 1.9438, 9.84078]},
			"faces": {
				"north": {"uv": [0, 0, 0.225, 1.2], "texture": "#7"},
				"east": {"uv": [0, 0, 0.225, 1.2], "texture": "#7"},
				"south": {"uv": [0, 0, 0.225, 1.2], "texture": "#7"},
				"west": {"uv": [0, 0, 0.225, 1.2], "texture": "#7"},
				"up": {"uv": [0, 0, 0.225, 0.225], "rotation": 180, "texture": "#7"},
				"down": {"uv": [0, 0, 0.225, 0.225], "rotation": 180, "texture": "#7"}
			}
		},
		{
			"from": [5.60871, 1.4158, 10.37468],
			"to": [5.78691, 2.3662, 10.55288],
			"rotation": {"angle": 22.5, "axis": "y", "origin": [6.08039, 1.9438, 9.84078]},
			"faces": {
				"north": {"uv": [0, 0, 0.225, 1.2], "texture": "#7"},
				"east": {"uv": [0, 0, 0.225, 1.2], "texture": "#7"},
				"south": {"uv": [0, 0, 0.225, 1.2], "texture": "#7"},
				"west": {"uv": [0, 0, 0.225, 1.2], "texture": "#7"},
				"up": {"uv": [0, 0, 0.225, 0.225], "rotation": 180, "texture": "#7"},
				"down": {"uv": [0, 0, 0.225, 0.225], "rotation": 180, "texture": "#7"}
			}
		},
		{
			"from": [6.65671, 1.297, 9.25032],
			"to": [6.95371, 2.485, 10.43832],
			"rotation": {"angle": 22.5, "axis": "y", "origin": [6.08039, 1.9438, 9.84078]},
			"faces": {
				"north": {"uv": [0, 0, 0.375, 1.5], "texture": "#7"},
				"east": {"uv": [0, 0, 1.5, 1.5], "texture": "#7"},
				"south": {"uv": [0, 0, 0.375, 1.5], "texture": "#7"},
				"west": {"uv": [0, 0, 1.5, 1.5], "texture": "#7"},
				"up": {"uv": [0, 0, 0.375, 1.5], "rotation": 180, "texture": "#7"},
				"down": {"uv": [0, 0, 0.375, 1.5], "rotation": 180, "texture": "#7"}
			}
		}
	],
	"display": {
		"head": {
			"translation": [0, -14.5, 0],
			"scale": [2.3, 2.3, 2.3]
		}
	},
	"groups": [
		{
			"name": "banana",
			"origin": [8, 8, 8],
			"children": [
				{
					"name": "top",
					"origin": [3.46513, 0.625, 2.85696],
					"children": [0, 1]
				}, 2, 3, 4, 5, 6]
		},
		{
			"name": "apple",
			"origin": [15, 9.5, 7.5],
			"children": [
				{
					"name": "group",
					"origin": [2.70159, 1.87659, 2.5],
					"children": [7, 8]
				}, 9, 10, 11, 12, 13, 14, 15, 16, 17, 18, 19, 20, 21, 22, 23, 24, 25, 26]
		},
		{
			"name": "bowl",
			"origin": [15, 9.5, 7.5],
			"children": [27, 28, 29, 30, 31, 32, 33, 34, 35, 36]
		},
		{
			"name": "apple2",
			"origin": [15, 9.5, 7.5],
			"children": [
				{
					"name": "group",
					"origin": [2.70159, 1.87659, 2.5],
					"children": [37, 38]
				}, 39, 40, 41, 42, 43, 44, 45, 46, 47, 48, 49, 50, 51, 52, 53, 54, 55, 56]
		},
		{
			"name": "orange",
			"origin": [15, 9.5, 7.5],
			"children": [
				{
					"name": "group",
					"origin": [2.70159, 1.87659, 2.5],
					"children": [57]
				}, 58, 59, 60, 61, 62, 63, 64, 65, 66, 67, 68, 69, 70, 71, 72, 73, 74, 75]
		}
	]
}