{
	"credit": "Made by Philipp Opheys / pro_pixel_ from BuildmodeOne",
	"textures": {
		"particle": "block/iron_block",
		"texture": "block/iron_block"
	},
	"elements": [
		{
			"name": "Box29",
			"from": [3, 0, -2],
			"to": [3.5, 0.5, 2.5],
			"rotation": {"angle": 0, "axis": "y", "origin": [2, 8, 8]},
			"faces": {
				"north": {"uv": [12.5, 15.5, 13, 16], "texture": "#texture"},
				"east": {"uv": [13.5, 15.5, 18, 16], "texture": "#texture"},
				"south": {"uv": [3, 15.5, 3.5, 16], "texture": "#texture"},
				"west": {"uv": [0, 15.5, 4.5, 16], "texture": "#texture"},
				"up": {"uv": [3, 0, 3.5, 4.5], "texture": "#texture"},
				"down": {"uv": [3, 13.5, 3.5, 18], "texture": "#texture"}
			}
		},
		{
			"name": "Box29",
			"from": [3.5, 0, -3],
			"to": [4, 1, 4],
			"rotation": {"angle": 0, "axis": "y", "origin": [2, 8, 8]},
			"faces": {
				"north": {"uv": [12, 15, 12.5, 16], "texture": "#texture"},
				"east": {"uv": [12, 15, 19, 16], "texture": "#texture"},
				"south": {"uv": [3.5, 15, 4, 16], "texture": "#texture"},
				"west": {"uv": [0, 15, 7, 16], "texture": "#texture"},
				"up": {"uv": [3.5, 0, 4, 7], "texture": "#texture"},
				"down": {"uv": [3.5, 12, 4, 19], "texture": "#texture"}
			}
		},
		{
			"name": "Box29",
			"from": [4, 0, -4.5],
			"to": [4.5, 1, 4.5],
			"rotation": {"angle": 0, "axis": "y", "origin": [2, 8, 8]},
			"faces": {
				"north": {"uv": [11.5, 15, 12, 16], "texture": "#texture"},
				"east": {"uv": [11.5, 15, 20.5, 16], "texture": "#texture"},
				"south": {"uv": [4, 15, 4.5, 16], "texture": "#texture"},
				"west": {"uv": [0, 15, 9, 16], "texture": "#texture"},
				"up": {"uv": [4, 0, 4.5, 9], "texture": "#texture"},
				"down": {"uv": [4, 11.5, 4.5, 20.5], "texture": "#texture"}
			}
		},
		{
			"name": "Box29",
			"from": [4.5, 0, -5],
			"to": [5, 1, 5],
			"rotation": {"angle": 0, "axis": "y", "origin": [2, 8, 8]},
			"faces": {
				"north": {"uv": [11, 15, 11.5, 16], "texture": "#texture"},
				"east": {"uv": [11, 15, 21, 16], "texture": "#texture"},
				"south": {"uv": [4.5, 15, 5, 16], "texture": "#texture"},
				"west": {"uv": [0, 15, 10, 16], "texture": "#texture"},
				"up": {"uv": [4.5, 0, 5, 10], "texture": "#texture"},
				"down": {"uv": [4.5, 11, 5, 21], "texture": "#texture"}
			}
		},
		{
			"name": "Box27",
			"from": [5, 0, -5],
			"to": [6, 1, 10],
			"rotation": {"angle": 0, "axis": "y", "origin": [2, 8, 8]},
			"faces": {
				"north": {"uv": [10, 15, 11, 16], "texture": "#texture"},
				"east": {"uv": [6, 15, 21, 16], "texture": "#texture"},
				"south": {"uv": [5, 15, 6, 16], "texture": "#texture"},
				"west": {"uv": [0, 15, 15, 16], "texture": "#texture"},
				"up": {"uv": [5, 0, 6, 15], "texture": "#texture"},
				"down": {"uv": [5, 6, 6, 21], "texture": "#texture"}
			}
		},
		{
			"name": "Box28",
			"from": [4.5, 0, 10],
			"to": [6.5, 1, 18.5],
			"rotation": {"angle": 0, "axis": "y", "origin": [2, 8, 8]},
			"faces": {
				"north": {"uv": [9.5, 15, 11.5, 16], "texture": "#texture"},
				"east": {"uv": [0, 15, 8.5, 16], "texture": "#texture"},
				"south": {"uv": [4.5, 15, 6.5, 16], "texture": "#texture"},
				"west": {"uv": [10, 15, 18.5, 16], "texture": "#texture"},
				"up": {"uv": [5, 7, 7, 15.5], "texture": "#texture"},
				"down": {"uv": [4.5, 0, 6.5, 8.5], "texture": "#texture"}
			}
		},
		{
			"name": "Box31",
			"from": [4.12322, 0, -4.71967],
			"to": [4.82322, 0.9999, -4.21967],
			"rotation": {"angle": 45, "axis": "y", "origin": [4.32322, 0.5, -4.46967]},
			"faces": {
				"north": {"uv": [10, 12, 10.7, 13], "texture": "#texture"},
				"east": {"uv": [12, 12, 12.5, 13], "texture": "#texture"},
				"south": {"uv": [4, 13, 4.7, 14], "texture": "#texture"},
				"west": {"uv": [3, 13, 3.5, 14], "texture": "#texture"},
				"up": {"uv": [4, 1, 4.5, 1.7], "rotation": 90, "texture": "#texture"},
				"down": {"uv": [3, 13, 3.5, 13.7], "rotation": 270, "texture": "#texture"}
			}
		},
		{
			"name": "Box32",
			"from": [3.61491, 0, -4.17769],
			"to": [4.11491, 0.9999, -2.87769],
			"rotation": {"angle": -22.5, "axis": "y", "origin": [3.86491, 0.5, -3.22769]},
			"faces": {
				"north": {"uv": [11.88509, 15, 12.38509, 16], "texture": "#texture"},
				"east": {"uv": [13, 14, 14.3, 15], "texture": "#texture"},
				"south": {"uv": [3.61491, 15, 4.11491, 16], "texture": "#texture"},
				"west": {"uv": [2, 13, 3.3, 14], "texture": "#texture"},
				"up": {"uv": [2, 2, 2.5, 3.3], "texture": "#texture"},
				"down": {"uv": [3, 13, 3.5, 14.3], "texture": "#texture"}
			}
		},
		{
			"name": "Box33",
			"from": [3.3864, 0, -2.33284],
			"to": [3.8864, 0.5, -1.63284],
			"rotation": {"angle": -45, "axis": "y", "origin": [3.6364, 0.5, -2.28284]},
			"faces": {
				"north": {"uv": [12, 12, 12.5, 12.5], "texture": "#texture"},
				"east": {"uv": [10, 12, 10.7, 12.5], "texture": "#texture"},
				"south": {"uv": [4, 14, 4.5, 14.5], "texture": "#texture"},
				"west": {"uv": [4, 13, 4.7, 13.5], "texture": "#texture"},
				"up": {"uv": [5, 2, 5.5, 2.7], "texture": "#texture"},
				"down": {"uv": [3, 13, 3.5, 13.7], "texture": "#texture"}
			}
		},
		{
			"name": "Box34",
			"from": [3.3864, 0, 2.13284],
			"to": [3.8864, 0.5, 2.93284],
			"rotation": {"angle": 45, "axis": "y", "origin": [3.6364, 0.5, 2.78284]},
			"faces": {
				"north": {"uv": [11, 12, 11.5, 12.5], "texture": "#texture"},
				"east": {"uv": [10, 13, 10.8, 13.5], "texture": "#texture"},
				"south": {"uv": [6, 12, 6.5, 12.5], "texture": "#texture"},
				"west": {"uv": [7, 12, 7.8, 12.5], "texture": "#texture"},
				"up": {"uv": [3.3864, 2.13284, 3.8864, 2.93284], "texture": "#texture"},
				"down": {"uv": [3.3864, 13.06716, 3.8864, 13.86716], "texture": "#texture"}
			}
		},
		{
			"name": "Box31",
			"from": [4.13388, 0, 3.53033],
			"to": [4.63388, 0.9999, 5.63033],
			"rotation": {"angle": 45, "axis": "y", "origin": [4.38388, 0.5, 4.53033]},
			"faces": {
				"north": {"uv": [12, 14, 12.5, 15], "texture": "#texture"},
				"east": {"uv": [10, 12, 12.1, 13], "texture": "#texture"},
				"south": {"uv": [4, 12, 4.5, 13], "texture": "#texture"},
				"west": {"uv": [5, 12, 7.1, 13], "texture": "#texture"},
				"up": {"uv": [4.13388, 3.53033, 4.63388, 5.63033], "texture": "#texture"},
				"down": {"uv": [3, 8, 3.5, 10.1], "texture": "#texture"}
			}
		},
		{
			"name": "Box29",
			"from": [9, 0, -1],
			"to": [9.5, 0.5, 3.5],
			"rotation": {"angle": 0, "axis": "y", "origin": [9.25, 0.25, 1.25]},
			"faces": {
				"north": {"uv": [6.5, 15.5, 7, 16], "texture": "#texture"},
				"east": {"uv": [12.5, 15.5, 17, 16], "texture": "#texture"},
				"south": {"uv": [9, 15.5, 9.5, 16], "texture": "#texture"},
				"west": {"uv": [0, 15.5, 4.5, 16], "texture": "#texture"},
				"up": {"uv": [9, 0, 9.5, 4.5], "texture": "#texture"},
				"down": {"uv": [9, 12.5, 9.5, 17], "texture": "#texture"}
			}
		},
		{
			"name": "Box30",
			"from": [9.10355, 0.25, -1],
			"to": [9.60355, 0.95, 3.5],
			"rotation": {"angle": -45, "axis": "z", "origin": [9.35355, 0.5, 1.25]},
			"faces": {
				"north": {"uv": [6, 13, 6.5, 13.5], "texture": "#texture"},
				"east": {"uv": [13, 14, 13.8, 14.5], "texture": "#texture"},
				"south": {"uv": [6, 12, 6.5, 12.5], "texture": "#texture"},
				"west": {"uv": [3, 14, 3.8, 14.5], "texture": "#texture"},
				"up": {"uv": [8, 1, 8.5, 5.5], "texture": "#texture"},
				"down": {"uv": [9, 10, 9.5, 14.5], "texture": "#texture"}
			}
		},
		{
			"name": "Box31",
			"from": [3.10355, 0.25, -2],
			"to": [3.60355, 0.95, 2.5],
			"rotation": {"angle": -45, "axis": "z", "origin": [3.35355, 0.5, 0.25]},
			"faces": {
				"north": {"uv": [6, 13, 6.5, 13.5], "texture": "#texture"},
				"east": {"uv": [13, 14, 13.8, 14.5], "texture": "#texture"},
				"south": {"uv": [6, 12, 6.5, 12.5], "texture": "#texture"},
				"west": {"uv": [3, 14, 3.8, 14.5], "texture": "#texture"},
				"up": {"uv": [3.10355, 0, 3.60355, 4.5], "texture": "#texture"},
				"down": {"uv": [3.10355, 13.5, 3.60355, 18], "texture": "#texture"}
			}
		},
		{
			"name": "Box27",
			"from": [11, 0, -4],
			"to": [12, 1, 9.5],
			"rotation": {"angle": 0, "axis": "y", "origin": [14, 8, 8]},
			"faces": {
				"north": {"uv": [4, 15, 5, 16], "texture": "#texture"},
				"east": {"uv": [6.5, 15, 20, 16], "texture": "#texture"},
				"south": {"uv": [11, 15, 12, 16], "texture": "#texture"},
				"west": {"uv": [0, 15, 13.5, 16], "texture": "#texture"},
				"up": {"uv": [11, 0, 12, 13.5], "texture": "#texture"},
				"down": {"uv": [11, 6.5, 12, 20], "texture": "#texture"}
			}
		},
		{
			"name": "Box28",
			"from": [10.5, 0, 9.5],
			"to": [12.5, 1, 18],
			"rotation": {"angle": 0, "axis": "y", "origin": [14, 8, 8]},
			"faces": {
				"north": {"uv": [3.5, 15, 5.5, 16], "texture": "#texture"},
				"east": {"uv": [0, 15, 8.5, 16], "texture": "#texture"},
				"south": {"uv": [10.5, 15, 12.5, 16], "texture": "#texture"},
				"west": {"uv": [9.5, 15, 18, 16], "texture": "#texture"},
				"up": {"uv": [8, 7, 10, 15.5], "texture": "#texture"},
				"down": {"uv": [10.5, 0, 12.5, 8.5], "texture": "#texture"}
			}
		},
		{
			"name": "Box29",
			"from": [10.5, 0, -4],
			"to": [11, 1, 6],
			"rotation": {"angle": 0, "axis": "y", "origin": [14, 8, 8]},
			"faces": {
				"north": {"uv": [5, 15, 5.5, 16], "texture": "#texture"},
				"east": {"uv": [10, 15, 20, 16], "texture": "#texture"},
				"south": {"uv": [10.5, 15, 11, 16], "texture": "#texture"},
				"west": {"uv": [0, 15, 10, 16], "texture": "#texture"},
				"up": {"uv": [10.5, 0, 11, 10], "texture": "#texture"},
				"down": {"uv": [10.5, 10, 11, 20], "texture": "#texture"}
			}
		},
		{
			"name": "Box29",
			"from": [10, 0, -3.5],
			"to": [10.5, 1, 5.5],
			"rotation": {"angle": 0, "axis": "y", "origin": [14, 8, 8]},
			"faces": {
				"north": {"uv": [5.5, 15, 6, 16], "texture": "#texture"},
				"east": {"uv": [10.5, 15, 19.5, 16], "texture": "#texture"},
				"south": {"uv": [10, 15, 10.5, 16], "texture": "#texture"},
				"west": {"uv": [0, 15, 9, 16], "texture": "#texture"},
				"up": {"uv": [10, 0, 10.5, 9], "texture": "#texture"},
				"down": {"uv": [10, 10.5, 10.5, 19.5], "texture": "#texture"}
			}
		},
		{
			"name": "Box30",
			"from": [10.12322, 0, -3.71967],
			"to": [10.82322, 0.9999, -3.21967],
			"rotation": {"angle": 45, "axis": "y", "origin": [10.32322, 0.5, -3.46967]},
			"faces": {
				"north": {"uv": [6, 13, 6.5, 13.5], "texture": "#texture"},
				"east": {"uv": [13, 14, 13.8, 14.5], "texture": "#texture"},
				"south": {"uv": [6, 12, 6.5, 12.5], "texture": "#texture"},
				"west": {"uv": [3, 14, 3.8, 14.5], "texture": "#texture"},
				"up": {"uv": [10, 2, 10.5, 2.7], "rotation": 90, "texture": "#texture"},
				"down": {"uv": [9, 13, 9.5, 13.7], "rotation": 270, "texture": "#texture"}
			}
		},
		{
			"name": "Box31",
			"from": [9.61491, 0, -3.17769],
			"to": [10.11491, 0.9999, -1.87769],
			"rotation": {"angle": -22.5, "axis": "y", "origin": [9.86491, 0.5, -2.22769]},
			"faces": {
				"north": {"uv": [6, 13, 6.5, 13.5], "texture": "#texture"},
				"east": {"uv": [13, 14, 13.8, 14.5], "texture": "#texture"},
				"south": {"uv": [6, 12, 6.5, 12.5], "texture": "#texture"},
				"west": {"uv": [3, 14, 3.8, 14.5], "texture": "#texture"},
				"up": {"uv": [8, 0, 8.5, 1.3], "texture": "#texture"},
				"down": {"uv": [9, 12, 9.5, 13.3], "texture": "#texture"}
			}
		},
		{
			"name": "Box32",
			"from": [9.3864, 0, -1.33284],
			"to": [9.8864, 0.5, -0.63284],
			"rotation": {"angle": -45, "axis": "y", "origin": [9.6364, 0.5, -1.28284]},
			"faces": {
				"north": {"uv": [6, 13, 6.5, 13.5], "texture": "#texture"},
				"east": {"uv": [13, 14, 13.8, 14.5], "texture": "#texture"},
				"south": {"uv": [6, 12, 6.5, 12.5], "texture": "#texture"},
				"west": {"uv": [3, 14, 3.8, 14.5], "texture": "#texture"},
				"up": {"uv": [9.3864, 0, 9.8864, 0.7], "texture": "#texture"},
				"down": {"uv": [9.3864, 16, 9.8864, 16.7], "texture": "#texture"}
			}
		},
		{
			"name": "Box33",
			"from": [9.3864, 0, 3.13284],
			"to": [9.8864, 0.5, 3.93284],
			"rotation": {"angle": 45, "axis": "y", "origin": [9.6364, 0.5, 3.78284]},
			"faces": {
				"north": {"uv": [6, 13, 6.5, 13.5], "texture": "#texture"},
				"east": {"uv": [13, 14, 13.8, 14.5], "texture": "#texture"},
				"south": {"uv": [6, 12, 6.5, 12.5], "texture": "#texture"},
				"west": {"uv": [3, 14, 3.8, 14.5], "texture": "#texture"},
				"up": {"uv": [9.3864, 3.13284, 9.8864, 3.93284], "texture": "#texture"},
				"down": {"uv": [9.3864, 12.06716, 9.8864, 12.86716], "texture": "#texture"}
			}
		},
		{
			"name": "Box29",
			"from": [9.5, 0, -2],
			"to": [10, 1, 5],
			"rotation": {"angle": 0, "axis": "y", "origin": [9.75, 0.5, 1.5]},
			"faces": {
				"north": {"uv": [6, 15, 6.5, 16], "texture": "#texture"},
				"east": {"uv": [11, 15, 18, 16], "texture": "#texture"},
				"south": {"uv": [9.5, 15, 10, 16], "texture": "#texture"},
				"west": {"uv": [0, 15, 7, 16], "texture": "#texture"},
				"up": {"uv": [9.5, 0, 10, 7], "texture": "#texture"},
				"down": {"uv": [9.5, 11, 10, 18], "texture": "#texture"}
			}
		},
		{
			"name": "Box30",
			"from": [10.13388, 0, 4.53033],
			"to": [10.63388, 0.9999, 6.63033],
			"rotation": {"angle": 45, "axis": "y", "origin": [10.38388, 0.5, 5.53033]},
			"faces": {
				"north": {"uv": [6, 13, 6.5, 13.5], "texture": "#texture"},
				"east": {"uv": [13, 14, 13.8, 14.5], "texture": "#texture"},
				"south": {"uv": [6, 12, 6.5, 12.5], "texture": "#texture"},
				"west": {"uv": [3, 14, 3.8, 14.5], "texture": "#texture"},
				"up": {"uv": [10.13388, 4.53033, 10.63388, 6.63033], "texture": "#texture"},
				"down": {"uv": [10.13388, 9.36967, 10.63388, 11.46967], "texture": "#texture"}
			}
		}
	],
	"display": {
		"head": {
			"rotation": [0, 180, 0],
			"translation": [-0.5, -28, 2.5],
			"scale": [0.6, 0.6, 0.6]
		}
	},
	"groups": [
		{
			"name": "left",
			"origin": [8, 8, 8],
			"children": [0, 1, 2, 3, 4, 5, 6, 7, 8, 9, 10]
		},
		{
			"name": "right",
			"origin": [8, 8, 8],
			"children": [11, 12, 13, 14, 15, 16, 17, 18, 19, 20, 21, 22, 23]
		}
	]
}