{
	"credit": "Made by Philipp Opheys / pro_pixel_ from BuildmodeOne",
	"textures": {
		"particle": "block/white_stained_glass",
		"texture": "block/white_stained_glass"
	},
	"elements": [
		{
			"from": [7.71125, 0.33413, 6.55625],
			"to": [8.28875, 4.21163, 6.80375],
			"rotation": {"angle": 0, "axis": "y", "origin": [8, 0.98027, 8]},
			"faces": {
				"north": {"uv": [9.65, 9.5, 10.35, 13], "texture": "#texture"},
				"east": {"uv": [8.45, 9.5, 8.75, 13], "texture": "#texture"},
				"south": {"uv": [5.65, 9.5, 6.35, 13], "texture": "#texture"},
				"west": {"uv": [7.25, 9.5, 7.55, 13], "texture": "#texture"},
				"up": {"uv": [5.65, 7.25, 6.35, 7.55], "texture": "#texture"},
				"down": {"uv": [5.65, 8.45, 6.35, 8.75], "texture": "#texture"}
			}
		},
		{
			"from": [7.71125, 0.33402, 6.55625],
			"to": [8.28875, 4.21152, 6.80375],
			"rotation": {"angle": -22.5, "axis": "y", "origin": [8, 0.98027, 8]},
			"faces": {
				"north": {"uv": [9.65, 9.5, 10.35, 13], "texture": "#texture"},
				"east": {"uv": [8.45, 9.5, 8.75, 13], "texture": "#texture"},
				"south": {"uv": [5.65, 9.5, 6.35, 13], "texture": "#texture"},
				"west": {"uv": [7.25, 9.5, 7.55, 13], "texture": "#texture"},
				"up": {"uv": [5.65, 7.25, 6.35, 7.55], "texture": "#texture"},
				"down": {"uv": [5.65, 8.45, 6.35, 8.75], "texture": "#texture"}
			}
		},
		{
			"from": [7.71125, 0.33413, 6.55625],
			"to": [8.28875, 4.21163, 6.80375],
			"rotation": {"angle": -45, "axis": "y", "origin": [8, 0.98027, 8]},
			"faces": {
				"north": {"uv": [9.65, 9.5, 10.35, 13], "texture": "#texture"},
				"east": {"uv": [8.45, 9.5, 8.75, 13], "texture": "#texture"},
				"south": {"uv": [5.65, 9.5, 6.35, 13], "texture": "#texture"},
				"west": {"uv": [7.25, 9.5, 7.55, 13], "texture": "#texture"},
				"up": {"uv": [5.65, 7.25, 6.35, 7.55], "texture": "#texture"},
				"down": {"uv": [5.65, 8.45, 6.35, 8.75], "texture": "#texture"}
			}
		},
		{
			"from": [9.19625, 0.33402, 7.71125],
			"to": [9.44375, 4.21152, 8.28875],
			"rotation": {"angle": 22.5, "axis": "y", "origin": [8, 0.98027, 8]},
			"faces": {
				"north": {"uv": [8.25, 9.5, 8.55, 13], "texture": "#texture"},
				"east": {"uv": [6.65, 9.5, 7.35, 13], "texture": "#texture"},
				"south": {"uv": [7.45, 9.5, 7.75, 13], "texture": "#texture"},
				"west": {"uv": [8.65, 9.5, 9.35, 13], "texture": "#texture"},
				"up": {"uv": [7.45, 8.65, 7.75, 9.35], "rotation": 90, "texture": "#texture"},
				"down": {"uv": [7.45, 6.65, 7.75, 7.35], "rotation": 270, "texture": "#texture"}
			}
		},
		{
			"from": [7.71125, 0.33413, 9.19625],
			"to": [8.28875, 4.21163, 9.44375],
			"rotation": {"angle": 0, "axis": "y", "origin": [8, 0.98027, 8]},
			"faces": {
				"north": {"uv": [9.65, 9.5, 10.35, 13], "texture": "#texture"},
				"east": {"uv": [5.25, 9.5, 5.55, 13], "texture": "#texture"},
				"south": {"uv": [5.65, 9.5, 6.35, 13], "texture": "#texture"},
				"west": {"uv": [10.45, 9.5, 10.75, 13], "texture": "#texture"},
				"up": {"uv": [5.65, 10.45, 6.35, 10.75], "texture": "#texture"},
				"down": {"uv": [5.65, 5.25, 6.35, 5.55], "texture": "#texture"}
			}
		},
		{
			"from": [7.71125, 0.33402, 9.19625],
			"to": [8.28875, 4.21152, 9.44375],
			"rotation": {"angle": -22.5, "axis": "y", "origin": [8, 0.98027, 8]},
			"faces": {
				"north": {"uv": [9.65, 9.5, 10.35, 13], "texture": "#texture"},
				"east": {"uv": [5.25, 9.5, 5.55, 13], "texture": "#texture"},
				"south": {"uv": [5.65, 9.5, 6.35, 13], "texture": "#texture"},
				"west": {"uv": [10.45, 9.5, 10.75, 13], "texture": "#texture"},
				"up": {"uv": [5.65, 10.45, 6.35, 10.75], "texture": "#texture"},
				"down": {"uv": [5.65, 5.25, 6.35, 5.55], "texture": "#texture"}
			}
		},
		{
			"from": [7.71125, 0.33413, 9.19625],
			"to": [8.28875, 4.21163, 9.44375],
			"rotation": {"angle": -45, "axis": "y", "origin": [8, 0.98027, 8]},
			"faces": {
				"north": {"uv": [9.65, 9.5, 10.35, 13], "texture": "#texture"},
				"east": {"uv": [5.25, 9.5, 5.55, 13], "texture": "#texture"},
				"south": {"uv": [5.65, 9.5, 6.35, 13], "texture": "#texture"},
				"west": {"uv": [10.45, 9.5, 10.75, 13], "texture": "#texture"},
				"up": {"uv": [5.65, 10.45, 6.35, 10.75], "texture": "#texture"},
				"down": {"uv": [5.65, 5.25, 6.35, 5.55], "texture": "#texture"}
			}
		},
		{
			"from": [6.55625, 0.33402, 7.71125],
			"to": [6.80375, 4.21152, 8.28875],
			"rotation": {"angle": 22.5, "axis": "y", "origin": [8, 0.98027, 8]},
			"faces": {
				"north": {"uv": [11.45, 9.5, 11.75, 13], "texture": "#texture"},
				"east": {"uv": [6.65, 9.5, 7.35, 13], "texture": "#texture"},
				"south": {"uv": [4.25, 9.5, 4.55, 13], "texture": "#texture"},
				"west": {"uv": [8.65, 9.5, 9.35, 13], "texture": "#texture"},
				"up": {"uv": [4.25, 8.65, 4.55, 9.35], "rotation": 90, "texture": "#texture"},
				"down": {"uv": [4.25, 6.65, 4.55, 7.35], "rotation": 270, "texture": "#texture"}
			}
		},
		{
			"from": [6.55625, 0.33413, 7.71125],
			"to": [6.80375, 4.21163, 8.28875],
			"rotation": {"angle": 0, "axis": "y", "origin": [8, 0.98027, 8]},
			"faces": {
				"north": {"uv": [11.45, 9.5, 11.75, 13], "texture": "#texture"},
				"east": {"uv": [6.65, 9.5, 7.35, 13], "texture": "#texture"},
				"south": {"uv": [4.25, 9.5, 4.55, 13], "texture": "#texture"},
				"west": {"uv": [8.65, 9.5, 9.35, 13], "texture": "#texture"},
				"up": {"uv": [4.25, 8.65, 4.55, 9.35], "rotation": 90, "texture": "#texture"},
				"down": {"uv": [4.25, 6.65, 4.55, 7.35], "rotation": 270, "texture": "#texture"}
			}
		},
		{
			"from": [6.55625, 0.33402, 7.71125],
			"to": [6.80375, 4.21152, 8.28875],
			"rotation": {"angle": -22.5, "axis": "y", "origin": [8, 0.98027, 8]},
			"faces": {
				"north": {"uv": [11.45, 9.5, 11.75, 13], "texture": "#texture"},
				"east": {"uv": [6.65, 9.5, 7.35, 13], "texture": "#texture"},
				"south": {"uv": [4.25, 9.5, 4.55, 13], "texture": "#texture"},
				"west": {"uv": [8.65, 9.5, 9.35, 13], "texture": "#texture"},
				"up": {"uv": [4.25, 8.65, 4.55, 9.35], "rotation": 90, "texture": "#texture"},
				"down": {"uv": [4.25, 6.65, 4.55, 7.35], "rotation": 270, "texture": "#texture"}
			}
		},
		{
			"from": [6.55625, 0.33413, 7.71125],
			"to": [6.80375, 4.21163, 8.28875],
			"rotation": {"angle": -45, "axis": "y", "origin": [8, 0.98027, 8]},
			"faces": {
				"north": {"uv": [11.45, 9.5, 11.75, 13], "texture": "#texture"},
				"east": {"uv": [6.65, 9.5, 7.35, 13], "texture": "#texture"},
				"south": {"uv": [4.25, 9.5, 4.55, 13], "texture": "#texture"},
				"west": {"uv": [8.65, 9.5, 9.35, 13], "texture": "#texture"},
				"up": {"uv": [4.25, 8.65, 4.55, 9.35], "rotation": 90, "texture": "#texture"},
				"down": {"uv": [4.25, 6.65, 4.55, 7.35], "rotation": 270, "texture": "#texture"}
			}
		},
		{
			"from": [7.71125, 0.33402, 6.55625],
			"to": [8.28875, 4.21152, 6.80375],
			"rotation": {"angle": 22.5, "axis": "y", "origin": [8, 0.98027, 8]},
			"faces": {
				"north": {"uv": [9.65, 9.5, 10.35, 13], "texture": "#texture"},
				"east": {"uv": [8.45, 9.5, 8.75, 13], "texture": "#texture"},
				"south": {"uv": [5.65, 9.5, 6.35, 13], "texture": "#texture"},
				"west": {"uv": [7.25, 9.5, 7.55, 13], "texture": "#texture"},
				"up": {"uv": [5.65, 7.25, 6.35, 7.55], "rotation": 180, "texture": "#texture"},
				"down": {"uv": [5.65, 8.45, 6.35, 8.75], "rotation": 180, "texture": "#texture"}
			}
		},
		{
			"from": [9.19625, 0.33413, 7.71125],
			"to": [9.44375, 4.21163, 8.28875],
			"rotation": {"angle": 0, "axis": "y", "origin": [8, 0.98027, 8]},
			"faces": {
				"north": {"uv": [8.25, 9.5, 8.55, 13], "texture": "#texture"},
				"east": {"uv": [6.65, 9.5, 7.35, 13], "texture": "#texture"},
				"south": {"uv": [7.45, 9.5, 7.75, 13], "texture": "#texture"},
				"west": {"uv": [8.65, 9.5, 9.35, 13], "texture": "#texture"},
				"up": {"uv": [7.45, 8.65, 7.75, 9.35], "rotation": 90, "texture": "#texture"},
				"down": {"uv": [7.45, 6.65, 7.75, 7.35], "rotation": 270, "texture": "#texture"}
			}
		},
		{
			"from": [9.19625, 0.33402, 7.71125],
			"to": [9.44375, 4.21152, 8.28875],
			"rotation": {"angle": -22.5, "axis": "y", "origin": [8, 0.98027, 8]},
			"faces": {
				"north": {"uv": [8.25, 9.5, 8.55, 13], "texture": "#texture"},
				"east": {"uv": [6.65, 9.5, 7.35, 13], "texture": "#texture"},
				"south": {"uv": [7.45, 9.5, 7.75, 13], "texture": "#texture"},
				"west": {"uv": [8.65, 9.5, 9.35, 13], "texture": "#texture"},
				"up": {"uv": [7.45, 8.65, 7.75, 9.35], "rotation": 90, "texture": "#texture"},
				"down": {"uv": [7.45, 6.65, 7.75, 7.35], "rotation": 270, "texture": "#texture"}
			}
		},
		{
			"from": [9.19625, 0.33413, 7.71125],
			"to": [9.44375, 4.21163, 8.28875],
			"rotation": {"angle": -45, "axis": "y", "origin": [8, 0.98027, 8]},
			"faces": {
				"north": {"uv": [8.25, 9.5, 8.55, 13], "texture": "#texture"},
				"east": {"uv": [6.65, 9.5, 7.35, 13], "texture": "#texture"},
				"south": {"uv": [7.45, 9.5, 7.75, 13], "texture": "#texture"},
				"west": {"uv": [8.65, 9.5, 9.35, 13], "texture": "#texture"},
				"up": {"uv": [7.45, 8.65, 7.75, 9.35], "rotation": 90, "texture": "#texture"},
				"down": {"uv": [7.45, 6.65, 7.75, 7.35], "rotation": 270, "texture": "#texture"}
			}
		},
		{
			"from": [7.71125, 0.33402, 9.19625],
			"to": [8.28875, 4.21152, 9.44375],
			"rotation": {"angle": 22.5, "axis": "y", "origin": [8, 0.98027, 8]},
			"faces": {
				"north": {"uv": [9.65, 9.5, 10.35, 13], "texture": "#texture"},
				"east": {"uv": [5.25, 9.5, 5.55, 13], "texture": "#texture"},
				"south": {"uv": [5.65, 9.5, 6.35, 13], "texture": "#texture"},
				"west": {"uv": [10.45, 9.5, 10.75, 13], "texture": "#texture"},
				"up": {"uv": [5.65, 10.45, 6.35, 10.75], "rotation": 180, "texture": "#texture"},
				"down": {"uv": [5.65, 5.25, 6.35, 5.55], "rotation": 180, "texture": "#texture"}
			}
		},
		{
			"from": [7.73555, -0.03341, 6.67772],
			"to": [8.26445, 0.34439, 7.60839],
			"rotation": {"angle": 0, "axis": "y", "origin": [8, 0.15526, 8]},
			"faces": {
				"north": {"uv": [9.65, 9.5, 10.35, 13], "texture": "#texture"},
				"east": {"uv": [8.45, 9.5, 8.75, 13], "texture": "#texture"},
				"west": {"uv": [7.25, 9.5, 7.55, 13], "texture": "#texture"},
				"up": {"uv": [5.65, 7.25, 6.35, 7.55], "texture": "#texture"},
				"down": {"uv": [5.65, 8.45, 6.35, 8.75], "texture": "#texture"}
			}
		},
		{
			"from": [7.53555, -0.0335, 7.52772],
			"to": [8.46445, 0.3443, 8.45839],
			"rotation": {"angle": 0, "axis": "y", "origin": [8, 0.15526, 8.75]},
			"faces": {
				"north": {"uv": [9.65, 9.5, 10.35, 13], "texture": "#texture"},
				"east": {"uv": [8.45, 9.5, 8.75, 13], "texture": "#texture"},
				"west": {"uv": [7.25, 9.5, 7.55, 13], "texture": "#texture"},
				"up": {"uv": [5.65, 7.25, 6.35, 7.55], "texture": "#texture"},
				"down": {"uv": [5.65, 8.45, 6.35, 8.75], "texture": "#texture"}
			}
		},
		{
			"from": [7.73555, -0.03363, 6.67772],
			"to": [8.26445, 0.34416, 7.60839],
			"rotation": {"angle": -22.5, "axis": "y", "origin": [8, 0.15526, 8]},
			"faces": {
				"north": {"uv": [9.65, 9.5, 10.35, 13], "texture": "#texture"},
				"east": {"uv": [8.45, 9.5, 8.75, 13], "texture": "#texture"},
				"south": {"uv": [5.65, 9.5, 6.35, 13], "texture": "#texture"},
				"west": {"uv": [7.25, 9.5, 7.55, 13], "texture": "#texture"},
				"up": {"uv": [5.65, 7.25, 6.35, 7.55], "texture": "#texture"},
				"down": {"uv": [5.65, 8.45, 6.35, 8.75], "texture": "#texture"}
			}
		},
		{
			"from": [7.73555, -0.03383, 6.67772],
			"to": [8.26445, 0.34396, 7.60839],
			"rotation": {"angle": -45, "axis": "y", "origin": [8, 0.15526, 8]},
			"faces": {
				"north": {"uv": [9.65, 9.5, 10.35, 13], "texture": "#texture"},
				"east": {"uv": [8.45, 9.5, 8.75, 13], "texture": "#texture"},
				"south": {"uv": [5.65, 9.5, 6.35, 13], "texture": "#texture"},
				"west": {"uv": [7.25, 9.5, 7.55, 13], "texture": "#texture"},
				"up": {"uv": [5.65, 7.25, 6.35, 7.55], "texture": "#texture"},
				"down": {"uv": [5.65, 8.45, 6.35, 8.75], "texture": "#texture"}
			}
		},
		{
			"from": [8.39161, -0.03363, 7.73555],
			"to": [9.32228, 0.34416, 8.26445],
			"rotation": {"angle": 22.5, "axis": "y", "origin": [8, 0.15526, 8]},
			"faces": {
				"north": {"uv": [8.25, 9.5, 8.55, 13], "texture": "#texture"},
				"east": {"uv": [6.65, 9.5, 7.35, 13], "texture": "#texture"},
				"south": {"uv": [7.45, 9.5, 7.75, 13], "texture": "#texture"},
				"west": {"uv": [8.65, 9.5, 9.35, 13], "texture": "#texture"},
				"up": {"uv": [7.45, 8.65, 7.75, 9.35], "rotation": 90, "texture": "#texture"},
				"down": {"uv": [7.45, 6.65, 7.75, 7.35], "rotation": 270, "texture": "#texture"}
			}
		},
		{
			"from": [7.73555, -0.03341, 8.39161],
			"to": [8.26445, 0.34439, 9.32228],
			"rotation": {"angle": 0, "axis": "y", "origin": [8, 0.15526, 8]},
			"faces": {
				"east": {"uv": [5.25, 9.5, 5.55, 13], "texture": "#texture"},
				"south": {"uv": [5.65, 9.5, 6.35, 13], "texture": "#texture"},
				"west": {"uv": [10.45, 9.5, 10.75, 13], "texture": "#texture"},
				"up": {"uv": [5.65, 10.45, 6.35, 10.75], "texture": "#texture"},
				"down": {"uv": [5.65, 5.25, 6.35, 5.55], "texture": "#texture"}
			}
		},
		{
			"from": [7.73555, -0.03363, 8.39161],
			"to": [8.26445, 0.34416, 9.32228],
			"rotation": {"angle": -22.5, "axis": "y", "origin": [8, 0.15526, 8]},
			"faces": {
				"north": {"uv": [9.65, 9.5, 10.35, 13], "texture": "#texture"},
				"east": {"uv": [5.25, 9.5, 5.55, 13], "texture": "#texture"},
				"south": {"uv": [5.65, 9.5, 6.35, 13], "texture": "#texture"},
				"west": {"uv": [10.45, 9.5, 10.75, 13], "texture": "#texture"},
				"up": {"uv": [5.65, 10.45, 6.35, 10.75], "texture": "#texture"},
				"down": {"uv": [5.65, 5.25, 6.35, 5.55], "texture": "#texture"}
			}
		},
		{
			"from": [7.73555, -0.03383, 8.39161],
			"to": [8.26445, 0.34396, 9.32228],
			"rotation": {"angle": -45, "axis": "y", "origin": [8, 0.15526, 8]},
			"faces": {
				"north": {"uv": [9.65, 9.5, 10.35, 13], "texture": "#texture"},
				"east": {"uv": [5.25, 9.5, 5.55, 13], "texture": "#texture"},
				"south": {"uv": [5.65, 9.5, 6.35, 13], "texture": "#texture"},
				"west": {"uv": [10.45, 9.5, 10.75, 13], "texture": "#texture"},
				"up": {"uv": [5.65, 10.45, 6.35, 10.75], "texture": "#texture"},
				"down": {"uv": [5.65, 5.25, 6.35, 5.55], "texture": "#texture"}
			}
		},
		{
			"from": [6.67772, -0.03363, 7.73555],
			"to": [7.60839, 0.34416, 8.26445],
			"rotation": {"angle": 22.5, "axis": "y", "origin": [8, 0.15526, 8]},
			"faces": {
				"north": {"uv": [11.45, 9.5, 11.75, 13], "texture": "#texture"},
				"east": {"uv": [6.65, 9.5, 7.35, 13], "texture": "#texture"},
				"south": {"uv": [4.25, 9.5, 4.55, 13], "texture": "#texture"},
				"west": {"uv": [8.65, 9.5, 9.35, 13], "texture": "#texture"},
				"up": {"uv": [4.25, 8.65, 4.55, 9.35], "rotation": 90, "texture": "#texture"},
				"down": {"uv": [4.25, 6.65, 4.55, 7.35], "rotation": 270, "texture": "#texture"}
			}
		},
		{
			"from": [6.67772, -0.03341, 7.73555],
			"to": [7.60839, 0.34439, 8.26445],
			"rotation": {"angle": 0, "axis": "y", "origin": [8, 0.15526, 8]},
			"faces": {
				"north": {"uv": [11.45, 9.5, 11.75, 13], "texture": "#texture"},
				"south": {"uv": [4.25, 9.5, 4.55, 13], "texture": "#texture"},
				"west": {"uv": [8.65, 9.5, 9.35, 13], "texture": "#texture"},
				"up": {"uv": [4.25, 8.65, 4.55, 9.35], "rotation": 90, "texture": "#texture"},
				"down": {"uv": [4.25, 6.65, 4.55, 7.35], "rotation": 270, "texture": "#texture"}
			}
		},
		{
			"from": [6.67772, -0.03363, 7.73555],
			"to": [7.60839, 0.34416, 8.26445],
			"rotation": {"angle": -22.5, "axis": "y", "origin": [8, 0.15526, 8]},
			"faces": {
				"north": {"uv": [11.45, 9.5, 11.75, 13], "texture": "#texture"},
				"east": {"uv": [6.65, 9.5, 7.35, 13], "texture": "#texture"},
				"south": {"uv": [4.25, 9.5, 4.55, 13], "texture": "#texture"},
				"west": {"uv": [8.65, 9.5, 9.35, 13], "texture": "#texture"},
				"up": {"uv": [4.25, 8.65, 4.55, 9.35], "rotation": 90, "texture": "#texture"},
				"down": {"uv": [4.25, 6.65, 4.55, 7.35], "rotation": 270, "texture": "#texture"}
			}
		},
		{
			"from": [6.67772, -0.03383, 7.73555],
			"to": [7.60839, 0.34396, 8.26445],
			"rotation": {"angle": -45, "axis": "y", "origin": [8, 0.15526, 8]},
			"faces": {
				"north": {"uv": [11.45, 9.5, 11.75, 13], "texture": "#texture"},
				"east": {"uv": [6.65, 9.5, 7.35, 13], "texture": "#texture"},
				"south": {"uv": [4.25, 9.5, 4.55, 13], "texture": "#texture"},
				"west": {"uv": [8.65, 9.5, 9.35, 13], "texture": "#texture"},
				"up": {"uv": [4.25, 8.65, 4.55, 9.35], "rotation": 90, "texture": "#texture"},
				"down": {"uv": [4.25, 6.65, 4.55, 7.35], "rotation": 270, "texture": "#texture"}
			}
		},
		{
			"from": [7.73555, -0.03363, 6.67772],
			"to": [8.26445, 0.34416, 7.60839],
			"rotation": {"angle": 22.5, "axis": "y", "origin": [8, 0.15526, 8]},
			"faces": {
				"north": {"uv": [9.65, 9.5, 10.35, 13], "texture": "#texture"},
				"east": {"uv": [8.45, 9.5, 8.75, 13], "texture": "#texture"},
				"south": {"uv": [5.65, 9.5, 6.35, 13], "texture": "#texture"},
				"west": {"uv": [7.25, 9.5, 7.55, 13], "texture": "#texture"},
				"up": {"uv": [5.65, 7.25, 6.35, 7.55], "rotation": 180, "texture": "#texture"},
				"down": {"uv": [5.65, 8.45, 6.35, 8.75], "rotation": 180, "texture": "#texture"}
			}
		},
		{
			"from": [8.39161, -0.03341, 7.73555],
			"to": [9.32228, 0.34439, 8.26445],
			"rotation": {"angle": 0, "axis": "y", "origin": [8, 0.15526, 8]},
			"faces": {
				"north": {"uv": [8.25, 9.5, 8.55, 13], "texture": "#texture"},
				"east": {"uv": [6.65, 9.5, 7.35, 13], "texture": "#texture"},
				"south": {"uv": [7.45, 9.5, 7.75, 13], "texture": "#texture"},
				"up": {"uv": [7.45, 8.65, 7.75, 9.35], "rotation": 90, "texture": "#texture"},
				"down": {"uv": [7.45, 6.65, 7.75, 7.35], "rotation": 270, "texture": "#texture"}
			}
		},
		{
			"from": [8.39161, -0.03363, 7.73555],
			"to": [9.32228, 0.34416, 8.26445],
			"rotation": {"angle": -22.5, "axis": "y", "origin": [8, 0.15526, 8]},
			"faces": {
				"north": {"uv": [8.25, 9.5, 8.55, 13], "texture": "#texture"},
				"east": {"uv": [6.65, 9.5, 7.35, 13], "texture": "#texture"},
				"south": {"uv": [7.45, 9.5, 7.75, 13], "texture": "#texture"},
				"west": {"uv": [8.65, 9.5, 9.35, 13], "texture": "#texture"},
				"up": {"uv": [7.45, 8.65, 7.75, 9.35], "rotation": 90, "texture": "#texture"},
				"down": {"uv": [7.45, 6.65, 7.75, 7.35], "rotation": 270, "texture": "#texture"}
			}
		},
		{
			"from": [8.39161, -0.03383, 7.73555],
			"to": [9.32228, 0.34396, 8.26445],
			"rotation": {"angle": -45, "axis": "y", "origin": [8, 0.15526, 8]},
			"faces": {
				"north": {"uv": [8.25, 9.5, 8.55, 13], "texture": "#texture"},
				"east": {"uv": [6.65, 9.5, 7.35, 13], "texture": "#texture"},
				"south": {"uv": [7.45, 9.5, 7.75, 13], "texture": "#texture"},
				"west": {"uv": [8.65, 9.5, 9.35, 13], "texture": "#texture"},
				"up": {"uv": [7.45, 8.65, 7.75, 9.35], "rotation": 90, "texture": "#texture"},
				"down": {"uv": [7.45, 6.65, 7.75, 7.35], "rotation": 270, "texture": "#texture"}
			}
		},
		{
			"from": [7.73555, -0.03363, 8.39161],
			"to": [8.26445, 0.34416, 9.32228],
			"rotation": {"angle": 22.5, "axis": "y", "origin": [8, 0.15526, 8]},
			"faces": {
				"north": {"uv": [9.65, 9.5, 10.35, 13], "texture": "#texture"},
				"east": {"uv": [5.25, 9.5, 5.55, 13], "texture": "#texture"},
				"south": {"uv": [5.65, 9.5, 6.35, 13], "texture": "#texture"},
				"west": {"uv": [10.45, 9.5, 10.75, 13], "texture": "#texture"},
				"up": {"uv": [5.65, 10.45, 6.35, 10.75], "rotation": 180, "texture": "#texture"},
				"down": {"uv": [5.65, 5.25, 6.35, 5.55], "rotation": 180, "texture": "#texture"}
			}
		}
	],
	"display": {
		"head": {
			"translation": [0, -14.5, 3],
			"scale": [2.3, 2.3, 2.3]
		}
	},
	"groups": [
		{
			"name": "new",
			"origin": [11, 8, 11.5],
			"children": [
				{
					"name": "top",
					"origin": [2, 0.25, 2],
					"children": [0, 1, 2, 3, 4, 5, 6, 7, 8, 9, 10, 11, 12, 13, 14, 15]
				},
				{
					"name": "bottom",
					"origin": [2, 0.25, 2],
					"children": [
						{
							"name": "2",
							"origin": [8, 3.375, 8],
							"children": [16, 17, 18, 19, 20, 21, 22, 23, 24, 25, 26, 27, 28, 29, 30, 31, 32]
						}
					]
				}
			]
		}
	]
}