{
	"credit": "Made by Philipp Opheys / pro_pixel_ from BuildmodeOne",
	"textures": {
		"particle": "block/quartz_block_top",
		"texture": "block/quartz_block_top"
	},
	"elements": [
		{
			"name": "Box7",
			"from": [5.81901, 0.51127, 6.87311],
			"to": [6.44901, 0.96037, 7.50761],
			"rotation": {"angle": -45, "axis": "y", "origin": [7.99933, 0.73177, 5.2341]},
			"faces": {
				"north": {"uv": [10.5, 15, 11, 15.5], "texture": "#texture"},
				"east": {"uv": [10.5, 15, 11, 15.5], "texture": "#texture"},
				"south": {"uv": [5, 15, 5.5, 15.5], "texture": "#texture"},
				"west": {"uv": [5, 15, 5.5, 15.5], "texture": "#texture"},
				"up": {"uv": [5, 5, 5.5, 5.5], "texture": "#texture"},
				"down": {"uv": [5, 10.5, 5.5, 11], "texture": "#texture"}
			}
		},
		{
			"name": "Box8",
			"from": [9.55099, 0.51127, 8.49239],
			"to": [10.18099, 0.96037, 9.12689],
			"rotation": {"angle": -45, "axis": "y", "origin": [8.00067, 0.73177, 10.7659]},
			"faces": {
				"north": {"uv": [5, 15, 5.5, 15.5], "texture": "#texture"},
				"east": {"uv": [5, 15, 5.5, 15.5], "texture": "#texture"},
				"south": {"uv": [10.5, 15, 11, 15.5], "texture": "#texture"},
				"west": {"uv": [10.5, 15, 11, 15.5], "texture": "#texture"},
				"up": {"uv": [5, 5, 5.5, 5.5], "rotation": 180, "texture": "#texture"},
				"down": {"uv": [5, 10.5, 5.5, 11], "rotation": 180, "texture": "#texture"}
			}
		},
		{
			"name": "Box8",
			"from": [9.6374, 0.51127, 3.05284],
			"to": [10.2719, 0.96037, 3.68284],
			"rotation": {"angle": -45, "axis": "y", "origin": [7.99933, 0.73177, 5.2341]},
			"faces": {
				"north": {"uv": [5, 15, 5.5, 15.5], "texture": "#texture"},
				"east": {"uv": [10.5, 15, 11, 15.5], "texture": "#texture"},
				"south": {"uv": [10.5, 15, 11, 15.5], "texture": "#texture"},
				"west": {"uv": [5, 15, 5.5, 15.5], "texture": "#texture"},
				"up": {"uv": [5, 5, 5.5, 5.5], "rotation": 90, "texture": "#texture"},
				"down": {"uv": [5, 10.5, 5.5, 11], "rotation": 270, "texture": "#texture"}
			}
		},
		{
			"name": "Box9",
			"from": [5.7281, 0.51127, 12.31717],
			"to": [6.3626, 0.96037, 12.94717],
			"rotation": {"angle": -45, "axis": "y", "origin": [8.00067, 0.73177, 10.7659]},
			"faces": {
				"north": {"uv": [10.5, 15, 11, 15.5], "texture": "#texture"},
				"east": {"uv": [5, 15, 5.5, 15.5], "texture": "#texture"},
				"south": {"uv": [5, 15, 5.5, 15.5], "texture": "#texture"},
				"west": {"uv": [10.5, 15, 11, 15.5], "texture": "#texture"},
				"up": {"uv": [5, 5, 5.5, 5.5], "rotation": 270, "texture": "#texture"},
				"down": {"uv": [5, 10.5, 5.5, 11], "rotation": 90, "texture": "#texture"}
			}
		},
		{
			"name": "Box3",
			"from": [5.39, 0.10627, 10.60681],
			"to": [10.61, 0.73627, 11.05681],
			"rotation": {"angle": 45, "axis": "x", "origin": [8, 0.51127, 10.83181]},
			"faces": {
				"north": {"uv": [11, 15, 11.5, 15.5], "texture": "#texture"},
				"east": {"uv": [5, 15, 11, 15.5], "texture": "#texture"},
				"south": {"uv": [4.5, 15, 5, 15.5], "texture": "#texture"},
				"west": {"uv": [5, 15, 11, 15.5], "texture": "#texture"},
				"up": {"uv": [4.5, 5, 5, 11], "rotation": 90, "texture": "#texture"},
				"down": {"uv": [4.5, 5, 5, 11], "rotation": 90, "texture": "#texture"}
			}
		},
		{
			"name": "Box1",
			"from": [5.3, 0.06127, 5.3],
			"to": [10.7, 0.51127, 10.7],
			"rotation": {"angle": 0, "axis": "y", "origin": [8, 7.26127, 8]},
			"faces": {
				"north": {"uv": [5, 15.5, 11, 16], "texture": "#texture"},
				"east": {"uv": [5, 15.5, 11, 16], "texture": "#texture"},
				"south": {"uv": [5, 15.5, 11, 16], "texture": "#texture"},
				"west": {"uv": [5, 15.5, 11, 16], "texture": "#texture"},
				"up": {"uv": [5, 5, 11, 11], "texture": "#texture"},
				"down": {"uv": [5, 5, 11, 11], "texture": "#texture"}
			}
		},
		{
			"name": "Box2",
			"from": [4.85, 0.51127, 5.3],
			"to": [5.3, 0.96127, 10.7],
			"rotation": {"angle": 0, "axis": "y", "origin": [8, 7.26127, 8]},
			"faces": {
				"north": {"uv": [11, 15, 11.5, 15.5], "texture": "#texture"},
				"east": {"uv": [5, 15, 11, 15.5], "texture": "#texture"},
				"south": {"uv": [4.5, 15, 5, 15.5], "texture": "#texture"},
				"west": {"uv": [5, 15, 11, 15.5], "texture": "#texture"},
				"up": {"uv": [4.5, 5, 5, 11], "texture": "#texture"},
				"down": {"uv": [4.5, 5, 5, 11], "texture": "#texture"}
			}
		},
		{
			"name": "Box3",
			"from": [4.9432, 0.10627, 5.39],
			"to": [5.3932, 0.73627, 10.61],
			"rotation": {"angle": 45, "axis": "z", "origin": [5.1682, 0.51127, 8]},
			"faces": {
				"north": {"uv": [11, 15, 11.5, 15.5], "texture": "#texture"},
				"east": {"uv": [5, 15, 11, 15.5], "texture": "#texture"},
				"south": {"uv": [4.5, 15, 5, 15.5], "texture": "#texture"},
				"west": {"uv": [5, 15, 11, 15.5], "texture": "#texture"},
				"up": {"uv": [4.5, 5, 5, 11], "texture": "#texture"},
				"down": {"uv": [4.5, 5, 5, 11], "texture": "#texture"}
			}
		},
		{
			"name": "Box2",
			"from": [10.7, 0.51127, 5.3],
			"to": [11.15, 0.96127, 10.7],
			"rotation": {"angle": 0, "axis": "y", "origin": [8, 7.26127, 8]},
			"faces": {
				"north": {"uv": [11, 15, 11.5, 15.5], "texture": "#texture"},
				"east": {"uv": [5, 15, 11, 15.5], "texture": "#texture"},
				"south": {"uv": [4.5, 15, 5, 15.5], "texture": "#texture"},
				"west": {"uv": [5, 15, 11, 15.5], "texture": "#texture"},
				"up": {"uv": [4.5, 5, 5, 11], "texture": "#texture"},
				"down": {"uv": [4.5, 5, 5, 11], "texture": "#texture"}
			}
		},
		{
			"name": "Box3",
			"from": [10.60681, 0.10627, 5.39],
			"to": [11.05681, 0.73627, 10.61],
			"rotation": {"angle": -45, "axis": "z", "origin": [10.83181, 0.51127, 8]},
			"faces": {
				"north": {"uv": [11, 15, 11.5, 15.5], "texture": "#texture"},
				"east": {"uv": [5, 15, 11, 15.5], "texture": "#texture"},
				"south": {"uv": [4.5, 15, 5, 15.5], "texture": "#texture"},
				"west": {"uv": [5, 15, 11, 15.5], "texture": "#texture"},
				"up": {"uv": [4.5, 5, 5, 11], "texture": "#texture"},
				"down": {"uv": [4.5, 5, 5, 11], "texture": "#texture"}
			}
		},
		{
			"name": "Box2",
			"from": [5.3, 0.51127, 4.85],
			"to": [10.7, 0.96127, 5.3],
			"rotation": {"angle": 0, "axis": "y", "origin": [8, 7.26127, 8]},
			"faces": {
				"north": {"uv": [11, 15, 11.5, 15.5], "texture": "#texture"},
				"east": {"uv": [5, 15, 11, 15.5], "texture": "#texture"},
				"south": {"uv": [4.5, 15, 5, 15.5], "texture": "#texture"},
				"west": {"uv": [5, 15, 11, 15.5], "texture": "#texture"},
				"up": {"uv": [4.5, 5, 5, 11], "rotation": 90, "texture": "#texture"},
				"down": {"uv": [4.5, 5, 5, 11], "rotation": 90, "texture": "#texture"}
			}
		},
		{
			"name": "Box3",
			"from": [5.39, 0.28627, 4.9432],
			"to": [10.61, 0.73627, 5.5732],
			"rotation": {"angle": 45, "axis": "x", "origin": [8, 0.51127, 5.1682]},
			"faces": {
				"north": {"uv": [11, 15, 11.5, 15.5], "texture": "#texture"},
				"east": {"uv": [5, 15, 11, 15.5], "texture": "#texture"},
				"south": {"uv": [4.5, 15, 5, 15.5], "texture": "#texture"},
				"west": {"uv": [5, 15, 11, 15.5], "texture": "#texture"},
				"up": {"uv": [4.5, 5, 5, 11], "rotation": 90, "texture": "#texture"},
				"down": {"uv": [4.5, 5, 5, 11], "rotation": 90, "texture": "#texture"}
			}
		},
		{
			"name": "Box2",
			"from": [5.3, 0.51127, 10.7],
			"to": [10.7, 0.96127, 11.15],
			"rotation": {"angle": 0, "axis": "y", "origin": [8, 7.26127, 8]},
			"faces": {
				"north": {"uv": [11, 15, 11.5, 15.5], "texture": "#texture"},
				"east": {"uv": [5, 15, 11, 15.5], "texture": "#texture"},
				"south": {"uv": [4.5, 15, 5, 15.5], "texture": "#texture"},
				"west": {"uv": [5, 15, 11, 15.5], "texture": "#texture"},
				"up": {"uv": [4.5, 5, 5, 11], "rotation": 90, "texture": "#texture"},
				"down": {"uv": [4.5, 5, 5, 11], "rotation": 90, "texture": "#texture"}
			}
		}
	],
	"display": {
		"head": {
			"translation": [0, -14.5, 3],
			"scale": [2.3, 2.3, 2.3]
		}
	},
	"groups": [0, 1, 2, 3,
		{
			"name": "group",
			"origin": [8, 8, 8],
			"children": [4, 5, 6, 7, 8, 9, 10, 11, 12]
		}
	]
}