{
	"credit": "Made by Philipp Opheys / pro_pixel_ from BuildmodeOne",
	"textures": {
		"0": "block/anvil",
		"1": "block/iron_block",
		"2": "buildmodeone:3d_editor/models/kitchen/logo_bmp",
		"particle": "block/anvil"
	},
	"elements": [
		{
			"name": "hexadecagon",
			"from": [7.40326, 0.15, 5],
			"to": [8.59674, 4.15, 5.25],
			"rotation": {"angle": -45, "axis": "y", "origin": [8, 8, 8]},
			"faces": {
				"north": {"uv": [7.40326, 11.85, 8.59674, 15.85], "texture": "#1"},
				"east": {"uv": [10.75, 11.85, 11, 15.85], "texture": "#1"},
				"south": {"uv": [7.40326, 11.85, 8.59674, 15.85], "texture": "#1"},
				"west": {"uv": [5, 11.85, 5.25, 15.85], "texture": "#1"},
				"up": {"uv": [7.40326, 5, 8.59674, 5.25], "texture": "#1"},
				"down": {"uv": [7.40326, 10.75, 8.59674, 11], "texture": "#1"}
			}
		},
		{
			"name": "hexadecagon",
			"from": [7.40326, 0.15, 5],
			"to": [8.59674, 4.15, 5.25],
			"rotation": {"angle": -22.5, "axis": "y", "origin": [8, 8, 8]},
			"faces": {
				"north": {"uv": [7.40326, 11.85, 8.59674, 15.85], "texture": "#1"},
				"east": {"uv": [10.75, 11.85, 11, 15.85], "texture": "#1"},
				"south": {"uv": [7.40326, 11.85, 8.59674, 15.85], "texture": "#1"},
				"west": {"uv": [5, 11.85, 5.25, 15.85], "texture": "#1"},
				"up": {"uv": [7.40326, 5, 8.59674, 5.25], "texture": "#1"},
				"down": {"uv": [7.40326, 10.75, 8.59674, 11], "texture": "#1"}
			}
		},
		{
			"name": "hexadecagon",
			"from": [7.40326, 0.15, 5],
			"to": [8.59674, 4.15, 5.25],
			"faces": {
				"north": {"uv": [7.40326, 11.85, 8.59674, 15.85], "texture": "#1"},
				"east": {"uv": [10.75, 11.85, 10.968, 15.85], "texture": "#1"},
				"south": {"uv": [7.40326, 11.85, 8.59674, 15.85], "texture": "#1"},
				"west": {"uv": [5.032, 11.85, 5.25, 15.85], "texture": "#1"},
				"up": {"uv": [7.40326, 5.032, 8.59674, 5.25], "texture": "#1"},
				"down": {"uv": [7.40326, 10.75, 8.59674, 10.968], "texture": "#1"}
			}
		},
		{
			"name": "hexadecagon",
			"from": [7.40326, 2.3, 4.999],
			"to": [8.59674, 3.4935, 4.999],
			"faces": {
				"north": {"uv": [0.008, 0.008, 15.992, 15.992], "texture": "#2"}
			}
		},
		{
			"name": "hexadecagon",
			"from": [7.40326, 0.15, 5],
			"to": [8.59674, 4.15, 5.25],
			"rotation": {"angle": 22.5, "axis": "y", "origin": [8, 8, 8]},
			"faces": {
				"north": {"uv": [7.40326, 11.85, 8.59674, 15.85], "texture": "#1"},
				"east": {"uv": [10.75, 11.85, 11, 15.85], "texture": "#1"},
				"south": {"uv": [7.40326, 11.85, 8.59674, 15.85], "texture": "#1"},
				"west": {"uv": [5, 11.85, 5.25, 15.85], "texture": "#1"},
				"up": {"uv": [7.40326, 5, 8.59674, 5.25], "texture": "#1"},
				"down": {"uv": [7.40326, 10.75, 8.59674, 11], "texture": "#1"}
			}
		},
		{
			"name": "hexadecagon",
			"from": [7.40326, 0.15, 5],
			"to": [8.59674, 4.15, 5.25],
			"rotation": {"angle": 45, "axis": "y", "origin": [8, 8, 8]},
			"faces": {
				"north": {"uv": [7.40326, 11.85, 8.59674, 15.85], "texture": "#1"},
				"east": {"uv": [10.75, 11.85, 11, 15.85], "texture": "#1"},
				"south": {"uv": [7.40326, 11.85, 8.59674, 15.85], "texture": "#1"},
				"west": {"uv": [5, 11.85, 5.25, 15.85], "texture": "#1"},
				"up": {"uv": [7.40326, 5, 8.59674, 5.25], "texture": "#1"},
				"down": {"uv": [7.40326, 10.75, 8.59674, 11], "texture": "#1"}
			}
		},
		{
			"name": "hexadecagon",
			"from": [7.40326, 0.15, 10.75],
			"to": [8.59674, 4.15, 11],
			"rotation": {"angle": -45, "axis": "y", "origin": [8, 8, 8]},
			"faces": {
				"north": {"uv": [7.40326, 11.85, 8.59674, 15.85], "texture": "#1"},
				"east": {"uv": [5, 11.85, 5.25, 15.85], "texture": "#1"},
				"south": {"uv": [7.40326, 11.85, 8.59674, 15.85], "texture": "#1"},
				"west": {"uv": [10.75, 11.85, 11, 15.85], "texture": "#1"},
				"up": {"uv": [7.40326, 10.75, 8.59674, 11], "texture": "#1"},
				"down": {"uv": [7.40326, 5, 8.59674, 5.25], "texture": "#1"}
			}
		},
		{
			"name": "hexadecagon",
			"from": [7.40326, 0.15, 10.75],
			"to": [8.59674, 4.15, 11],
			"rotation": {"angle": -22.5, "axis": "y", "origin": [8, 8, 8]},
			"faces": {
				"north": {"uv": [7.40326, 11.85, 8.59674, 15.85], "texture": "#1"},
				"east": {"uv": [5, 11.85, 5.25, 15.85], "texture": "#1"},
				"south": {"uv": [7.40326, 11.85, 8.59674, 15.85], "texture": "#1"},
				"west": {"uv": [10.75, 11.85, 11, 15.85], "texture": "#1"},
				"up": {"uv": [7.40326, 10.75, 8.59674, 11], "texture": "#1"},
				"down": {"uv": [7.40326, 5, 8.59674, 5.25], "texture": "#1"}
			}
		},
		{
			"name": "hexadecagon",
			"from": [7.40326, 0.15, 10.75],
			"to": [8.59674, 4.15, 11],
			"faces": {
				"north": {"uv": [7.40326, 11.85, 8.59674, 15.85], "texture": "#1"},
				"east": {"uv": [5, 11.85, 5.25, 15.85], "texture": "#1"},
				"south": {"uv": [7.40326, 11.85, 8.59674, 15.85], "texture": "#1"},
				"west": {"uv": [10.75, 11.85, 11, 15.85], "texture": "#1"},
				"up": {"uv": [7.40326, 10.75, 8.59674, 11], "texture": "#1"},
				"down": {"uv": [7.40326, 5, 8.59674, 5.25], "texture": "#1"}
			}
		},
		{
			"name": "hexadecagon",
			"from": [7.40326, 0.15, 10.75],
			"to": [8.59674, 4.15, 11],
			"rotation": {"angle": 22.5, "axis": "y", "origin": [8, 8, 8]},
			"faces": {
				"north": {"uv": [7.40326, 11.85, 8.59674, 15.85], "texture": "#1"},
				"east": {"uv": [5, 11.85, 5.25, 15.85], "texture": "#1"},
				"south": {"uv": [7.40326, 11.85, 8.59674, 15.85], "texture": "#1"},
				"west": {"uv": [10.75, 11.85, 11, 15.85], "texture": "#1"},
				"up": {"uv": [7.40326, 10.75, 8.59674, 11], "texture": "#1"},
				"down": {"uv": [7.40326, 5, 8.59674, 5.25], "texture": "#1"}
			}
		},
		{
			"name": "hexadecagon",
			"from": [7.40326, 0.15, 10.75],
			"to": [8.59674, 4.15, 11],
			"rotation": {"angle": 45, "axis": "y", "origin": [8, 8, 8]},
			"faces": {
				"north": {"uv": [7.40326, 11.85, 8.59674, 15.85], "texture": "#1"},
				"east": {"uv": [5, 11.85, 5.25, 15.85], "texture": "#1"},
				"south": {"uv": [7.40326, 11.85, 8.59674, 15.85], "texture": "#1"},
				"west": {"uv": [10.75, 11.85, 11, 15.85], "texture": "#1"},
				"up": {"uv": [7.40326, 10.75, 8.59674, 11], "texture": "#1"},
				"down": {"uv": [7.40326, 5, 8.59674, 5.25], "texture": "#1"}
			}
		},
		{
			"name": "hexadecagon",
			"from": [5, 0.15, 7.40326],
			"to": [5.25, 4.15, 8.59674],
			"rotation": {"angle": -22.5, "axis": "y", "origin": [8, 8, 8]},
			"faces": {
				"north": {"uv": [10.75, 11.85, 11, 15.85], "texture": "#1"},
				"east": {"uv": [7.40326, 11.85, 8.59674, 15.85], "texture": "#1"},
				"south": {"uv": [5, 11.85, 5.25, 15.85], "texture": "#1"},
				"west": {"uv": [7.40326, 11.85, 8.59674, 15.85], "texture": "#1"},
				"up": {"uv": [5, 7.40326, 5.25, 8.59674], "texture": "#1"},
				"down": {"uv": [5, 7.40326, 5.25, 8.59674], "texture": "#1"}
			}
		},
		{
			"name": "hexadecagon",
			"from": [5, 0.15, 7.40326],
			"to": [5.25, 4.15, 8.59674],
			"faces": {
				"north": {"uv": [10.75, 11.85, 11, 15.85], "texture": "#1"},
				"east": {"uv": [7.40326, 11.85, 8.59674, 15.85], "texture": "#1"},
				"south": {"uv": [5, 11.85, 5.25, 15.85], "texture": "#1"},
				"west": {"uv": [7.40326, 11.85, 8.59674, 15.85], "texture": "#1"},
				"up": {"uv": [5, 7.40326, 5.25, 8.59674], "texture": "#1"},
				"down": {"uv": [5, 7.40326, 5.25, 8.59674], "texture": "#1"}
			}
		},
		{
			"name": "hexadecagon",
			"from": [5, 0.15, 7.40326],
			"to": [5.25, 4.15, 8.59674],
			"rotation": {"angle": 22.5, "axis": "y", "origin": [8, 8, 8]},
			"faces": {
				"north": {"uv": [10.75, 11.85, 11, 15.85], "texture": "#1"},
				"east": {"uv": [7.40326, 11.85, 8.59674, 15.85], "texture": "#1"},
				"south": {"uv": [5, 11.85, 5.25, 15.85], "texture": "#1"},
				"west": {"uv": [7.40326, 11.85, 8.59674, 15.85], "texture": "#1"},
				"up": {"uv": [5, 7.40326, 5.25, 8.59674], "texture": "#1"},
				"down": {"uv": [5, 7.40326, 5.25, 8.59674], "texture": "#1"}
			}
		},
		{
			"name": "hexadecagon",
			"from": [10.75, 0.15, 7.40326],
			"to": [11, 4.15, 8.59674],
			"rotation": {"angle": -22.5, "axis": "y", "origin": [8, 8, 8]},
			"faces": {
				"north": {"uv": [5, 11.85, 5.25, 15.85], "texture": "#1"},
				"east": {"uv": [7.40326, 11.85, 8.59674, 15.85], "texture": "#1"},
				"south": {"uv": [10.75, 11.85, 11, 15.85], "texture": "#1"},
				"west": {"uv": [7.40326, 11.85, 8.59674, 15.85], "texture": "#1"},
				"up": {"uv": [10.75, 7.40326, 11, 8.59674], "texture": "#1"},
				"down": {"uv": [10.75, 7.40326, 11, 8.59674], "texture": "#1"}
			}
		},
		{
			"name": "hexadecagon",
			"from": [10.75, 0.15, 7.40326],
			"to": [11, 4.15, 8.59674],
			"faces": {
				"north": {"uv": [5, 11.85, 5.25, 15.85], "texture": "#1"},
				"east": {"uv": [7.40326, 11.85, 8.59674, 15.85], "texture": "#1"},
				"south": {"uv": [10.75, 11.85, 11, 15.85], "texture": "#1"},
				"west": {"uv": [7.40326, 11.85, 8.59674, 15.85], "texture": "#1"},
				"up": {"uv": [10.75, 7.40326, 11, 8.59674], "texture": "#1"},
				"down": {"uv": [10.75, 7.40326, 11, 8.59674], "texture": "#1"}
			}
		},
		{
			"name": "hexadecagon",
			"from": [10.75, 0.15, 7.40326],
			"to": [11, 4.15, 8.59674],
			"rotation": {"angle": 22.5, "axis": "y", "origin": [8, 8, 8]},
			"faces": {
				"north": {"uv": [5, 11.85, 5.25, 15.85], "texture": "#1"},
				"east": {"uv": [7.40326, 11.85, 8.59674, 15.85], "texture": "#1"},
				"south": {"uv": [10.75, 11.85, 11, 15.85], "texture": "#1"},
				"west": {"uv": [7.40326, 11.85, 8.59674, 15.85], "texture": "#1"},
				"up": {"uv": [10.75, 7.40326, 11, 8.59674], "texture": "#1"},
				"down": {"uv": [10.75, 7.40326, 11, 8.59674], "texture": "#1"}
			}
		},
		{
			"name": "hexadecagon",
			"from": [7.45299, 0, 5.25],
			"to": [8.54701, 0.25, 10.75],
			"rotation": {"angle": -45, "axis": "y", "origin": [8, 8, 8]},
			"faces": {
				"north": {"uv": [7.45299, 15.75, 8.54701, 16], "texture": "#1"},
				"east": {"uv": [5.25, 15.75, 10.75, 16], "texture": "#1"},
				"south": {"uv": [7.45299, 15.75, 8.54701, 16], "texture": "#1"},
				"west": {"uv": [5.25, 15.75, 10.75, 16], "texture": "#1"},
				"up": {"uv": [7.45299, 5.25, 8.54701, 10.75], "texture": "#1"},
				"down": {"uv": [7.45299, 5.25, 8.54701, 10.75], "texture": "#1"}
			}
		},
		{
			"name": "hexadecagon",
			"from": [7.45299, 0, 5.25],
			"to": [8.54701, 0.25, 10.75],
			"rotation": {"angle": -22.5, "axis": "y", "origin": [8, 8, 8]},
			"faces": {
				"north": {"uv": [7.45299, 15.75, 8.54701, 16], "texture": "#1"},
				"east": {"uv": [5.25, 15.75, 10.75, 16], "texture": "#1"},
				"south": {"uv": [7.45299, 15.75, 8.54701, 16], "texture": "#1"},
				"west": {"uv": [5.25, 15.75, 10.75, 16], "texture": "#1"},
				"up": {"uv": [7.45299, 5.25, 8.54701, 10.75], "texture": "#1"},
				"down": {"uv": [7.45299, 5.25, 8.54701, 10.75], "texture": "#1"}
			}
		},
		{
			"name": "hexadecagon",
			"from": [7.45299, 0, 5.25],
			"to": [8.54701, 0.25, 10.75],
			"faces": {
				"north": {"uv": [7.45299, 15.75, 8.54701, 16], "texture": "#1"},
				"east": {"uv": [5.25, 15.75, 10.75, 16], "texture": "#1"},
				"south": {"uv": [7.45299, 15.75, 8.54701, 16], "texture": "#1"},
				"west": {"uv": [5.25, 15.75, 10.75, 16], "texture": "#1"},
				"up": {"uv": [7.45299, 5.25, 8.54701, 10.75], "texture": "#1"},
				"down": {"uv": [7.45299, 5.25, 8.54701, 10.75], "texture": "#1"}
			}
		},
		{
			"name": "hexadecagon",
			"from": [7.45299, 0, 5.25],
			"to": [8.54701, 0.25, 10.75],
			"rotation": {"angle": 22.5, "axis": "y", "origin": [8, 8, 8]},
			"faces": {
				"north": {"uv": [7.45299, 15.75, 8.54701, 16], "texture": "#1"},
				"east": {"uv": [5.25, 15.75, 10.75, 16], "texture": "#1"},
				"south": {"uv": [7.45299, 15.75, 8.54701, 16], "texture": "#1"},
				"west": {"uv": [5.25, 15.75, 10.75, 16], "texture": "#1"},
				"up": {"uv": [7.45299, 5.25, 8.54701, 10.75], "texture": "#1"},
				"down": {"uv": [7.45299, 5.25, 8.54701, 10.75], "texture": "#1"}
			}
		},
		{
			"name": "hexadecagon",
			"from": [7.45299, 0, 5.25],
			"to": [8.54701, 0.25, 10.75],
			"rotation": {"angle": 45, "axis": "y", "origin": [8, 8, 8]},
			"faces": {
				"north": {"uv": [7.45299, 15.75, 8.54701, 16], "texture": "#1"},
				"east": {"uv": [5.25, 15.75, 10.75, 16], "texture": "#1"},
				"south": {"uv": [7.45299, 15.75, 8.54701, 16], "texture": "#1"},
				"west": {"uv": [5.25, 15.75, 10.75, 16], "texture": "#1"},
				"up": {"uv": [7.45299, 5.25, 8.54701, 10.75], "texture": "#1"},
				"down": {"uv": [7.45299, 5.25, 8.54701, 10.75], "texture": "#1"}
			}
		},
		{
			"name": "hexadecagon",
			"from": [5.25, 0, 7.45299],
			"to": [10.75, 0.25, 8.54701],
			"rotation": {"angle": -22.5, "axis": "y", "origin": [8, 8, 8]},
			"faces": {
				"north": {"uv": [5.25, 15.75, 10.75, 16], "texture": "#1"},
				"east": {"uv": [7.45299, 15.75, 8.54701, 16], "texture": "#1"},
				"south": {"uv": [5.25, 15.75, 10.75, 16], "texture": "#1"},
				"west": {"uv": [7.45299, 15.75, 8.54701, 16], "texture": "#1"},
				"up": {"uv": [5.25, 7.45299, 10.75, 8.54701], "texture": "#1"},
				"down": {"uv": [5.25, 7.45299, 10.75, 8.54701], "texture": "#1"}
			}
		},
		{
			"name": "hexadecagon",
			"from": [5.25, 0, 7.45299],
			"to": [10.75, 0.25, 8.54701],
			"faces": {
				"north": {"uv": [5.25, 15.75, 10.75, 16], "texture": "#1"},
				"east": {"uv": [7.45299, 15.75, 8.54701, 16], "texture": "#1"},
				"south": {"uv": [5.25, 15.75, 10.75, 16], "texture": "#1"},
				"west": {"uv": [7.45299, 15.75, 8.54701, 16], "texture": "#1"},
				"up": {"uv": [5.25, 7.45299, 10.75, 8.54701], "texture": "#1"},
				"down": {"uv": [5.25, 7.45299, 10.75, 8.54701], "texture": "#1"}
			}
		},
		{
			"name": "hexadecagon",
			"from": [5.25, 0, 7.45299],
			"to": [10.75, 0.25, 8.54701],
			"rotation": {"angle": 22.5, "axis": "y", "origin": [8, 8, 8]},
			"faces": {
				"north": {"uv": [5.25, 15.75, 10.75, 16], "texture": "#1"},
				"east": {"uv": [7.45299, 15.75, 8.54701, 16], "texture": "#1"},
				"south": {"uv": [5.25, 15.75, 10.75, 16], "texture": "#1"},
				"west": {"uv": [7.45299, 15.75, 8.54701, 16], "texture": "#1"},
				"up": {"uv": [5.25, 7.45299, 10.75, 8.54701], "texture": "#1"},
				"down": {"uv": [5.25, 7.45299, 10.75, 8.54701], "texture": "#1"}
			}
		},
		{
			"from": [5.56283, 2.45461, 7.5],
			"to": [7.11283, 2.95461, 8.5],
			"rotation": {"angle": -22.5, "axis": "z", "origin": [8, 8, 8]},
			"faces": {
				"north": {"uv": [8.88717, 13.04539, 10.43717, 13.54539], "texture": "#0"},
				"east": {"uv": [7.5, 13.04539, 8.5, 13.54539], "texture": "#0"},
				"south": {"uv": [5.56283, 13.04539, 7.11283, 13.54539], "texture": "#0"},
				"west": {"uv": [7.5, 13.04539, 8.5, 13.54539], "texture": "#0"},
				"up": {"uv": [5.56283, 7.5, 7.11283, 8.5], "texture": "#0"},
				"down": {"uv": [5.56283, 7.5, 7.11283, 8.5], "texture": "#0"}
			}
		},
		{
			"from": [1.21757, 3.77133, 7.5],
			"to": [3.81757, 4.27133, 8.5],
			"rotation": {"angle": 0, "axis": "y", "origin": [8.21757, 8.27133, 8]},
			"faces": {
				"north": {"uv": [12.18243, 11.72867, 14.78243, 12.22867], "texture": "#0"},
				"east": {"uv": [7.5, 11.72867, 8.5, 12.22867], "texture": "#0"},
				"south": {"uv": [1.21757, 11.72867, 3.81757, 12.22867], "texture": "#0"},
				"west": {"uv": [7.5, 11.72867, 8.5, 12.22867], "texture": "#0"},
				"up": {"uv": [1.21757, 7.5, 3.81757, 8.5], "texture": "#0"},
				"down": {"uv": [1.21757, 7.5, 3.81757, 8.5], "texture": "#0"}
			}
		},
		{
			"from": [0.21757, 3.77133, 8.3],
			"to": [1.21757, 4.27133, 8.5],
			"rotation": {"angle": 0, "axis": "y", "origin": [8.21757, 8.27133, 8]},
			"faces": {
				"north": {"uv": [14.78243, 11.72867, 15.78243, 12.22867], "texture": "#0"},
				"east": {"uv": [7.5, 11.72867, 7.7, 12.22867], "texture": "#0"},
				"south": {"uv": [0.21757, 11.72867, 1.21757, 12.22867], "texture": "#0"},
				"west": {"uv": [8.3, 11.72867, 8.5, 12.22867], "texture": "#0"},
				"up": {"uv": [0.21757, 8.3, 1.21757, 8.5], "texture": "#0"},
				"down": {"uv": [0.21757, 7.5, 1.21757, 7.7], "texture": "#0"}
			}
		},
		{
			"from": [0.21757, 3.77133, 7.5],
			"to": [1.21757, 4.27133, 7.7],
			"rotation": {"angle": 0, "axis": "y", "origin": [8.21757, 8.27133, 8]},
			"faces": {
				"north": {"uv": [14.78243, 11.72867, 15.78243, 12.22867], "texture": "#0"},
				"east": {"uv": [8.3, 11.72867, 8.5, 12.22867], "texture": "#0"},
				"south": {"uv": [0.21757, 11.72867, 1.21757, 12.22867], "texture": "#0"},
				"west": {"uv": [7.5, 11.72867, 7.7, 12.22867], "texture": "#0"},
				"up": {"uv": [0.21757, 7.5, 1.21757, 7.7], "texture": "#0"},
				"down": {"uv": [0.21757, 8.3, 1.21757, 8.5], "texture": "#0"}
			}
		},
		{
			"from": [0.21757, 3.77133, 7.7],
			"to": [0.61757, 4.27133, 8.3],
			"rotation": {"angle": 0, "axis": "y", "origin": [8.21757, 8.27133, 8]},
			"faces": {
				"north": {"uv": [15.38243, 11.72867, 15.78243, 12.22867], "texture": "#0"},
				"east": {"uv": [7.7, 11.72867, 8.3, 12.22867], "texture": "#0"},
				"south": {"uv": [0.21757, 11.72867, 0.61757, 12.22867], "texture": "#0"},
				"west": {"uv": [7.7, 11.72867, 8.3, 12.22867], "texture": "#0"},
				"up": {"uv": [0.21757, 7.7, 0.61757, 8.3], "texture": "#0"},
				"down": {"uv": [0.21757, 7.7, 0.61757, 8.3], "texture": "#0"}
			}
		},
		{
			"from": [4.8, 2.4, 7.5],
			"to": [5, 3.4, 8.5],
			"faces": {
				"north": {"uv": [11, 12.6, 11.2, 13.6], "texture": "#0"},
				"east": {"uv": [7.5, 12.6, 8.5, 13.6], "texture": "#0"},
				"south": {"uv": [4.8, 12.6, 5, 13.6], "texture": "#0"},
				"west": {"uv": [7.5, 12.6, 8.5, 13.6], "texture": "#0"},
				"up": {"uv": [4.8, 7.5, 5, 8.5], "texture": "#0"},
				"down": {"uv": [4.8, 7.5, 5, 8.5], "texture": "#0"}
			}
		},
		{
			"name": "hexadecagon",
			"from": [7.39332, 4.1, 4.95],
			"to": [8.60668, 4.2, 5.05],
			"rotation": {"angle": -45, "axis": "y", "origin": [8, 4.15, 8]},
			"faces": {
				"north": {"uv": [7.39332, 11.8, 8.60668, 11.9], "texture": "#1"},
				"east": {"uv": [10.95, 11.8, 11.05, 11.9], "texture": "#1"},
				"south": {"uv": [7.39332, 11.8, 8.60668, 11.9], "texture": "#1"},
				"west": {"uv": [4.95, 11.8, 5.05, 11.9], "texture": "#1"},
				"up": {"uv": [7.39332, 4.95, 8.60668, 5.05], "texture": "#1"},
				"down": {"uv": [7.39332, 10.95, 8.60668, 11.05], "texture": "#1"}
			}
		},
		{
			"name": "hexadecagon",
			"from": [7.39332, 4.1, 4.95],
			"to": [8.60668, 4.2, 5.05],
			"rotation": {"angle": -22.5, "axis": "y", "origin": [8, 4.15, 8]},
			"faces": {
				"north": {"uv": [7.39332, 11.8, 8.60668, 11.9], "texture": "#1"},
				"east": {"uv": [10.95, 11.8, 11.05, 11.9], "texture": "#1"},
				"south": {"uv": [7.39332, 11.8, 8.60668, 11.9], "texture": "#1"},
				"west": {"uv": [4.95, 11.8, 5.05, 11.9], "texture": "#1"},
				"up": {"uv": [7.39332, 4.95, 8.60668, 5.05], "texture": "#1"},
				"down": {"uv": [7.39332, 10.95, 8.60668, 11.05], "texture": "#1"}
			}
		},
		{
			"name": "hexadecagon",
			"from": [7.39332, 4.1, 4.95],
			"to": [8.60668, 4.2, 5.05],
			"rotation": {"angle": 0, "axis": "y", "origin": [8, 4.15, 8]},
			"faces": {
				"north": {"uv": [7.39332, 11.8, 8.60668, 11.9], "texture": "#1"},
				"east": {"uv": [10.95, 11.8, 11.05, 11.9], "texture": "#1"},
				"south": {"uv": [7.39332, 11.8, 8.60668, 11.9], "texture": "#1"},
				"west": {"uv": [4.95, 11.8, 5.05, 11.9], "texture": "#1"},
				"up": {"uv": [7.39332, 4.95, 8.60668, 5.05], "texture": "#1"},
				"down": {"uv": [7.39332, 10.95, 8.60668, 11.05], "texture": "#1"}
			}
		},
		{
			"name": "hexadecagon",
			"from": [7.39332, 4.1, 4.95],
			"to": [8.60668, 4.2, 5.05],
			"rotation": {"angle": 22.5, "axis": "y", "origin": [8, 4.15, 8]},
			"faces": {
				"north": {"uv": [7.39332, 11.8, 8.60668, 11.9], "texture": "#1"},
				"east": {"uv": [10.95, 11.8, 11.05, 11.9], "texture": "#1"},
				"south": {"uv": [7.39332, 11.8, 8.60668, 11.9], "texture": "#1"},
				"west": {"uv": [4.95, 11.8, 5.05, 11.9], "texture": "#1"},
				"up": {"uv": [7.39332, 4.95, 8.60668, 5.05], "texture": "#1"},
				"down": {"uv": [7.39332, 10.95, 8.60668, 11.05], "texture": "#1"}
			}
		},
		{
			"name": "hexadecagon",
			"from": [7.39332, 4.1, 4.95],
			"to": [8.60668, 4.2, 5.05],
			"rotation": {"angle": 45, "axis": "y", "origin": [8, 4.15, 8]},
			"faces": {
				"north": {"uv": [7.39332, 11.8, 8.60668, 11.9], "texture": "#1"},
				"east": {"uv": [10.95, 11.8, 11.05, 11.9], "texture": "#1"},
				"south": {"uv": [7.39332, 11.8, 8.60668, 11.9], "texture": "#1"},
				"west": {"uv": [4.95, 11.8, 5.05, 11.9], "texture": "#1"},
				"up": {"uv": [7.39332, 4.95, 8.60668, 5.05], "texture": "#1"},
				"down": {"uv": [7.39332, 10.95, 8.60668, 11.05], "texture": "#1"}
			}
		},
		{
			"name": "hexadecagon",
			"from": [7.39332, 4.1, 10.95],
			"to": [8.60668, 4.2, 11.05],
			"rotation": {"angle": -45, "axis": "y", "origin": [8, 4.15, 8]},
			"faces": {
				"north": {"uv": [7.39332, 11.8, 8.60668, 11.9], "texture": "#1"},
				"east": {"uv": [4.95, 11.8, 5.05, 11.9], "texture": "#1"},
				"south": {"uv": [7.39332, 11.8, 8.60668, 11.9], "texture": "#1"},
				"west": {"uv": [10.95, 11.8, 11.05, 11.9], "texture": "#1"},
				"up": {"uv": [7.39332, 10.95, 8.60668, 11.05], "texture": "#1"},
				"down": {"uv": [7.39332, 4.95, 8.60668, 5.05], "texture": "#1"}
			}
		},
		{
			"name": "hexadecagon",
			"from": [7.39332, 4.1, 10.95],
			"to": [8.60668, 4.2, 11.05],
			"rotation": {"angle": -22.5, "axis": "y", "origin": [8, 4.15, 8]},
			"faces": {
				"north": {"uv": [7.39332, 11.8, 8.60668, 11.9], "texture": "#1"},
				"east": {"uv": [4.95, 11.8, 5.05, 11.9], "texture": "#1"},
				"south": {"uv": [7.39332, 11.8, 8.60668, 11.9], "texture": "#1"},
				"west": {"uv": [10.95, 11.8, 11.05, 11.9], "texture": "#1"},
				"up": {"uv": [7.39332, 10.95, 8.60668, 11.05], "texture": "#1"},
				"down": {"uv": [7.39332, 4.95, 8.60668, 5.05], "texture": "#1"}
			}
		},
		{
			"name": "hexadecagon",
			"from": [7.39332, 4.1, 10.95],
			"to": [8.60668, 4.2, 11.05],
			"rotation": {"angle": 0, "axis": "y", "origin": [8, 4.15, 8]},
			"faces": {
				"north": {"uv": [7.39332, 11.8, 8.60668, 11.9], "texture": "#1"},
				"east": {"uv": [4.95, 11.8, 5.05, 11.9], "texture": "#1"},
				"south": {"uv": [7.39332, 11.8, 8.60668, 11.9], "texture": "#1"},
				"west": {"uv": [10.95, 11.8, 11.05, 11.9], "texture": "#1"},
				"up": {"uv": [7.39332, 10.95, 8.60668, 11.05], "texture": "#1"},
				"down": {"uv": [7.39332, 4.95, 8.60668, 5.05], "texture": "#1"}
			}
		},
		{
			"name": "hexadecagon",
			"from": [7.39332, 4.1, 10.95],
			"to": [8.60668, 4.2, 11.05],
			"rotation": {"angle": 22.5, "axis": "y", "origin": [8, 4.15, 8]},
			"faces": {
				"north": {"uv": [7.39332, 11.8, 8.60668, 11.9], "texture": "#1"},
				"east": {"uv": [4.95, 11.8, 5.05, 11.9], "texture": "#1"},
				"south": {"uv": [7.39332, 11.8, 8.60668, 11.9], "texture": "#1"},
				"west": {"uv": [10.95, 11.8, 11.05, 11.9], "texture": "#1"},
				"up": {"uv": [7.39332, 10.95, 8.60668, 11.05], "texture": "#1"},
				"down": {"uv": [7.39332, 4.95, 8.60668, 5.05], "texture": "#1"}
			}
		},
		{
			"name": "hexadecagon",
			"from": [7.39332, 4.1, 10.95],
			"to": [8.60668, 4.2, 11.05],
			"rotation": {"angle": 45, "axis": "y", "origin": [8, 4.15, 8]},
			"faces": {
				"north": {"uv": [7.39332, 11.8, 8.60668, 11.9], "texture": "#1"},
				"east": {"uv": [4.95, 11.8, 5.05, 11.9], "texture": "#1"},
				"south": {"uv": [7.39332, 11.8, 8.60668, 11.9], "texture": "#1"},
				"west": {"uv": [10.95, 11.8, 11.05, 11.9], "texture": "#1"},
				"up": {"uv": [7.39332, 10.95, 8.60668, 11.05], "texture": "#1"},
				"down": {"uv": [7.39332, 4.95, 8.60668, 5.05], "texture": "#1"}
			}
		},
		{
			"name": "hexadecagon",
			"from": [4.95, 4.1, 7.39332],
			"to": [5.05, 4.2, 8.60668],
			"rotation": {"angle": -22.5, "axis": "y", "origin": [8, 4.15, 8]},
			"faces": {
				"north": {"uv": [10.95, 11.8, 11.05, 11.9], "texture": "#1"},
				"east": {"uv": [7.39332, 11.8, 8.60668, 11.9], "texture": "#1"},
				"south": {"uv": [4.95, 11.8, 5.05, 11.9], "texture": "#1"},
				"west": {"uv": [7.39332, 11.8, 8.60668, 11.9], "texture": "#1"},
				"up": {"uv": [4.95, 7.39332, 5.05, 8.60668], "texture": "#1"},
				"down": {"uv": [4.95, 7.39332, 5.05, 8.60668], "texture": "#1"}
			}
		},
		{
			"name": "hexadecagon",
			"from": [4.95, 4.1, 7.39332],
			"to": [5.05, 4.2, 8.60668],
			"rotation": {"angle": 0, "axis": "y", "origin": [8, 4.15, 8]},
			"faces": {
				"north": {"uv": [10.95, 11.8, 11.05, 11.9], "texture": "#1"},
				"east": {"uv": [7.39332, 11.8, 8.60668, 11.9], "texture": "#1"},
				"south": {"uv": [4.95, 11.8, 5.05, 11.9], "texture": "#1"},
				"west": {"uv": [7.39332, 11.8, 8.60668, 11.9], "texture": "#1"},
				"up": {"uv": [4.95, 7.39332, 5.05, 8.60668], "texture": "#1"},
				"down": {"uv": [4.95, 7.39332, 5.05, 8.60668], "texture": "#1"}
			}
		},
		{
			"name": "hexadecagon",
			"from": [4.95, 4.1, 7.39332],
			"to": [5.05, 4.2, 8.60668],
			"rotation": {"angle": 22.5, "axis": "y", "origin": [8, 4.15, 8]},
			"faces": {
				"north": {"uv": [10.95, 11.8, 11.05, 11.9], "texture": "#1"},
				"east": {"uv": [7.39332, 11.8, 8.60668, 11.9], "texture": "#1"},
				"south": {"uv": [4.95, 11.8, 5.05, 11.9], "texture": "#1"},
				"west": {"uv": [7.39332, 11.8, 8.60668, 11.9], "texture": "#1"},
				"up": {"uv": [4.95, 7.39332, 5.05, 8.60668], "texture": "#1"},
				"down": {"uv": [4.95, 7.39332, 5.05, 8.60668], "texture": "#1"}
			}
		},
		{
			"name": "hexadecagon",
			"from": [10.95, 4.1, 7.39332],
			"to": [11.05, 4.2, 8.60668],
			"rotation": {"angle": -22.5, "axis": "y", "origin": [8, 4.15, 8]},
			"faces": {
				"north": {"uv": [4.95, 11.8, 5.05, 11.9], "texture": "#1"},
				"east": {"uv": [7.39332, 11.8, 8.60668, 11.9], "texture": "#1"},
				"south": {"uv": [10.95, 11.8, 11.05, 11.9], "texture": "#1"},
				"west": {"uv": [7.39332, 11.8, 8.60668, 11.9], "texture": "#1"},
				"up": {"uv": [10.95, 7.39332, 11.05, 8.60668], "texture": "#1"},
				"down": {"uv": [10.95, 7.39332, 11.05, 8.60668], "texture": "#1"}
			}
		},
		{
			"name": "hexadecagon",
			"from": [10.95, 4.1, 7.39332],
			"to": [11.05, 4.2, 8.60668],
			"rotation": {"angle": 0, "axis": "y", "origin": [8, 4.15, 8]},
			"faces": {
				"north": {"uv": [4.95, 11.8, 5.05, 11.9], "texture": "#1"},
				"east": {"uv": [7.39332, 11.8, 8.60668, 11.9], "texture": "#1"},
				"south": {"uv": [10.95, 11.8, 11.05, 11.9], "texture": "#1"},
				"west": {"uv": [7.39332, 11.8, 8.60668, 11.9], "texture": "#1"},
				"up": {"uv": [10.95, 7.39332, 11.05, 8.60668], "texture": "#1"},
				"down": {"uv": [10.95, 7.39332, 11.05, 8.60668], "texture": "#1"}
			}
		},
		{
			"name": "hexadecagon",
			"from": [10.95, 4.1, 7.39332],
			"to": [11.05, 4.2, 8.60668],
			"rotation": {"angle": 22.5, "axis": "y", "origin": [8, 4.15, 8]},
			"faces": {
				"north": {"uv": [4.95, 11.8, 5.05, 11.9], "texture": "#1"},
				"east": {"uv": [7.39332, 11.8, 8.60668, 11.9], "texture": "#1"},
				"south": {"uv": [10.95, 11.8, 11.05, 11.9], "texture": "#1"},
				"west": {"uv": [7.39332, 11.8, 8.60668, 11.9], "texture": "#1"},
				"up": {"uv": [10.95, 7.39332, 11.05, 8.60668], "texture": "#1"},
				"down": {"uv": [10.95, 7.39332, 11.05, 8.60668], "texture": "#1"}
			}
		},
		{
			"from": [4.7, 2.58094, 5.4383],
			"to": [4.8, 2.68094, 5.5383],
			"rotation": {"angle": 45, "axis": "x", "origin": [1.9, 0.1, 7.1]},
			"faces": {
				"north": {"uv": [11.2, 13.31906, 11.3, 13.41906], "texture": "#1"},
				"east": {"uv": [10.4617, 13.31906, 10.5617, 13.41906], "texture": "#1"},
				"south": {"uv": [4.7, 13.31906, 4.8, 13.41906], "texture": "#1"},
				"west": {"uv": [5.4383, 13.31906, 5.5383, 13.41906], "texture": "#1"},
				"up": {"uv": [4.7, 5.4383, 4.8, 5.5383], "texture": "#1"},
				"down": {"uv": [4.7, 10.4617, 4.8, 10.5617], "texture": "#1"}
			}
		},
		{
			"from": [4.7, 2.2981, 5.72114],
			"to": [4.8, 2.3981, 5.82114],
			"rotation": {"angle": 45, "axis": "x", "origin": [1.9, 0.1, 7.1]},
			"faces": {
				"north": {"uv": [11.2, 13.6019, 11.3, 13.7019], "texture": "#1"},
				"east": {"uv": [10.17886, 13.6019, 10.27886, 13.7019], "texture": "#1"},
				"south": {"uv": [4.7, 13.6019, 4.8, 13.7019], "texture": "#1"},
				"west": {"uv": [5.72114, 13.6019, 5.82114, 13.7019], "texture": "#1"},
				"up": {"uv": [4.7, 5.72114, 4.8, 5.82114], "texture": "#1"},
				"down": {"uv": [4.7, 10.17886, 4.8, 10.27886], "texture": "#1"}
			}
		},
		{
			"from": [4.7, 2.93449, 5.79185],
			"to": [4.8, 3.03449, 5.89185],
			"rotation": {"angle": 45, "axis": "x", "origin": [1.9, 0.1, 7.1]},
			"faces": {
				"north": {"uv": [11.2, 12.96551, 11.3, 13.06551], "texture": "#1"},
				"east": {"uv": [10.10815, 12.96551, 10.20815, 13.06551], "texture": "#1"},
				"south": {"uv": [4.7, 12.96551, 4.8, 13.06551], "texture": "#1"},
				"west": {"uv": [5.79185, 12.96551, 5.89185, 13.06551], "texture": "#1"},
				"up": {"uv": [4.7, 5.79185, 4.8, 5.89185], "texture": "#1"},
				"down": {"uv": [4.7, 10.10815, 4.8, 10.20815], "texture": "#1"}
			}
		},
		{
			"from": [4.7, 2.65165, 6.0747],
			"to": [4.8, 2.75165, 6.1747],
			"rotation": {"angle": 45, "axis": "x", "origin": [1.9, 0.1, 7.1]},
			"faces": {
				"north": {"uv": [11.2, 13.24835, 11.3, 13.34835], "texture": "#1"},
				"east": {"uv": [9.8253, 13.24835, 9.9253, 13.34835], "texture": "#1"},
				"south": {"uv": [4.7, 13.24835, 4.8, 13.34835], "texture": "#1"},
				"west": {"uv": [6.0747, 13.24835, 6.1747, 13.34835], "texture": "#1"},
				"up": {"uv": [4.7, 6.0747, 4.8, 6.1747], "texture": "#1"},
				"down": {"uv": [4.7, 9.8253, 4.8, 9.9253], "texture": "#1"}
			}
		}
	],
	"display": {
		"head": {
			"translation": [0, -14.5, 0],
			"scale": [2.3, 2.3, 2.3]
		}
	},
	"groups": [
		{
			"name": "Wall",
			"origin": [8, 8, 8],
			"children": [0, 1, 2, 3, 4, 5, 6, 7, 8, 9, 10, 11, 12, 13, 14, 15, 16]
		},
		{
			"name": "bottom",
			"origin": [8, 8, 8],
			"children": [17, 18, 19, 20, 21, 22, 23, 24]
		},
		{
			"name": "Handle",
			"origin": [8, 8, 8],
			"children": [25, 26, 27, 28, 29, 30]
		},
		{
			"name": "rim",
			"origin": [8, 8, 8],
			"children": [31, 32, 33, 34, 35, 36, 37, 38, 39, 40, 41, 42, 43, 44, 45, 46]
		},
		{
			"name": "Nail",
			"origin": [8, 8, 8],
			"children": [47, 48, 49, 50]
		}
	]
}