{
	"credit": "Made by Philipp Opheys / pro_pixel_ from BuildmodeOne",
	"textures": {
		"particle": "minecraft:block/gold_block",
		"texture": "minecraft:block/white_concrete_powder",
		"ornament": "buildmodeone:3d_editor/models/ornament"
	},
	"elements": [ 	 
		{
			"__comment": "Box12",
			"from": [ 7.5, 11.5, 7.5 ],
			"to": [ 8.5, 12, 8.5 ],
			"faces": {
				"down": { "uv": [ 8, 7, 9, 8 ], "texture": "#particle" },
				"up": { "uv": [ 8, 8, 9, 9 ], "texture": "#particle" },
				"north": { "uv": [ 7, 6, 8, 10 ], "texture": "#particle" },
				"south": { "uv": [ 8, 6, 9, 10 ], "texture": "#particle" },
				"west": { "uv": [ 8, 6, 9, 10 ], "texture": "#particle" },
				"east": { "uv": [ 7, 6, 8, 10 ], "texture": "#particle" }
			}
		},
		{
			"__comment": "Box9",
			"from": [ 7, 11, 7 ],
			"to": [ 9, 11.5, 9 ],
			"faces": {
				"down": { "uv": [ 7, 7, 9, 9 ], "texture": "#texture" },
				"up": { "uv": [ 7, 7, 9, 9 ], "texture": "#texture" },
				"north": { "uv": [ 7, 4.5, 9, 5 ], "texture": "#texture" },
				"south": { "uv": [ 7, 4.5, 9, 5 ], "texture": "#texture" },
				"west": { "uv": [ 7, 4.5, 9, 5 ], "texture": "#texture" },
				"east": { "uv": [ 7, 4.5, 9, 5 ], "texture": "#texture" }
			}
		},
		{
			"__comment": "Box7",
			"from": [ 7, 7.5, 7 ],
			"to": [ 9, 8, 9 ],
			"faces": {
				"down": { "uv": [ 7, 7, 9, 9 ], "texture": "#texture" },
				"up": { "uv": [ 7, 7, 9, 9 ], "texture": "#texture" },
				"north": { "uv": [ 7, 8, 9, 8.5 ], "texture": "#texture" },
				"south": { "uv": [ 7, 8, 9, 8.5 ], "texture": "#texture" },
				"west": { "uv": [ 7, 8, 9, 8.5 ], "texture": "#texture" },
				"east": { "uv": [ 7, 8, 9, 8.5 ], "texture": "#texture" }
			}
		},
		{
			"__comment": "Box8",
			"from": [ 6, 8.5, 7 ],
			"to": [ 6.5, 10.5, 9 ],
			"faces": {
				"down": { "uv": [ 6, 7, 6.5, 9 ], "texture": "#texture" },
				"up": { "uv": [ 6, 7, 6.5, 9 ], "texture": "#texture" },
				"north": { "uv": [ 9.5, 5.5, 10, 7.5 ], "texture": "#texture" },
				"south": { "uv": [ 6, 5.5, 6.5, 7.5 ], "texture": "#texture" },
				"west": { "uv": [ 7, 5.5, 9, 7.5 ], "texture": "#texture" },
				"east": { "uv": [ 7, 5.5, 9, 7.5 ], "texture": "#texture" }
			}
		},
		{
			"__comment": "Box9",
			"from": [ 9.5, 8.5, 7 ],
			"to": [ 10, 10.5, 9 ],
			"faces": {
				"down": { "uv": [ 9.5, 7, 10, 9 ], "texture": "#texture" },
				"up": { "uv": [ 9.5, 7, 10, 9 ], "texture": "#texture" },
				"north": { "uv": [ 6, 5.5, 6.5, 7.5 ], "texture": "#texture" },
				"south": { "uv": [ 9.5, 5.5, 10, 7.5 ], "texture": "#texture" },
				"west": { "uv": [ 7, 5.5, 9, 7.5 ], "texture": "#texture" },
				"east": { "uv": [ 7, 5.5, 9, 7.5 ], "texture": "#texture" }
			}
		},
		{
			"__comment": "Box10",
			"from": [ 6.5, 8, 6.5 ],
			"to": [ 9.5, 11, 9.5 ],
			"faces": {
				"down": { "uv": [ 6.5, 6.5, 9.5, 9.5 ], "texture": "#texture" },
				"up": { "uv": [ 6.5, 6.5, 9.5, 9.5 ], "texture": "#texture" },
				"north": { "uv": [ 6.5, 5, 9.5, 8 ], "texture": "#texture" },
				"south": { "uv": [ 6.5, 5, 9.5, 8 ], "texture": "#texture" },
				"west": { "uv": [ 6.5, 5, 9.5, 8 ], "texture": "#texture" },
				"east": { "uv": [ 6.5, 5, 9.5, 8 ], "texture": "#texture" }
			}
		},
		{
			"__comment": "Box11",
			"from": [ 7, 8.5, 6 ],
			"to": [ 9, 10.5, 6.5 ],
			"faces": {
				"down": { "uv": [ 7, 9.5, 9, 10 ], "texture": "#texture" },
				"up": { "uv": [ 7, 6, 9, 6.5 ], "texture": "#texture" },
				"north": { "uv": [ 7, 5.5, 9, 7.5 ], "texture": "#texture" },
				"south": { "uv": [ 7, 5.5, 9, 7.5 ], "texture": "#texture" },
				"west": { "uv": [ 6, 5.5, 6.5, 7.5 ], "texture": "#texture" },
				"east": { "uv": [ 9.5, 5.5, 10, 7.5 ], "texture": "#texture" }
			}
		},
		{
			"__comment": "Box12",
			"from": [ 7, 8.5, 9.5 ],
			"to": [ 9, 10.5, 10 ],
			"faces": {
				"down": { "uv": [ 7, 6, 9, 6.5 ], "texture": "#texture" },
				"up": { "uv": [ 7, 9.5, 9, 10 ], "texture": "#texture" },
				"north": { "uv": [ 7, 5.5, 9, 7.5 ], "texture": "#texture" },
				"south": { "uv": [ 7, 5.5, 9, 7.5 ], "texture": "#texture" },
				"west": { "uv": [ 9.5, 5.5, 10, 7.5 ], "texture": "#texture" },
				"east": { "uv": [ 6, 5.5, 6.5, 7.5 ], "texture": "#texture" }
			}
		},
		{
			"__comment": "Box12",
			"from": [ 6.5, 12, 8 ],
			"to": [ 9.5, 17, 8.001 ],
			"faces": {
				"north": { "uv": [ 14, 0, 2, 16 ], "texture": "#ornament" },
				"south": { "uv": [ 2, 0, 14, 16 ], "texture": "#ornament" }
			}
		},
		{
			"__comment": "Box12",
			"from": [ 8, 12, 6.5 ],
			"to": [ 8.001, 15, 9.5 ],
			"faces": {
				"west": { "uv": [ 4, 8, 12, 16 ], "texture": "#ornament" },
				"east": { "uv": [ 4, 8, 12, 16 ], "texture": "#ornament" }
			}
		}
	],
	"display": {
		"head": {
			"translation":  [ 0, -14.75, 0 ],
			"scale":  [ 2.28, 2.28, 2.28 ]
		}
	}
}