{
	"credit": "Made by Philipp O. (pro_pixel_) from BuildmodeOne",
	"textures": {
		"0": "buildmodeone:3d_editor/models/thead",
		"1": "buildmodeone:3d_editor/models/tbody",
		"particle": "buildmodeone:3d_editor/models/thead"
	},
	"elements": [
		{
			"from": [6.5, 0, 5],
			"to": [9.5, 5, 7],
			"faces": {
				"north": {"uv": [10.375, 5, 11.875, 7.5], "texture": "#1"},
				"east": {"uv": [14.5, 5, 15.375, 7.5], "texture": "#1"},
				"south": {"uv": [12.875, 5, 14.375, 7.5], "texture": "#1"},
				"west": {"uv": [11.875, 5, 12.875, 7.5], "texture": "#1"},
				"up": {"uv": [11.93, 3.5, 12.879, 5.005], "texture": "#1"},
				"down": {"uv": [11.875, 7.5, 12.875, 9.125], "texture": "#1"}
			}
		},
		{
			"from": [7.5, 1.5, 1.5],
			"to": [8.5, 2.5, 2.5],
			"rotation": {"angle": -22.5, "axis": "x", "origin": [8, 8, 8]},
			"faces": {
				"north": {"uv": [10.75, 1.5, 11.25, 2], "texture": "#1"},
				"east": {"uv": [12.25, 1.5, 12.75, 2], "texture": "#1"},
				"south": {"uv": [11.75, 1.5, 12.25, 2], "texture": "#1"},
				"west": {"uv": [11.25, 1.5, 11.75, 2], "texture": "#1"},
				"up": {"uv": [11.75, 1, 12.25, 1.5], "texture": "#1"},
				"down": {"uv": [11.75, 2, 12.25, 2.475], "texture": "#1"}
			}
		},
		{
			"from": [5.75, 0, 6.5],
			"to": [7.25, 1.5, 10],
			"rotation": {"angle": -22.5, "axis": "y", "origin": [8, 8, 8]},
			"faces": {
				"north": {"uv": [8.25, 11.375, 9, 12.125], "texture": "#1"},
				"east": {"uv": [11.5, 11.375, 13.25, 12.125], "texture": "#1"},
				"south": {"uv": [10.75, 11.375, 11.5, 12.125], "texture": "#1"},
				"west": {"uv": [9, 11.375, 10.75, 12.125], "texture": "#1"},
				"up": {"uv": [10.75, 9.625, 11.5, 11.375], "texture": "#1"},
				"down": {"uv": [10.75, 12.125, 11.5, 13.875], "texture": "#1"}
			}
		},
		{
			"from": [8.75, 0, 7],
			"to": [10.25, 1.5, 10],
			"rotation": {"angle": 22.5, "axis": "y", "origin": [8, 8, 8]},
			"faces": {
				"north": {"uv": [1.125, 11.375, 1.875, 12.125], "texture": "#1"},
				"east": {"uv": [4.375, 11.375, 6.125, 12.125], "texture": "#1"},
				"south": {"uv": [3.625, 11.375, 4.375, 12.125], "texture": "#1"},
				"west": {"uv": [1.875, 11.375, 3.625, 12.125], "texture": "#1"},
				"up": {"uv": [3.625, 9.625, 4.375, 11.375], "texture": "#1"},
				"down": {"uv": [3.625, 12.125, 4.375, 13.875], "texture": "#1"}
			}
		},
		{
			"from": [7.25, 1.5, 5.5],
			"to": [8.5, 4.5, 6.75],
			"rotation": {"angle": 22.5, "axis": "z", "origin": [8, 8, 8]},
			"faces": {
				"north": {"uv": [7.375, 6.375, 9.125, 7.125], "rotation": 270, "texture": "#1"},
				"east": {"uv": [7.375, 4.125, 9.125, 4.875], "rotation": 90, "texture": "#1"},
				"south": {"uv": [7.375, 4.875, 9.125, 5.625], "rotation": 90, "texture": "#1"},
				"west": {"uv": [7.375, 5.625, 9.125, 6.375], "rotation": 90, "texture": "#1"},
				"up": {"uv": [6.625, 4.875, 7.375, 5.625], "rotation": 90, "texture": "#1"},
				"down": {"uv": [9.125, 4.875, 9.875, 5.625], "rotation": 90, "texture": "#1"}
			}
		},
		{
			"from": [7.5, 1.5, 5.5],
			"to": [8.75, 4.5, 6.75],
			"rotation": {"angle": -22.5, "axis": "z", "origin": [8, 8, 8]},
			"faces": {
				"north": {"uv": [7.375, 1.375, 9.125, 2.125], "rotation": 270, "texture": "#1"},
				"east": {"uv": [7.375, 0.625, 9.125, 1.375], "rotation": 90, "texture": "#1"},
				"south": {"uv": [7.375, 2.875, 9.125, 3.625], "rotation": 90, "texture": "#1"},
				"west": {"uv": [7.375, 2.125, 9.125, 2.875], "rotation": 90, "texture": "#1"},
				"up": {"uv": [6.625, 1.375, 7.375, 2.125], "rotation": 90, "texture": "#1"},
				"down": {"uv": [9.125, 1.375, 9.875, 2.125], "rotation": 90, "texture": "#1"}
			}
		},
		{
			"from": [6, 5, 4.5],
			"to": [10, 8.5, 7.5],
			"faces": {
				"north": {"uv": [0, 3.75, 4, 7.25], "texture": "#0"},
				"east": {"uv": [11, 3.75, 14, 7.25], "texture": "#0"},
				"south": {"uv": [7, 3.75, 11, 7.25], "texture": "#0"},
				"west": {"uv": [4, 3.75, 7, 7.25], "texture": "#0"},
				"up": {"uv": [7, 0.75, 11, 3.75], "texture": "#0"},
				"down": {"uv": [7, 7.25, 11, 10.25], "texture": "#0"}
			}
		},
		{
			"from": [5.25, 8.25, 6],
			"to": [6.25, 9.25, 7],
			"faces": {
				"north": {"uv": [3, 12.25, 4, 13.25], "texture": "#0"},
				"east": {"uv": [2, 12.25, 3, 13.25], "texture": "#0"},
				"south": {"uv": [1, 12.25, 2, 13.25], "texture": "#0"},
				"west": {"uv": [0, 12.25, 1, 13.25], "texture": "#0"},
				"up": {"uv": [1, 11.25, 2, 12.25], "texture": "#0"},
				"down": {"uv": [1, 13.25, 2, 14.25], "texture": "#0"}
			}
		},
		{
			"from": [9.5, 8.75, 6],
			"to": [10.5, 9.75, 7],
			"rotation": {"angle": -22.5, "axis": "z", "origin": [8, 8, 8]},
			"faces": {
				"north": {"uv": [0, 9, 1, 10], "texture": "#0"},
				"east": {"uv": [3, 9, 4, 10], "texture": "#0"},
				"south": {"uv": [2, 9, 3, 10], "texture": "#0"},
				"west": {"uv": [1, 9, 2, 10], "texture": "#0"},
				"up": {"uv": [2, 8, 3, 9], "texture": "#0"},
				"down": {"uv": [2, 10, 3, 11], "texture": "#0"}
			}
		},
		{
			"from": [7, 5.25, 7],
			"to": [9, 6.5, 8],
			"faces": {
				"north": {"uv": [5.5, 12.25, 7.5, 13.5], "texture": "#0"},
				"east": {"uv": [10.5, 12.25, 11.5, 13.5], "texture": "#0"},
				"south": {"uv": [8.5, 12.25, 10.5, 13.5], "texture": "#0"},
				"west": {"uv": [7.75, 12.25, 8.5, 13.5], "texture": "#0"},
				"up": {"uv": [8.5, 11.25, 10.5, 12.25], "texture": "#0"},
				"down": {"uv": [8.5, 13.5, 10.5, 14.5], "texture": "#0"}
			}
		},
		{
			"from": [7.75, 5.75, 6],
			"to": [8.25, 6.25, 8.25],
			"faces": {
				"north": {"uv": [4.5, 0.5, 5, 1], "texture": "#0"},
				"east": {"uv": [6, 0.5, 6.5, 1], "texture": "#0"},
				"south": {"uv": [5.5, 0.5, 6, 1], "texture": "#0"},
				"west": {"uv": [5, 0.5, 5.5, 1], "texture": "#0"},
				"up": {"uv": [5.5, 0, 6, 0.5], "texture": "#0"},
				"down": {"uv": [5.5, 1, 6, 1.5], "texture": "#0"}
			}
		},
		{
			"from": [8.75, 7.05, 6],
			"to": [9.25, 7.55, 7.75],
			"faces": {
				"north": {"uv": [2.25, 2.25, 2.75, 2.75], "texture": "#0"},
				"east": {"uv": [3.75, 2.25, 4.25, 2.75], "texture": "#0"},
				"south": {"uv": [3.25, 2.25, 3.75, 2.75], "texture": "#0"},
				"west": {"uv": [2.75, 2.25, 3.25, 2.75], "texture": "#0"},
				"up": {"uv": [3.25, 1.75, 3.75, 2.25], "texture": "#0"},
				"down": {"uv": [3.25, 2.75, 3.75, 3.25], "texture": "#0"}
			}
		},
		{
			"from": [6.75, 7.05, 6],
			"to": [7.25, 7.55, 7.75],
			"faces": {
				"north": {"uv": [0, 2.25, 0.5, 2.75], "texture": "#0"},
				"east": {"uv": [1.5, 2.25, 2, 2.75], "texture": "#0"},
				"south": {"uv": [1, 2.25, 1.5, 2.75], "texture": "#0"},
				"west": {"uv": [0.5, 2.25, 1, 2.75], "texture": "#0"},
				"up": {"uv": [1, 1.75, 1.5, 2.25], "texture": "#0"},
				"down": {"uv": [1, 2.75, 1.5, 3.25], "texture": "#0"}
			}
		}
	],
	"display": {
		"head": {
			"translation": [0, -14.5, 0],
			"scale": [2.28833, 2.28833, 2.28833]
		}
	}
}