{
	"credit": "Made by Philipp Opheys / pro_pixel_ from BuildmodeOne",
	"textures": {
		"0": "block/yellow_concrete",
		"1": "block/black_concrete",
		"3": "block/yellow_concrete_powder",
		"4": "buildmodeone:3d_editor/models/nerdstuff/among_us",
		"5": "block/anvil",
		"particle": "block/yellow_concrete"
	},
	"elements": [
		{
			"from": [5.625, 9.925, 10.85],
			"to": [10.375, 12.05, 11.0625],
			"rotation": {"angle": 0, "axis": "y", "origin": [10.3375, 5.0375, 12.125]},
			"faces": {
				"north": {"uv": [0, 0, 5, 2.5], "texture": "#4"},
				"east": {"uv": [0, 0, 0.25, 2.5], "texture": "#4"},
				"south": {"uv": [0, 0, 11, 5], "texture": "#4"},
				"west": {"uv": [0, 0, 0.25, 2.5], "texture": "#4"},
				"up": {"uv": [0, 0, 5, 0.25], "texture": "#4"},
				"down": {"uv": [0, 0, 5, 0.25], "texture": "#4"}
			}
		},
		{
			"from": [5.625, 12.05, 10.85],
			"to": [10.375, 12.2625, 11.275],
			"rotation": {"angle": 0, "axis": "y", "origin": [9.7, 5.0375, 12.125]},
			"faces": {
				"north": {"uv": [0, 0, 5, 0.25], "texture": "#1"},
				"east": {"uv": [0, 0, 0.5, 0.25], "texture": "#1"},
				"south": {"uv": [0, 0, 5, 0.25], "texture": "#1"},
				"west": {"uv": [0, 0, 0.5, 0.25], "texture": "#1"},
				"up": {"uv": [0, 0, 5, 0.5], "texture": "#1"},
				"down": {"uv": [0, 0, 5, 0.5], "texture": "#1"}
			}
		},
		{
			"from": [5.625, 11.8375, 10.85],
			"to": [5.8375, 12.05, 11.275],
			"rotation": {"angle": 0, "axis": "y", "origin": [6.05, 5.0375, 12.125]},
			"faces": {
				"north": {"uv": [0, 0, 0.25, 0.25], "texture": "#1"},
				"east": {"uv": [0, 0, 0.5, 0.25], "texture": "#1"},
				"south": {"uv": [0, 0, 0.25, 0.25], "texture": "#1"},
				"west": {"uv": [0, 0, 0.5, 0.25], "texture": "#1"},
				"up": {"uv": [0, 0, 0.25, 0.5], "texture": "#1"},
				"down": {"uv": [0, 0, 0.25, 0.5], "texture": "#1"}
			}
		},
		{
			"from": [5.4125, 9.925, 10.85],
			"to": [5.625, 12.05, 11.275],
			"rotation": {"angle": 0, "axis": "y", "origin": [5.8375, 5.0375, 12.125]},
			"faces": {
				"north": {"uv": [0, 0, 0.25, 2.5], "texture": "#1"},
				"east": {"uv": [0, 0, 0.5, 2.5], "texture": "#1"},
				"south": {"uv": [0, 0, 0.25, 2.5], "texture": "#1"},
				"west": {"uv": [0, 0, 0.5, 2.5], "texture": "#1"},
				"up": {"uv": [0, 0, 0.25, 0.5], "texture": "#1"},
				"down": {"uv": [0, 0, 0.25, 0.5], "texture": "#1"}
			}
		},
		{
			"from": [5.625, 9.925, 10.85],
			"to": [5.8375, 10.1375, 11.275],
			"rotation": {"angle": 0, "axis": "y", "origin": [6.05, 3.125, 12.125]},
			"faces": {
				"north": {"uv": [0, 0, 0.25, 0.25], "texture": "#1"},
				"east": {"uv": [0, 0, 0.5, 0.25], "texture": "#1"},
				"south": {"uv": [0, 0, 0.25, 0.25], "texture": "#1"},
				"west": {"uv": [0, 0, 0.5, 0.25], "texture": "#1"},
				"up": {"uv": [0, 0, 0.25, 0.5], "texture": "#1"},
				"down": {"uv": [0, 0, 0.25, 0.5], "texture": "#1"}
			}
		},
		{
			"from": [5.625, 9.7125, 10.85],
			"to": [10.375, 9.925, 11.275],
			"rotation": {"angle": 0, "axis": "y", "origin": [9.7, 2.9125, 12.125]},
			"faces": {
				"north": {"uv": [0, 0, 5, 0.25], "texture": "#1"},
				"east": {"uv": [0, 0, 0.5, 0.25], "texture": "#1"},
				"south": {"uv": [0, 0, 5, 0.25], "texture": "#1"},
				"west": {"uv": [0, 0, 0.5, 0.25], "texture": "#1"},
				"up": {"uv": [0, 0, 5, 0.5], "texture": "#1"},
				"down": {"uv": [0, 0, 5, 0.5], "texture": "#1"}
			}
		},
		{
			"from": [10.1625, 9.925, 10.85],
			"to": [10.375, 10.1375, 11.275],
			"rotation": {"angle": 0, "axis": "y", "origin": [10.5875, 3.125, 12.125]},
			"faces": {
				"north": {"uv": [0, 0, 0.25, 0.25], "texture": "#1"},
				"east": {"uv": [0, 0, 0.5, 0.25], "texture": "#1"},
				"south": {"uv": [0, 0, 0.25, 0.25], "texture": "#1"},
				"west": {"uv": [0, 0, 0.5, 0.25], "texture": "#1"},
				"up": {"uv": [0, 0, 0.25, 0.5], "texture": "#1"},
				"down": {"uv": [0, 0, 0.25, 0.5], "texture": "#1"}
			}
		},
		{
			"from": [10.375, 9.925, 10.85],
			"to": [10.5875, 12.05, 11.275],
			"rotation": {"angle": 0, "axis": "y", "origin": [10.5875, 5.0375, 12.125]},
			"faces": {
				"north": {"uv": [0, 0, 0.25, 2.5], "texture": "#1"},
				"east": {"uv": [0, 0, 0.5, 2.5], "texture": "#1"},
				"south": {"uv": [0, 0, 0.25, 2.5], "texture": "#1"},
				"west": {"uv": [0, 0, 0.5, 2.5], "texture": "#1"},
				"up": {"uv": [0, 0, 0.25, 0.5], "texture": "#1"},
				"down": {"uv": [0, 0, 0.25, 0.5], "texture": "#1"}
			}
		},
		{
			"from": [10.1625, 11.8375, 10.85],
			"to": [10.375, 12.05, 11.275],
			"rotation": {"angle": 0, "axis": "y", "origin": [10.5875, 5.0375, 12.125]},
			"faces": {
				"north": {"uv": [0, 0, 0.25, 0.25], "texture": "#1"},
				"east": {"uv": [0, 0, 0.5, 0.25], "texture": "#1"},
				"south": {"uv": [0, 0, 0.25, 0.25], "texture": "#1"},
				"west": {"uv": [0, 0, 0.5, 0.25], "texture": "#1"},
				"up": {"uv": [0, 0, 0.25, 0.5], "texture": "#1"},
				"down": {"uv": [0, 0, 0.25, 0.5], "texture": "#1"}
			}
		},
		{
			"name": "bag",
			"from": [5.45, 6.3125, 4.2625],
			"to": [10.55, 12.2625, 5.75],
			"rotation": {"angle": 0, "axis": "y", "origin": [5.875, 5.0375, 1.925]},
			"faces": {
				"north": {"uv": [0, 0, 6, 7], "texture": "#3"},
				"east": {"uv": [0, 0, 1.75, 7], "texture": "#3"},
				"south": {"uv": [0, 0, 6, 7], "texture": "#3"},
				"west": {"uv": [0, 0, 1.75, 7], "texture": "#3"},
				"up": {"uv": [0, 0, 6, 1.75], "texture": "#3"},
				"down": {"uv": [0, 0, 6, 1.75], "texture": "#3"}
			}
		},
		{
			"from": [4.6, 4.6125, 5.75],
			"to": [11.4, 13.1125, 10.425],
			"rotation": {"angle": 0, "axis": "y", "origin": [5.875, 5.0375, 7.025]},
			"faces": {
				"north": {"uv": [0, 0, 8, 10], "texture": "#0"},
				"east": {"uv": [0, 0, 5.5, 10], "texture": "#0"},
				"south": {"uv": [0, 0, 8, 10], "texture": "#0"},
				"west": {"uv": [0, 0, 5.5, 10], "texture": "#0"},
				"up": {"uv": [0, 0, 8, 5.5], "texture": "#0"},
				"down": {"uv": [0, 0, 8, 5.5], "texture": "#0"}
			}
		},
		{
			"from": [5.45, 13.1125, 5.75],
			"to": [10.55, 13.75, 10.425],
			"rotation": {"angle": 0, "axis": "y", "origin": [5.875, 13.5375, 7.025]},
			"faces": {
				"north": {"uv": [0, 0, 6, 0.75], "texture": "#0"},
				"east": {"uv": [0, 0, 5.5, 0.75], "texture": "#0"},
				"south": {"uv": [0, 0, 6, 0.75], "texture": "#0"},
				"west": {"uv": [0, 0, 5.5, 0.75], "texture": "#0"},
				"up": {"uv": [0, 0, 6, 5.5], "texture": "#0"},
				"down": {"uv": [0, 0, 6, 5.5], "texture": "#0"}
			}
		},
		{
			"from": [5.025, 4.825, 10.425],
			"to": [10.975, 12.9, 10.85],
			"rotation": {"angle": 0, "axis": "y", "origin": [5.875, 5.0375, 11.7]},
			"faces": {
				"north": {"uv": [0, 0, 7, 9.5], "texture": "#0"},
				"east": {"uv": [0, 0, 0.5, 9.5], "texture": "#0"},
				"south": {"uv": [0, 0, 7, 9.5], "texture": "#0"},
				"west": {"uv": [0, 0, 0.5, 9.5], "texture": "#0"},
				"up": {"uv": [0, 0, 7, 0.5], "texture": "#0"},
				"down": {"uv": [0, 0, 7, 0.5], "texture": "#0"}
			}
		},
		{
			"from": [8.6375, 1, 5.75],
			"to": [11.1875, 4.6125, 10.425],
			"rotation": {"angle": 0, "axis": "y", "origin": [5.45, 4.4, 7.025]},
			"faces": {
				"north": {"uv": [0, 0, 3, 4.25], "texture": "#0"},
				"east": {"uv": [0, 0, 5.5, 4.25], "texture": "#0"},
				"south": {"uv": [0, 0, 3, 4.25], "texture": "#0"},
				"west": {"uv": [0, 0, 5.5, 4.25], "texture": "#0"},
				"up": {"uv": [0, 0, 3, 5.5], "texture": "#0"},
				"down": {"uv": [0, 0, 3, 5.5], "texture": "#0"}
			}
		},
		{
			"from": [4.8125, 1, 5.75],
			"to": [7.3625, 4.6125, 10.425],
			"rotation": {"angle": 0, "axis": "y", "origin": [2.475, 4.4, 7.025]},
			"faces": {
				"north": {"uv": [0, 0, 3, 4.25], "texture": "#0"},
				"east": {"uv": [0, 0, 5.5, 4.25], "texture": "#0"},
				"south": {"uv": [0, 0, 3, 4.25], "texture": "#0"},
				"west": {"uv": [0, 0, 5.5, 4.25], "texture": "#0"},
				"up": {"uv": [0, 0, 3, 5.5], "texture": "#0"},
				"down": {"uv": [0, 0, 3, 5.5], "texture": "#0"}
			}
		},
		{
			"name": "base",
			"from": [4, 0, 4],
			"to": [12, 1, 12],
			"rotation": {"angle": 0, "axis": "y", "origin": [12, 8, 13]},
			"faces": {
				"north": {"uv": [0, 0, 8, 1], "texture": "#5"},
				"east": {"uv": [0, 0, 8, 1], "texture": "#5"},
				"south": {"uv": [0, 0, 8, 1], "texture": "#5"},
				"west": {"uv": [0, 0, 8, 1], "texture": "#5"},
				"up": {"uv": [0, 0, 8, 8], "texture": "#5"},
				"down": {"uv": [0, 0, 8, 8], "texture": "#5"}
			}
		},
		{
			"name": "base",
			"from": [7, -6, 7],
			"to": [9, 0, 9],
			"rotation": {"angle": 0, "axis": "y", "origin": [12, 6, 13]},
			"faces": {
				"north": {"uv": [0, 0, 2, 5], "texture": "#5"},
				"east": {"uv": [0, 0, 2, 6], "texture": "#5"},
				"south": {"uv": [0, 0, 2, 5], "texture": "#5"},
				"west": {"uv": [0, 0, 2, 5], "texture": "#5"},
				"up": {"uv": [0, 0, 2, 2], "texture": "#5"},
				"down": {"uv": [0, 0, 2, 2], "texture": "#5"}
			}
		}
	],
	"display": {
		"head": {
			"translation": [0, -15, 0],
			"scale": [0.8, 0.8, 0.8]
		}
	},
	"groups": [0,
		{
			"name": "glasses",
			"origin": [10.75, 5.25, 10.5],
			"children": [1, 2, 3, 4, 5, 6, 7, 8]
		},
		{
			"name": "body",
			"origin": [1.5, 4, 4.5],
			"children": [9, 10, 11, 12, 13, 14]
		}, 15, 16]
}