{
	"credit": "Made by Philipp Opheys / pro_pixel_ from BuildmodeOne",
	"textures": {
		"0": "block/white_concrete",
		"1": "block/light_gray_concrete",
		"2": "block/gray_concrete",
		"4": "block/quartz_pillar",
		"6": "block/quartz_block_bottom",
		"7": "block/chiseled_quartz_block_top",
		"particle": "block/white_concrete"
	},
	"elements": [
		{
			"name": "head",
			"from": [1, 3.75, 15.75],
			"to": [15, 29, 16],
			"rotation": {"angle": 0, "axis": "y", "origin": [11, 22.75, 10]},
			"faces": {
				"north": {"uv": [2, 0, 14, 14], "texture": "#6"},
				"east": {"uv": [0, 0, 0.25, 14], "texture": "#6"},
				"south": {"uv": [2, 0, 14, 14], "texture": "#6"},
				"west": {"uv": [15.75, 0, 16, 14], "texture": "#6"},
				"up": {"uv": [2, 15.75, 14, 16], "texture": "#6"},
				"down": {"uv": [2, 0, 14, 0.25], "texture": "#6"}
			}
		},
		{
			"name": "head",
			"from": [1.25, 4, 15.25],
			"to": [14.75, 28.75, 15.75],
			"rotation": {"angle": 0, "axis": "y", "origin": [11, 22.75, 9.75]},
			"faces": {
				"east": {"uv": [0.25, 0, 0.75, 13.75], "texture": "#6"},
				"west": {"uv": [15.25, 0, 15.75, 13.75], "texture": "#6"},
				"up": {"uv": [2.25, 15.25, 13.75, 15.75], "texture": "#6"},
				"down": {"uv": [2.25, 0.25, 13.75, 0.75], "texture": "#6"}
			}
		},
		{
			"name": "head",
			"from": [1, 3.75, 15],
			"to": [15, 29, 15.25],
			"rotation": {"angle": 0, "axis": "y", "origin": [11, 22.75, 9.25]},
			"faces": {
				"north": {"uv": [2, 0, 14, 14], "texture": "#4"},
				"east": {"uv": [0.75, 0, 1, 14], "texture": "#4"},
				"south": {"uv": [2, 0, 14, 14], "texture": "#4"},
				"west": {"uv": [15, 0, 15.25, 14], "texture": "#4"},
				"up": {"uv": [2, 15, 14, 15.25], "texture": "#4"},
				"down": {"uv": [2, 0.75, 14, 1], "texture": "#4"}
			}
		},
		{
			"name": "head",
			"from": [2.75, 22, 14.75],
			"to": [13.25, 27.5, 15],
			"rotation": {"angle": 0, "axis": "y", "origin": [11, 22.75, 9]},
			"faces": {
				"north": {"uv": [3.75, 0, 12.25, 4.5], "texture": "#0"},
				"east": {"uv": [1, 0, 1.25, 4.5], "texture": "#0"},
				"west": {"uv": [14.75, 0, 15, 4.5], "texture": "#0"},
				"up": {"uv": [3.75, 14.75, 12.25, 15], "texture": "#0"},
				"down": {"uv": [3.75, 1, 12.25, 1.25], "texture": "#0"}
			}
		},
		{
			"name": "head",
			"from": [7.5, 22.75, 14.6],
			"to": [12.5, 26.75, 14.75],
			"rotation": {"angle": 0, "axis": "y", "origin": [11, 22.75, 8.75]},
			"faces": {
				"north": {"uv": [4.5, 0, 8.5, 3], "texture": "#1"},
				"east": {"uv": [1.25, 0, 1.4, 3], "texture": "#1"},
				"west": {"uv": [14.6, 0, 14.75, 3], "texture": "#1"},
				"up": {"uv": [7.5, 14.6, 11.5, 14.75], "texture": "#1"},
				"down": {"uv": [7.5, 1.25, 11.5, 1.4], "texture": "#1"}
			}
		},
		{
			"name": "head",
			"from": [3.5, 22.75, 14.6],
			"to": [7.25, 26.75, 14.75],
			"rotation": {"angle": 0, "axis": "x", "origin": [5.75, 24.25, 14.675]},
			"faces": {
				"north": {"uv": [9, 0, 11.75, 3], "texture": "#1"},
				"east": {"uv": [1.25, 0, 1.4, 3], "texture": "#1"},
				"west": {"uv": [14.6, 0, 14.75, 3], "texture": "#1"},
				"up": {"uv": [4.5, 14.6, 7.25, 14.75], "texture": "#1"},
				"down": {"uv": [4.5, 1.25, 7.25, 1.4], "texture": "#1"}
			}
		},
		{
			"name": "head",
			"from": [11.75, 14.25, 14.25],
			"to": [13, 15, 15.25],
			"rotation": {"angle": 0, "axis": "y", "origin": [20, 22.75, 10]},
			"faces": {
				"east": {"uv": [0.75, 2.75, 1.75, 3.5], "texture": "#2"},
				"west": {"uv": [14.25, 2.75, 15.25, 3.5], "texture": "#2"},
				"up": {"uv": [11.75, 14.25, 13, 15.25], "texture": "#2"}
			}
		},
		{
			"name": "head",
			"from": [3, 14.25, 14.25],
			"to": [4.25, 15, 15.25],
			"rotation": {"angle": 0, "axis": "y", "origin": [11, 22.75, 10]},
			"faces": {
				"east": {"uv": [0.75, 2.75, 1.75, 3.5], "texture": "#2"},
				"west": {"uv": [14.25, 2.75, 15.25, 3.5], "texture": "#2"},
				"up": {"uv": [3, 14.25, 4.25, 15.25], "texture": "#2"}
			}
		},
		{
			"name": "head",
			"from": [2.25, 14.25, 0.75],
			"to": [13.75, 15.25, 14.25],
			"rotation": {"angle": 0, "axis": "y", "origin": [11, 22.75, 9]},
			"faces": {
				"north": {"uv": [2.25, 2.5, 13.75, 3.5], "texture": "#6"},
				"east": {"uv": [1.75, 2.5, 15.25, 3.5], "texture": "#6"},
				"south": {"uv": [2.25, 2.5, 13.75, 3.5], "texture": "#6"},
				"west": {"uv": [0.75, 2.5, 14.25, 3.5], "texture": "#6"},
				"up": {"uv": [2.25, 0.75, 13.75, 14.25], "texture": "#6"},
				"down": {"uv": [2.25, 1.75, 13.75, 15.25], "texture": "#6"}
			}
		},
		{
			"from": [2.75, 7.49322, 4.23639],
			"to": [13.25, 13.99322, 5.23639],
			"rotation": {"angle": -22.5, "axis": "x", "origin": [8, 6.74322, 4.73639]},
			"faces": {
				"north": {"uv": [2.75, 3.75678, 13.25, 10.25678], "rotation": 180, "texture": "#6"},
				"east": {"uv": [10.76361, 3.75678, 11.76361, 10.25678], "rotation": 270, "texture": "#6"},
				"south": {"uv": [2.75, 3.75678, 13.25, 10.25678], "texture": "#6"},
				"west": {"uv": [4.23639, 3.75678, 5.23639, 10.25678], "rotation": 90, "texture": "#6"},
				"down": {"uv": [2.75, 10.76361, 13.25, 11.76361], "texture": "#6"}
			}
		},
		{
			"from": [2.75, 13.25, 1.5],
			"to": [13.25, 13.75, 15],
			"rotation": {"angle": 0, "axis": "y", "origin": [11, 21.25, 9]},
			"faces": {
				"north": {"uv": [2.75, 3.5, 13.25, 4.5], "texture": "#6"},
				"east": {"uv": [1, 3.5, 14.5, 4.5], "texture": "#6"},
				"west": {"uv": [1.5, 3.5, 15, 4.5], "texture": "#6"},
				"up": {"uv": [2.75, 1.5, 13.25, 15], "texture": "#6"},
				"down": {"uv": [2.75, 1, 13.25, 14.5], "texture": "#6"}
			}
		},
		{
			"from": [2.75, 14, 1.5],
			"to": [13.25, 14.25, 15],
			"rotation": {"angle": 0, "axis": "y", "origin": [11, 21.75, 9]},
			"faces": {
				"north": {"uv": [2.75, 3.5, 13.25, 4.5], "texture": "#6"},
				"east": {"uv": [1, 3.5, 14.5, 4.5], "texture": "#6"},
				"west": {"uv": [1.5, 3.5, 15, 4.5], "texture": "#6"},
				"up": {"uv": [2.75, 1.5, 13.25, 15], "texture": "#6"},
				"down": {"uv": [2.75, 1, 13.25, 14.5], "texture": "#6"}
			}
		},
		{
			"from": [3, 13.75, 1.75],
			"to": [13, 14, 15],
			"rotation": {"angle": 0, "axis": "y", "origin": [11, 21.5, 9]},
			"faces": {
				"north": {"uv": [2.75, 3.5, 13.25, 4.5], "texture": "#2"},
				"east": {"uv": [1, 3.5, 14.5, 4.5], "texture": "#2"},
				"south": {"uv": [2.75, 3.5, 13.25, 4.5], "texture": "#2"},
				"west": {"uv": [1.5, 3.5, 15, 4.5], "texture": "#2"},
				"up": {"uv": [2.75, 1.5, 13.25, 15], "texture": "#2"},
				"down": {"uv": [2.75, 1, 13.25, 14.5], "texture": "#2"}
			}
		},
		{
			"from": [3, 11.75, 2.5],
			"to": [13, 13.25, 15],
			"rotation": {"angle": 0, "axis": "y", "origin": [11, 20.25, 9]},
			"faces": {
				"east": {"uv": [1, 4.5, 13.5, 6], "texture": "#7"},
				"west": {"uv": [2.5, 4.5, 15, 6], "texture": "#7"}
			}
		},
		{
			"from": [2.75, 10.25, 3],
			"to": [13.25, 11.75, 15],
			"rotation": {"angle": 0, "axis": "y", "origin": [11, 18.75, 9]},
			"faces": {
				"east": {"uv": [1, 6, 13, 7.5], "texture": "#6"},
				"west": {"uv": [3, 6, 15, 7.5], "texture": "#6"},
				"up": {"uv": [2.75, 3, 13.25, 15], "texture": "#6"}
			}
		},
		{
			"from": [2.75, 8.75, 3.75],
			"to": [13.25, 10.25, 15],
			"rotation": {"angle": 0, "axis": "y", "origin": [11, 17.25, 9]},
			"faces": {
				"east": {"uv": [1, 7.5, 12.25, 9], "texture": "#6"},
				"west": {"uv": [3.75, 7.5, 15, 9], "texture": "#6"}
			}
		},
		{
			"from": [2.75, 7.25, 4],
			"to": [13.25, 8.75, 15],
			"rotation": {"angle": 0, "axis": "y", "origin": [11, 15.75, 9]},
			"faces": {
				"east": {"uv": [1, 9, 12, 10.5], "texture": "#6"},
				"west": {"uv": [4, 9, 15, 10.5], "texture": "#6"},
				"down": {"uv": [2.75, 1, 13.25, 12], "texture": "#6"}
			}
		},
		{
			"from": [5.75, 5.75, 7],
			"to": [10.25, 7.25, 15],
			"rotation": {"angle": 0, "axis": "y", "origin": [11, 14.25, 9]},
			"faces": {
				"north": {"uv": [5.75, 10.5, 10.25, 12], "texture": "#6"},
				"down": {"uv": [5.75, 1, 10.25, 9], "texture": "#6"}
			}
		},
		{
			"from": [9.06066, 7.12132, 7],
			"to": [11.31066, 8.37132, 15],
			"rotation": {"angle": 45, "axis": "z", "origin": [11.31066, 7.87132, 11]},
			"faces": {
				"north": {"uv": [4.68934, 9.37868, 6.93934, 10.62868], "texture": "#6"},
				"south": {"uv": [9.06066, 9.37868, 11.31066, 10.62868], "texture": "#6"},
				"down": {"uv": [9.06066, 1, 11.31066, 9], "texture": "#6"}
			}
		},
		{
			"from": [4.01256, 5.44454, 7],
			"to": [5.26256, 7.69454, 15],
			"rotation": {"angle": 45, "axis": "z", "origin": [4.51256, 7.69454, 11]},
			"faces": {
				"north": {"uv": [10.73744, 10.05546, 11.98744, 12.30546], "rotation": 90, "texture": "#6"},
				"south": {"uv": [4.01256, 10.05546, 5.26256, 12.30546], "rotation": 270, "texture": "#6"},
				"west": {"uv": [7, 10.05546, 15, 12.30546], "rotation": 270, "texture": "#6"}
			}
		}
	],
	"display": {
		"head": {
			"translation": [0, -14.5, 0],
			"scale": [2.3, 2.3, 2.3]
		}
	},
	"groups": [
		{
			"name": "back",
			"origin": [11, 21, 9.25],
			"children": [0, 1, 2]
		},
		{
			"name": "buttons",
			"origin": [5.75, 22.5, 14.675],
			"children": [3, 4, 5]
		},
		{
			"name": "head",
			"origin": [11, 21, 9],
			"children": [6, 7, 8]
		},
		{
			"name": "body",
			"origin": [4.51256, 5.94454, 11],
			"children": [9, 10, 11, 12, 13, 14, 15, 16, 17, 18, 19]
		}
	]
}