{
	"credit": "Made by Philipp Opheys / pro_pixel_ from BuildmodeOne",
	"textures": {
		"0": "minecraft:block/quartz_block_bottom",
		"1": "buildmodeone:3d_editor/models/mirror",
		"2": "minecraft:block/redstone_lamp_on",
		"particle": "minecraft:block/quartz_block_bottom"
	},
	"elements": [
		{
			"name": "main",
			"from": [2.5, 0.5, 10],
			"to": [13.5, 14, 10.75],
			"rotation": {"angle": 0, "axis": "y", "origin": [8, 8, 18.25]},
			"faces": {
				"north": {"uv": [0, 0, 13, 16], "texture": "#1"},
				"east": {"uv": [8.25, 0, 9, 16], "texture": "#0"},
				"south": {"uv": [1.5, 0, 14.5, 16], "texture": "#0"},
				"west": {"uv": [7, 0, 7.75, 16], "texture": "#0"},
				"up": {"uv": [1.5, 7, 14.5, 7.75], "texture": "#0"},
				"down": {"uv": [1.5, 8.25, 14.5, 9], "texture": "#0"}
			}
		},
		{
			"from": [2.5, 14, 9.5],
			"to": [13.5, 14.5, 10],
			"rotation": {"angle": 0, "axis": "y", "origin": [20, 3.5, 17.5]},
			"faces": {
				"north": {"uv": [1.5, 0, 14.5, 0.5], "texture": "#0"},
				"south": {"uv": [1.5, 0, 14.5, 0.5], "texture": "#0"},
				"up": {"uv": [1.5, 6.5, 14.5, 7], "texture": "#0"},
				"down": {"uv": [1.5, 9, 14.5, 9.5], "texture": "#0"}
			}
		},
		{
			"from": [13.5, 0, 9.5],
			"to": [14, 14.5, 10],
			"rotation": {"angle": 0, "axis": "y", "origin": [20, 8, 17.5]},
			"faces": {
				"north": {"uv": [1, 0, 1.5, 16], "texture": "#0"},
				"east": {"uv": [9, 0, 9.5, 16], "texture": "#0"},
				"south": {"uv": [14.5, 0, 15, 16], "texture": "#0"},
				"west": {"uv": [6.5, 0, 7, 16], "texture": "#0"},
				"up": {"uv": [14.5, 6.5, 15, 7], "texture": "#0"},
				"down": {"uv": [14.5, 9, 15, 9.5], "texture": "#0"}
			}
		},
		{
			"from": [2, 0, 9.5],
			"to": [2.5, 14.5, 10],
			"rotation": {"angle": 0, "axis": "y", "origin": [8.5, 8, 17.5]},
			"faces": {
				"north": {"uv": [14.5, 0, 15, 16], "texture": "#0"},
				"east": {"uv": [9, 0, 9.5, 16], "texture": "#0"},
				"south": {"uv": [1, 0, 1.5, 16], "texture": "#0"},
				"west": {"uv": [6.5, 0, 7, 16], "texture": "#0"},
				"up": {"uv": [1, 6.5, 1.5, 7], "texture": "#0"},
				"down": {"uv": [1, 9, 1.5, 9.5], "texture": "#0"}
			}
		},
		{
			"from": [2.5, 0, 9.5],
			"to": [13.5, 0.5, 10],
			"rotation": {"angle": 0, "axis": "y", "origin": [20, -10.5, 17.5]},
			"faces": {
				"north": {"uv": [1.5, 9.5, 14.5, 10], "texture": "#0"},
				"south": {"uv": [1.5, 9.5, 14.5, 10], "texture": "#0"},
				"up": {"uv": [1.5, 6.5, 14.5, 7], "texture": "#0"},
				"down": {"uv": [1.5, 9, 14.5, 9.5], "texture": "#0"}
			}
		},
		{
			"from": [2, 0, 10.25],
			"to": [2.5, 14.5, 10.75],
			"rotation": {"angle": 0, "axis": "y", "origin": [8.5, 8, 18.5]},
			"faces": {
				"north": {"uv": [14.5, 0, 15, 16], "texture": "#0"},
				"south": {"uv": [1, 0, 1.5, 16], "texture": "#0"},
				"west": {"uv": [7.25, 0, 7.75, 16], "texture": "#0"},
				"up": {"uv": [1, 7.25, 1.5, 7.75], "texture": "#0"},
				"down": {"uv": [1, 8.25, 1.5, 8.75], "texture": "#0"}
			}
		},
		{
			"from": [13.5, 0, 10.25],
			"to": [14, 14.5, 10.75],
			"rotation": {"angle": 0, "axis": "y", "origin": [20, 8, 18.5]},
			"faces": {
				"north": {"uv": [1, 0, 1.5, 16], "texture": "#0"},
				"east": {"uv": [8.25, 0, 8.75, 16], "texture": "#0"},
				"south": {"uv": [14.5, 0, 15, 16], "texture": "#0"},
				"up": {"uv": [14.5, 7.25, 15, 7.75], "texture": "#0"},
				"down": {"uv": [14.5, 8.25, 15, 8.75], "texture": "#0"}
			}
		},
		{
			"from": [2.5, 14, 10.25],
			"to": [13.5, 14.5, 10.75],
			"rotation": {"angle": 0, "axis": "y", "origin": [20, 3.5, 18.5]},
			"faces": {
				"north": {"uv": [1.5, 0, 14.5, 0.5], "texture": "#0"},
				"south": {"uv": [1.5, 0, 14.5, 0.5], "texture": "#0"},
				"up": {"uv": [1.5, 7.25, 14.5, 7.75], "texture": "#0"}
			}
		},
		{
			"from": [2.5, 0, 10.25],
			"to": [13.5, 0.5, 10.75],
			"rotation": {"angle": 0, "axis": "y", "origin": [20, -10.5, 18.5]},
			"faces": {
				"north": {"uv": [1.5, 9.5, 14.5, 10], "texture": "#0"},
				"south": {"uv": [1.5, 9.5, 14.5, 10], "texture": "#0"},
				"down": {"uv": [1.5, 8.25, 14.5, 8.75], "texture": "#0"}
			}
		},
		{
			"from": [12.25, 12.75, 9.85],
			"to": [13.25, 13.75, 10],
			"rotation": {"angle": 0, "axis": "y", "origin": [20.25, 20.75, 17]},
			"faces": {
				"north": {"uv": [0, 0, 16, 16], "texture": "#2"},
				"east": {"uv": [0, 0, 1, 16], "texture": "#2"},
				"south": {"uv": [0, 0, 16, 16], "texture": "#2"},
				"west": {"uv": [0, 0, 1, 16], "texture": "#2"},
				"up": {"uv": [0, 0, 1, 16], "texture": "#2"},
				"down": {"uv": [0, 0, 1, 16], "texture": "#2"}
			}
		},
		{
			"from": [12.25, 8.75, 9.85],
			"to": [13.25, 9.75, 10],
			"rotation": {"angle": 0, "axis": "y", "origin": [20.25, 16.75, 17]},
			"faces": {
				"north": {"uv": [0, 0, 16, 16], "texture": "#2"},
				"east": {"uv": [0, 0, 1, 16], "texture": "#2"},
				"south": {"uv": [0, 0, 16, 16], "texture": "#2"},
				"west": {"uv": [0, 0, 1, 16], "texture": "#2"},
				"up": {"uv": [0, 0, 1, 16], "texture": "#2"},
				"down": {"uv": [0, 0, 1, 16], "texture": "#2"}
			}
		},
		{
			"from": [12.25, 4.75, 9.85],
			"to": [13.25, 5.75, 10],
			"rotation": {"angle": 0, "axis": "y", "origin": [20.25, 12.75, 17]},
			"faces": {
				"north": {"uv": [0, 0, 16, 16], "texture": "#2"},
				"east": {"uv": [0, 0, 1, 16], "texture": "#2"},
				"south": {"uv": [0, 0, 16, 16], "texture": "#2"},
				"west": {"uv": [0, 0, 1, 16], "texture": "#2"},
				"up": {"uv": [0, 0, 1, 16], "texture": "#2"},
				"down": {"uv": [0, 0, 1, 16], "texture": "#2"}
			}
		},
		{
			"from": [12.25, 10.75, 9.85],
			"to": [13.25, 11.75, 10],
			"rotation": {"angle": 0, "axis": "y", "origin": [20.25, 18.75, 17]},
			"faces": {
				"north": {"uv": [0, 0, 16, 16], "texture": "#2"},
				"east": {"uv": [0, 0, 1, 16], "texture": "#2"},
				"south": {"uv": [0, 0, 16, 16], "texture": "#2"},
				"west": {"uv": [0, 0, 1, 16], "texture": "#2"},
				"up": {"uv": [0, 0, 1, 16], "texture": "#2"},
				"down": {"uv": [0, 0, 1, 16], "texture": "#2"}
			}
		},
		{
			"from": [12.25, 6.75, 9.85],
			"to": [13.25, 7.75, 10],
			"rotation": {"angle": 0, "axis": "y", "origin": [20.25, 14.75, 17]},
			"faces": {
				"north": {"uv": [0, 0, 16, 16], "texture": "#2"},
				"east": {"uv": [0, 0, 1, 16], "texture": "#2"},
				"south": {"uv": [0, 0, 16, 16], "texture": "#2"},
				"west": {"uv": [0, 0, 1, 16], "texture": "#2"},
				"up": {"uv": [0, 0, 1, 16], "texture": "#2"},
				"down": {"uv": [0, 0, 1, 16], "texture": "#2"}
			}
		},
		{
			"from": [12.25, 2.75, 9.85],
			"to": [13.25, 3.75, 10],
			"rotation": {"angle": 0, "axis": "y", "origin": [20.25, 10.75, 17]},
			"faces": {
				"north": {"uv": [0, 0, 16, 16], "texture": "#2"},
				"east": {"uv": [0, 0, 1, 16], "texture": "#2"},
				"south": {"uv": [0, 0, 16, 16], "texture": "#2"},
				"west": {"uv": [0, 0, 1, 16], "texture": "#2"},
				"up": {"uv": [0, 0, 1, 16], "texture": "#2"},
				"down": {"uv": [0, 0, 1, 16], "texture": "#2"}
			}
		},
		{
			"from": [12.25, 0.75, 9.85],
			"to": [13.25, 1.75, 10],
			"rotation": {"angle": 0, "axis": "y", "origin": [20.25, 8.75, 17]},
			"faces": {
				"north": {"uv": [0, 0, 16, 16], "texture": "#2"},
				"east": {"uv": [0, 0, 1, 16], "texture": "#2"},
				"south": {"uv": [0, 0, 16, 16], "texture": "#2"},
				"west": {"uv": [0, 0, 1, 16], "texture": "#2"},
				"up": {"uv": [0, 0, 1, 16], "texture": "#2"},
				"down": {"uv": [0, 0, 1, 16], "texture": "#2"}
			}
		},
		{
			"from": [2.75, 12.75, 9.85],
			"to": [3.75, 13.75, 10],
			"rotation": {"angle": 0, "axis": "y", "origin": [10.75, 20.75, 17]},
			"faces": {
				"north": {"uv": [0, 0, 16, 16], "texture": "#2"},
				"east": {"uv": [0, 0, 1, 16], "texture": "#2"},
				"south": {"uv": [0, 0, 16, 16], "texture": "#2"},
				"west": {"uv": [0, 0, 1, 16], "texture": "#2"},
				"up": {"uv": [0, 0, 1, 16], "texture": "#2"},
				"down": {"uv": [0, 0, 1, 16], "texture": "#2"}
			}
		},
		{
			"from": [2.75, 8.75, 9.85],
			"to": [3.75, 9.75, 10],
			"rotation": {"angle": 0, "axis": "y", "origin": [10.75, 16.75, 17]},
			"faces": {
				"north": {"uv": [0, 0, 16, 16], "texture": "#2"},
				"east": {"uv": [0, 0, 1, 16], "texture": "#2"},
				"south": {"uv": [0, 0, 16, 16], "texture": "#2"},
				"west": {"uv": [0, 0, 1, 16], "texture": "#2"},
				"up": {"uv": [0, 0, 1, 16], "texture": "#2"},
				"down": {"uv": [0, 0, 1, 16], "texture": "#2"}
			}
		},
		{
			"from": [2.75, 4.75, 9.85],
			"to": [3.75, 5.75, 10],
			"rotation": {"angle": 0, "axis": "y", "origin": [10.75, 12.75, 17]},
			"faces": {
				"north": {"uv": [0, 0, 16, 16], "texture": "#2"},
				"east": {"uv": [0, 0, 1, 16], "texture": "#2"},
				"south": {"uv": [0, 0, 16, 16], "texture": "#2"},
				"west": {"uv": [0, 0, 1, 16], "texture": "#2"},
				"up": {"uv": [0, 0, 1, 16], "texture": "#2"},
				"down": {"uv": [0, 0, 1, 16], "texture": "#2"}
			}
		},
		{
			"from": [2.75, 10.75, 9.85],
			"to": [3.75, 11.75, 10],
			"rotation": {"angle": 0, "axis": "y", "origin": [10.75, 18.75, 17]},
			"faces": {
				"north": {"uv": [0, 0, 16, 16], "texture": "#2"},
				"east": {"uv": [0, 0, 1, 16], "texture": "#2"},
				"south": {"uv": [0, 0, 16, 16], "texture": "#2"},
				"west": {"uv": [0, 0, 1, 16], "texture": "#2"},
				"up": {"uv": [0, 0, 1, 16], "texture": "#2"},
				"down": {"uv": [0, 0, 1, 16], "texture": "#2"}
			}
		},
		{
			"from": [2.75, 6.75, 9.85],
			"to": [3.75, 7.75, 10],
			"rotation": {"angle": 0, "axis": "y", "origin": [10.75, 14.75, 17]},
			"faces": {
				"north": {"uv": [0, 0, 16, 16], "texture": "#2"},
				"east": {"uv": [0, 0, 1, 16], "texture": "#2"},
				"south": {"uv": [0, 0, 16, 16], "texture": "#2"},
				"west": {"uv": [0, 0, 1, 16], "texture": "#2"},
				"up": {"uv": [0, 0, 1, 16], "texture": "#2"},
				"down": {"uv": [0, 0, 1, 16], "texture": "#2"}
			}
		},
		{
			"from": [2.75, 2.75, 9.85],
			"to": [3.75, 3.75, 10],
			"rotation": {"angle": 0, "axis": "y", "origin": [10.75, 10.75, 17]},
			"faces": {
				"north": {"uv": [0, 0, 16, 16], "texture": "#2"},
				"east": {"uv": [0, 0, 1, 16], "texture": "#2"},
				"south": {"uv": [0, 0, 16, 16], "texture": "#2"},
				"west": {"uv": [0, 0, 1, 16], "texture": "#2"},
				"up": {"uv": [0, 0, 1, 16], "texture": "#2"},
				"down": {"uv": [0, 0, 1, 16], "texture": "#2"}
			}
		},
		{
			"from": [2.75, 0.75, 9.85],
			"to": [3.75, 1.75, 10],
			"rotation": {"angle": 0, "axis": "y", "origin": [10.75, 8.75, 17]},
			"faces": {
				"north": {"uv": [0, 0, 16, 16], "texture": "#2"},
				"east": {"uv": [0, 0, 1, 16], "texture": "#2"},
				"south": {"uv": [0, 0, 16, 16], "texture": "#2"},
				"west": {"uv": [0, 0, 1, 16], "texture": "#2"},
				"up": {"uv": [0, 0, 1, 16], "texture": "#2"},
				"down": {"uv": [0, 0, 1, 16], "texture": "#2"}
			}
		}
	],
	"display": {
		"head": {
			"rotation": [0, -180, 0],
			"translation": [0, 3, 0],
			"scale": [2.3, 2.3, 2.3]
		}
	},
	"groups": [0,
		{
			"name": "frame",
			"origin": [20, -4.5, 14.5],
			"children": [
				{
					"name": "front",
					"origin": [20, -10.5, 17.5],
					"children": [1, 2, 3, 4]
				},
				{
					"name": "back",
					"origin": [20, -10.5, 18.5],
					"children": [5, 6, 7, 8]
				}
			]
		},
		{
			"name": "lamp",
			"origin": [8, 8, 8],
			"children": [
				{
					"name": "left",
					"origin": [8, 8, 8],
					"children": [9, 10, 11, 12, 13, 14, 15]
				},
				{
					"name": "right",
					"origin": [8, 8, 8],
					"children": [16, 17, 18, 19, 20, 21, 22]
				}
			]
		}
	]
}