{
	"credit": "Made by Philipp Opheys / pro_pixel_ from BuildmodeOne",
	"textures": {
		"1": "minecraft:block/quartz_block_bottom",
		"4": "minecraft:block/gray_concrete",
		"5": "buildmodeone:3d_editor/models/water_still",
		"6": "buildmodeone:3d_editor/models/water_flow",
		"7": "minecraft:block/anvil",
		"particle": "minecraft:block/quartz_block_bottom"
	},
	"elements": [
		{
			"from": [1, 0, 2],
			"to": [15, 0.5, 14],
			"rotation": {"angle": 0, "axis": "x", "origin": [1.5, 3.5, 13.5]},
			"faces": {
				"north": {"uv": [1, 15.5, 15, 16], "texture": "#1"},
				"east": {"uv": [2, 15.5, 14, 16], "texture": "#1"},
				"south": {"uv": [1, 15.5, 15, 16], "texture": "#1"},
				"west": {"uv": [2, 15.5, 14, 16], "texture": "#1"},
				"up": {"uv": [1, 2, 15, 14], "texture": "#1"},
				"down": {"uv": [1, 2, 15, 14], "texture": "#1"}
			}
		},
		{
			"from": [1, 0.5, 2],
			"to": [1.5, 3.5, 14],
			"rotation": {"angle": 0, "axis": "y", "origin": [8, 8.5, 10]},
			"faces": {
				"north": {"uv": [14.5, 12.5, 15, 15.5], "texture": "#1"},
				"east": {"uv": [2, 12.5, 14, 15.5], "texture": "#1"},
				"south": {"uv": [1, 12.5, 1.5, 15.5], "texture": "#1"},
				"west": {"uv": [2, 12.5, 14, 15.5], "texture": "#1"},
				"up": {"uv": [1, 2, 1.5, 14], "texture": "#1"},
				"down": {"uv": [1, 2, 1.5, 14], "texture": "#1"}
			}
		},
		{
			"from": [14.5, 0.5, 2],
			"to": [15, 3.5, 14],
			"rotation": {"angle": 0, "axis": "y", "origin": [21.5, 8.5, 10]},
			"faces": {
				"north": {"uv": [1, 12.5, 1.5, 15.5], "texture": "#1"},
				"east": {"uv": [2, 12.5, 14, 15.5], "texture": "#1"},
				"south": {"uv": [14.5, 12.5, 15, 15.5], "texture": "#1"},
				"west": {"uv": [2, 12.5, 14, 15.5], "texture": "#1"},
				"up": {"uv": [14.5, 2, 15, 14], "texture": "#1"},
				"down": {"uv": [14.5, 2, 15, 14], "texture": "#1"}
			}
		},
		{
			"from": [1.5, 0.5, 2],
			"to": [14.5, 3.5, 2.5],
			"rotation": {"angle": 0, "axis": "y", "origin": [8.5, 8.5, 10]},
			"faces": {
				"north": {"uv": [1.5, 12.5, 14.5, 15.5], "texture": "#1"},
				"east": {"uv": [13.5, 12.5, 14, 15.5], "texture": "#1"},
				"south": {"uv": [1.5, 12.5, 14.5, 15.5], "texture": "#1"},
				"west": {"uv": [2, 12.5, 2.5, 15.5], "texture": "#1"},
				"up": {"uv": [1.5, 2, 14.5, 2.5], "texture": "#1"},
				"down": {"uv": [1.5, 13.5, 14.5, 14], "texture": "#1"}
			}
		},
		{
			"from": [1.5, 0.5, 13.5],
			"to": [14.5, 3.5, 14],
			"rotation": {"angle": 0, "axis": "y", "origin": [8.5, 8.5, 21.5]},
			"faces": {
				"north": {"uv": [1.5, 12.5, 14.5, 15.5], "texture": "#1"},
				"east": {"uv": [2, 12.5, 2.5, 15.5], "texture": "#1"},
				"south": {"uv": [1.5, 12.5, 14.5, 15.5], "texture": "#1"},
				"west": {"uv": [13.5, 12.5, 14, 15.5], "texture": "#1"},
				"up": {"uv": [1.5, 13.5, 14.5, 14], "texture": "#1"},
				"down": {"uv": [1.5, 2, 14.5, 2.5], "texture": "#1"}
			}
		},
		{
			"from": [1.5, 1, 2.5],
			"to": [14.5, 3.5, 3.75],
			"rotation": {"angle": 0, "axis": "y", "origin": [8.5, 9.5, 10.5]},
			"faces": {
				"north": {"uv": [1.5, 12.5, 14.5, 15], "texture": "#1"},
				"east": {"uv": [12.25, 12.5, 13.5, 15], "texture": "#1"},
				"south": {"uv": [1.5, 12.5, 14.5, 15], "texture": "#1"},
				"west": {"uv": [2.5, 12.5, 3.75, 15], "texture": "#1"},
				"up": {"uv": [1.5, 2.5, 14.5, 3.75], "texture": "#1"},
				"down": {"uv": [1.5, 12.25, 14.5, 13.5], "texture": "#1"}
			}
		},
		{
			"from": [1.5, 0.5, 2.5],
			"to": [14.5, 1, 3.25],
			"rotation": {"angle": 0, "axis": "y", "origin": [8.5, 6.5, 10.5]},
			"faces": {
				"north": {"uv": [1.5, 15, 14.5, 15.5], "texture": "#1"},
				"east": {"uv": [12.75, 15, 13.5, 15.5], "texture": "#1"},
				"south": {"uv": [1.5, 15, 14.5, 15.5], "texture": "#1"},
				"west": {"uv": [2.5, 15, 3.25, 15.5], "texture": "#1"},
				"up": {"uv": [1.5, 2.5, 14.5, 3.25], "texture": "#1"},
				"down": {"uv": [1.5, 12.75, 14.5, 13.5], "texture": "#1"}
			}
		},
		{
			"from": [1.5, 2.75, 6.25],
			"to": [14.5, 3.25, 13.5],
			"rotation": {"angle": -22.5, "axis": "x", "origin": [1.5, 3.25, 13.5]},
			"faces": {
				"north": {"uv": [1.5, 12.75, 14.5, 13.25], "texture": "#1"},
				"east": {"uv": [2.5, 12.75, 9.75, 13.25], "texture": "#1"},
				"south": {"uv": [1.5, 12.75, 14.5, 13.25], "texture": "#1"},
				"west": {"uv": [6.25, 12.75, 13.5, 13.25], "texture": "#1"},
				"up": {"uv": [1.5, 6.25, 14.5, 13.5], "texture": "#1"},
				"down": {"uv": [1.5, 2.5, 14.5, 9.75], "texture": "#1"}
			}
		},
		{
			"from": [6.5, 0, 1],
			"to": [9.5, 3.5, 2],
			"rotation": {"angle": 0, "axis": "y", "origin": [16, 9, 8]},
			"faces": {
				"north": {"uv": [6.5, 12.5, 9.5, 16], "texture": "#7"},
				"east": {"uv": [14, 12.5, 15, 16], "texture": "#7"},
				"south": {"uv": [6.5, 12.5, 9.5, 16], "texture": "#7"},
				"west": {"uv": [1, 12.5, 2, 16], "texture": "#7"},
				"up": {"uv": [6.5, 1, 9.5, 2], "texture": "#7"},
				"down": {"uv": [6.5, 14, 9.5, 15], "texture": "#7"}
			}
		},
		{
			"from": [6.5, 3.5, 1],
			"to": [9.5, 5.5, 3],
			"rotation": {"angle": 0, "axis": "y", "origin": [16, 11.5, 8]},
			"faces": {
				"north": {"uv": [6.5, 10.5, 9.5, 12.5], "texture": "#7"},
				"east": {"uv": [13, 10.5, 15, 12.5], "texture": "#7"},
				"south": {"uv": [6.5, 10.5, 9.5, 12.5], "texture": "#7"},
				"west": {"uv": [1, 10.5, 3, 12.5], "texture": "#7"},
				"up": {"uv": [6.5, 1, 9.5, 3], "texture": "#7"},
				"down": {"uv": [6.5, 13, 9.5, 15], "texture": "#7"}
			}
		},
		{
			"from": [6.6, 7, 1.1],
			"to": [9.4, 7.5, 2.9],
			"rotation": {"angle": 0, "axis": "y", "origin": [16, 15, 8]},
			"faces": {
				"north": {"uv": [6.6, 8.5, 9.4, 9], "texture": "#4"},
				"east": {"uv": [13.1, 8.5, 14.9, 9], "texture": "#4"},
				"south": {"uv": [6.6, 8.5, 9.4, 9], "texture": "#4"},
				"west": {"uv": [1.1, 8.5, 2.9, 9], "texture": "#4"},
				"up": {"uv": [6.6, 1.1, 9.4, 2.9], "texture": "#4"},
				"down": {"uv": [6.6, 13.1, 9.4, 14.9], "texture": "#4"}
			}
		},
		{
			"from": [6.5, 5.5, 1],
			"to": [9.5, 6, 6.25],
			"rotation": {"angle": 0, "axis": "y", "origin": [16, 12.5, 8]},
			"faces": {
				"north": {"uv": [6.5, 10, 9.5, 10.5], "texture": "#7"},
				"east": {"uv": [9.75, 10, 15, 10.5], "texture": "#7"},
				"south": {"uv": [6.5, 10, 9.5, 10.5], "texture": "#7"},
				"west": {"uv": [1, 10, 6.25, 10.5], "texture": "#7"},
				"up": {"uv": [6.5, 1, 9.5, 6.25], "texture": "#7"},
				"down": {"uv": [6.5, 9.75, 9.5, 15], "texture": "#7"}
			}
		},
		{
			"from": [6.5, 6, 1.5],
			"to": [7, 6.5, 6.25],
			"rotation": {"angle": 0, "axis": "y", "origin": [15.5, 13, 8]},
			"faces": {
				"north": {"uv": [9, 9.5, 9.5, 10], "texture": "#7"},
				"east": {"uv": [9.75, 9.5, 14.5, 10], "texture": "#7"},
				"south": {"uv": [6.5, 9.5, 7, 10], "texture": "#7"},
				"west": {"uv": [1.5, 9.5, 6.25, 10], "texture": "#7"},
				"up": {"uv": [6.5, 1.5, 7, 6.25], "texture": "#7"},
				"down": {"uv": [6.5, 9.75, 7, 14.5], "texture": "#7"}
			}
		},
		{
			"from": [9, 6, 1.5],
			"to": [9.5, 6.5, 6.25],
			"rotation": {"angle": 0, "axis": "y", "origin": [18.25, 13, 8]},
			"faces": {
				"north": {"uv": [6.5, 9.5, 7, 10], "texture": "#7"},
				"east": {"uv": [9.75, 9.5, 14.5, 10], "texture": "#7"},
				"south": {"uv": [9, 9.5, 9.5, 10], "texture": "#7"},
				"west": {"uv": [1.5, 9.5, 6.25, 10], "texture": "#7"},
				"up": {"uv": [9, 1.5, 9.5, 6.25], "texture": "#7"},
				"down": {"uv": [9, 9.75, 9.5, 14.5], "texture": "#7"}
			}
		},
		{
			"from": [6.5, 6, 1],
			"to": [9.5, 6.5, 1.5],
			"rotation": {"angle": 0, "axis": "y", "origin": [17.25, 13, 7.5]},
			"faces": {
				"north": {"uv": [6.5, 9.5, 9.5, 10], "texture": "#7"},
				"east": {"uv": [14.5, 9.5, 15, 10], "texture": "#7"},
				"south": {"uv": [6.5, 9.5, 9.5, 10], "texture": "#7"},
				"west": {"uv": [1, 9.5, 1.5, 10], "texture": "#7"},
				"up": {"uv": [6.5, 1, 9.5, 1.5], "texture": "#7"},
				"down": {"uv": [6.5, 14.5, 9.5, 15], "texture": "#7"}
			}
		},
		{
			"from": [6.5, 6.5, 1],
			"to": [9.5, 7, 3],
			"rotation": {"angle": 0, "axis": "y", "origin": [17.25, 14, 8]},
			"faces": {
				"north": {"uv": [6.5, 9, 9.5, 9.5], "texture": "#7"},
				"east": {"uv": [13, 9, 15, 9.5], "texture": "#7"},
				"south": {"uv": [6.5, 9, 9.5, 9.5], "texture": "#7"},
				"west": {"uv": [1, 9, 3, 9.5], "texture": "#7"},
				"up": {"uv": [6.5, 1, 9.5, 3], "texture": "#7"},
				"down": {"uv": [6.5, 13, 9.5, 15], "texture": "#7"}
			}
		},
		{
			"from": [6.5, 7.5, 1],
			"to": [9.5, 8, 4.25],
			"rotation": {"angle": 0, "axis": "y", "origin": [17.25, 14.75, 8]},
			"faces": {
				"north": {"uv": [6.5, 8, 9.5, 8.5], "texture": "#7"},
				"east": {"uv": [11.75, 8, 15, 8.5], "texture": "#7"},
				"south": {"uv": [6.5, 8, 9.5, 8.5], "texture": "#7"},
				"west": {"uv": [1, 8, 4.25, 8.5], "texture": "#7"},
				"up": {"uv": [6.5, 1, 9.5, 4.25], "texture": "#7"},
				"down": {"uv": [6.5, 11.75, 9.5, 15], "texture": "#7"}
			}
		},
		{
			"from": [1.5, 2.25, 3.75],
			"to": [14.5, 2.25, 13],
			"rotation": {"angle": 0, "axis": "y", "origin": [10, 9.25, 17]},
			"faces": {
				"up": {"uv": [1.5, 3.75, 14.5, 13], "texture": "#5", "tintindex": 0}
			}
		},
		{
			"from": [7, 6, 1.5],
			"to": [9, 6.25, 6.5],
			"rotation": {"angle": 0, "axis": "y", "origin": [16, 13, 8]},
			"faces": {
				"north": {"uv": [7, 9.75, 9, 10], "texture": "#6"},
				"east": {"uv": [9.5, 9.75, 14.5, 10], "texture": "#6"},
				"south": {"uv": [7, 9.75, 9, 10], "texture": "#6"},
				"west": {"uv": [1.5, 9.75, 6.5, 10], "texture": "#6"},
				"up": {"uv": [7, 1.5, 9, 6.5], "texture": "#6"},
				"down": {"uv": [7, 9.5, 9, 14.5], "texture": "#6"}
			}
		},
		{
			"from": [7, 2.25, 6.25],
			"to": [9, 6, 6.5],
			"rotation": {"angle": 0, "axis": "y", "origin": [16, 13, 13]},
			"faces": {
				"north": {"uv": [7, 10, 9, 13.75], "texture": "#6"},
				"east": {"uv": [9.5, 10, 9.75, 13.75], "texture": "#6"},
				"south": {"uv": [7, 10, 9, 13.75], "texture": "#6"},
				"west": {"uv": [6.25, 10, 6.5, 13.75], "texture": "#6"},
				"up": {"uv": [7, 6.25, 9, 6.5], "texture": "#6"},
				"down": {"uv": [7, 9.5, 9, 9.75], "texture": "#6"}
			}
		}
	],
	"display": {
		"head": {
			"translation": [0, -14.75, 0],
			"scale": [2.28, 2.28, 2.28]
		}
	},
	"groups": [
		{
			"name": "sink",
			"origin": [1.5, 2.5, 9.5],
			"children": [0, 1, 2, 3, 4, 5, 6, 7]
		},
		{
			"name": "tap",
			"origin": [8, 8, 8],
			"children": [8, 9, 10, 11, 12, 13, 14, 15, 16]
		},
		{
			"name": "water",
			"origin": [8, 8, 8],
			"children": [17, 18, 19]
		}
	]
}