{
	"credit": "Made by Philipp Opheys / pro_pixel_ from BuildmodeOne",
	"textures": {
		"particle": "minecraft:block/light_gray_concrete",
		"texture": "buildmodeone:3d_editor/models/soap"
	},
	"elements": [ 	 
		{
			"__comment": "Element",
			"from": [ 6.5, 0, 6.5 ],
			"to": [ 9.5, 4.5, 9.5 ],
			"faces": {
				"down": { "uv": [ 0, 8, 3, 11 ], "texture": "#texture" },
				"up": { "uv": [ 0, 8, 3, 11 ], "texture": "#texture" },
				"north": { "uv": [ 0, 11, 3, 16 ], "texture": "#texture" },
				"south": { "uv": [ 0, 11, 3, 16 ], "texture": "#texture" },
				"west": { "uv": [ 0, 11, 3, 16 ], "texture": "#texture" },
				"east": { "uv": [ 0, 11, 3, 16 ], "texture": "#texture" }
			}
		},
		{
			"__comment": "Element",
			"from": [ 7, 4.5, 7 ],
			"to": [ 9, 5, 9 ],
			"faces": {
				"down": { "uv": [ 4, 14, 6, 16 ], "texture": "#particle" },
				"up": { "uv": [ 4, 14, 6, 16 ], "texture": "#particle" },
				"north": { "uv": [ 4, 14, 6, 14.5 ], "texture": "#particle" },
				"south": { "uv": [ 4, 14, 6, 14.5 ], "texture": "#particle" },
				"west": { "uv": [ 4, 14, 6, 14.5 ], "texture": "#particle" },
				"east": { "uv": [ 4, 14, 6, 14.5 ], "texture": "#particle" }
			}
		},
		{
			"__comment": "Element",
			"from": [ 7.25, 6.5, 7.25 ],
			"to": [ 8.75, 7, 8.75 ],
			"faces": {
				"down": { "uv": [ 4, 14, 5.5, 15.5 ], "texture": "#texture" },
				"up": { "uv": [ 4, 14, 5.5, 15.5 ], "texture": "#texture" },
				"north": { "uv": [ 4, 14, 5.5, 14.5 ], "texture": "#texture" },
				"south": { "uv": [ 4, 14, 5.5, 14.5 ], "texture": "#texture" },
				"west": { "uv": [ 4, 14, 5.5, 14.5 ], "texture": "#texture" },
				"east": { "uv": [ 4, 14, 5.5, 14.5 ], "texture": "#texture" }
			}
		},
		{
			"__comment": "Element",
			"from": [ 7.5, 5, 7.5 ],
			"to": [ 8.5, 6.5, 8.5 ],
			"faces": {
				"down": { "uv": [ 4, 14, 5, 15 ], "texture": "#texture" },
				"up": { "uv": [ 4, 14, 5, 15 ], "texture": "#texture" },
				"north": { "uv": [ 4, 14, 5, 15.5 ], "texture": "#texture" },
				"south": { "uv": [ 4, 14, 5, 15.5 ], "texture": "#texture" },
				"west": { "uv": [ 4, 14, 5, 15.5 ], "texture": "#texture" },
				"east": { "uv": [ 4, 14, 5, 15.5 ], "texture": "#texture" }
			}
		},
		{
			"__comment": "Element",
			"from": [ 8.5, 5.75, 7.6 ],
			"to": [ 11, 6.4, 8.4 ],
			"faces": {
				"down": { "uv": [ 4, 14, 6, 14.5 ], "texture": "#texture" },
				"up": { "uv": [ 4, 14, 6, 14.5 ], "texture": "#texture" },
				"north": { "uv": [ 4, 14, 6, 14.5 ], "texture": "#texture" },
				"south": { "uv": [ 4, 14, 6, 14.5 ], "texture": "#texture" },
				"west": { "uv": [ 4, 14, 4.8, 14.65 ], "texture": "#texture" },
				"east": { "uv": [ 4, 14, 4.8, 14.65 ], "texture": "#texture" }
			}
		}
	],
	"display": {
		"head": {
			"translation":  [ 0, -14.75, 0 ],
			"scale":  [ 2.28, 2.28, 2.28 ]
		}
	}
}