{
	"credit": "Made by Philipp Opheys / pro_pixel_ from BuildmodeOne",
	"textures": {
		"1": "minecraft:block/light_gray_concrete",
		"2": "minecraft:block/gray_concrete",
		"4": "minecraft:block/quartz_pillar",
		"6": "minecraft:block/quartz_block_bottom",
		"7": "minecraft:block/chiseled_quartz_block_top",
		"particle": "minecraft:block/white_concrete"
	},
	"elements": [
		{
			"name": "head",
			"from": [1, 2.5, 15.75],
			"to": [15, 15.75, 16],
			"rotation": {"angle": 0, "axis": "y", "origin": [11, 21.5, 10]},
			"faces": {
				"north": {"uv": [1, 0, 15, 13.25], "texture": "#6"},
				"east": {"uv": [0, 0, 0.25, 13.25], "texture": "#6"},
				"south": {"uv": [1, 0, 15, 13.25], "texture": "#6"},
				"west": {"uv": [15.75, 0, 16, 13.25], "texture": "#6"},
				"up": {"uv": [1, 15.75, 15, 16], "texture": "#6"},
				"down": {"uv": [1, 0, 15, 0.25], "texture": "#6"}
			}
		},
		{
			"name": "head",
			"from": [1.25, 2.75, 15.25],
			"to": [14.75, 15.5, 15.75],
			"rotation": {"angle": 0, "axis": "y", "origin": [11, 21.5, 9.75]},
			"faces": {
				"east": {"uv": [0.25, 0, 0.75, 12.75], "texture": "#6"},
				"west": {"uv": [15.25, 0, 15.75, 12.75], "texture": "#6"},
				"up": {"uv": [1.25, 15.25, 14.75, 15.75], "texture": "#6"},
				"down": {"uv": [1.25, 0.25, 14.75, 0.75], "texture": "#6"}
			}
		},
		{
			"name": "head",
			"from": [1, 2.5, 15],
			"to": [15, 15.75, 15.25],
			"rotation": {"angle": 0, "axis": "y", "origin": [11, 21.5, 9.25]},
			"faces": {
				"north": {"uv": [1, 0, 15, 13.25], "texture": "#4"},
				"east": {"uv": [0.75, 0, 1, 13.25], "texture": "#4"},
				"south": {"uv": [1, 0, 15, 13.25], "texture": "#4"},
				"west": {"uv": [15, 0, 15.25, 13.25], "texture": "#4"},
				"up": {"uv": [1, 15, 15, 15.25], "texture": "#4"},
				"down": {"uv": [1, 0.75, 15, 1], "texture": "#4"}
			}
		},
		{
			"name": "head",
			"from": [11.85, 13.1, 14.25],
			"to": [12.9, 13.65, 15.25],
			"rotation": {"angle": 0, "axis": "y", "origin": [20, 21.5, 10]},
			"faces": {
				"north": {"uv": [3, 1, 4.05, 1.55], "texture": "#1"},
				"east": {"uv": [0.75, 1, 1.75, 1.55], "texture": "#1"},
				"south": {"uv": [11.75, 1, 12.8, 1.55], "texture": "#1"},
				"west": {"uv": [14.25, 1, 15.25, 1.55], "texture": "#1"},
				"up": {"uv": [11.75, 14.25, 12.8, 15.25], "texture": "#1"},
				"down": {"uv": [11.75, 0.75, 12.8, 1.75], "texture": "#1"}
			}
		},
		{
			"name": "head",
			"from": [3.1, 13.1, 14.25],
			"to": [4.15, 13.65, 15.25],
			"rotation": {"angle": 0, "axis": "y", "origin": [11, 21.5, 10]},
			"faces": {
				"north": {"uv": [11.75, 1, 12.8, 1.55], "texture": "#1"},
				"east": {"uv": [0.75, 1, 1.75, 1.55], "texture": "#1"},
				"south": {"uv": [3, 1, 4.05, 1.55], "texture": "#1"},
				"west": {"uv": [14.25, 1, 15.25, 1.55], "texture": "#1"},
				"up": {"uv": [3, 14.25, 4.05, 15.25], "texture": "#1"},
				"down": {"uv": [3, 0.75, 4.05, 1.75], "texture": "#1"}
			}
		},
		{
			"name": "head",
			"from": [2.25, 13, 0.75],
			"to": [13.75, 14, 14.25],
			"rotation": {"angle": 0, "axis": "y", "origin": [11, 21.5, 9]},
			"faces": {
				"north": {"uv": [2.25, 0.75, 13.75, 1.75], "texture": "#6"},
				"east": {"uv": [1.75, 0.75, 15.25, 1.75], "texture": "#6"},
				"south": {"uv": [2.25, 0.75, 13.75, 1.75], "texture": "#6"},
				"west": {"uv": [0.75, 0.75, 14.25, 1.75], "texture": "#6"},
				"up": {"uv": [2.25, 0.75, 13.75, 14.25], "texture": "#6"},
				"down": {"uv": [2.25, 1.75, 13.75, 15.25], "texture": "#6"}
			}
		},
		{
			"from": [2.75, 5.99322, 4.23639],
			"to": [13.25, 12.49322, 5.23639],
			"rotation": {"angle": -22.5, "axis": "x", "origin": [8, 5.24322, 4.73639]},
			"faces": {
				"north": {"uv": [2.75, 3.50678, 13.25, 10.00678], "rotation": 180, "texture": "#6"},
				"east": {"uv": [10.76361, 3.50678, 17.26361, 4.50678], "rotation": 270, "texture": "#6"},
				"south": {"uv": [2.75, 3.50678, 13.25, 10.00678], "texture": "#6"},
				"west": {"uv": [4.23639, 3.50678, 10.73639, 4.50678], "rotation": 90, "texture": "#6"},
				"down": {"uv": [2.75, 10.76361, 13.25, 11.76361], "texture": "#6"}
			}
		},
		{
			"from": [2.75, 11.75, 1.5],
			"to": [13.25, 12.25, 15],
			"rotation": {"angle": 0, "axis": "y", "origin": [11, 19.75, 9]},
			"faces": {
				"north": {"uv": [2.75, 2.25, 13.25, 2.75], "texture": "#6"},
				"east": {"uv": [1, 2.25, 14.5, 2.75], "texture": "#6"},
				"west": {"uv": [1.5, 2.25, 15, 2.75], "texture": "#6"},
				"up": {"uv": [2.75, 1.5, 13.25, 15], "texture": "#6"},
				"down": {"uv": [2.75, 1, 13.25, 14.5], "texture": "#6"}
			}
		},
		{
			"from": [2.75, 12.75, 1.5],
			"to": [13.25, 13, 15],
			"rotation": {"angle": 0, "axis": "y", "origin": [11, 20.5, 9]},
			"faces": {
				"north": {"uv": [2.75, 1.75, 13.25, 2], "texture": "#6"},
				"east": {"uv": [1, 1.75, 14.5, 2], "texture": "#6"},
				"west": {"uv": [1.5, 1.75, 15, 2], "texture": "#6"},
				"up": {"uv": [2.75, 1.5, 13.25, 15], "texture": "#6"},
				"down": {"uv": [2.75, 1, 13.25, 14.5], "texture": "#6"}
			}
		},
		{
			"from": [3, 12.25, 1.75],
			"to": [13, 12.75, 15],
			"rotation": {"angle": 0, "axis": "y", "origin": [11, 20, 9]},
			"faces": {
				"north": {"uv": [3, 2, 13, 2.5], "texture": "#2"},
				"east": {"uv": [1, 2, 14.25, 2.5], "texture": "#2"},
				"south": {"uv": [3, 2, 13, 2.5], "texture": "#2"},
				"west": {"uv": [1.75, 2, 15, 2.5], "texture": "#2"},
				"up": {"uv": [3, 1.75, 13, 15], "texture": "#2"},
				"down": {"uv": [3, 1, 13, 14.25], "texture": "#2"}
			}
		},
		{
			"from": [3, 10.25, 2.5],
			"to": [13, 11.75, 15],
			"rotation": {"angle": 0, "axis": "y", "origin": [11, 18.75, 9]},
			"faces": {
				"east": {"uv": [1, 2.75, 13.5, 4.25], "texture": "#7"},
				"west": {"uv": [2.5, 2.75, 15, 4.25], "texture": "#7"}
			}
		},
		{
			"from": [2.85, 8.75, 3],
			"to": [13.15, 10.25, 15],
			"rotation": {"angle": 0, "axis": "y", "origin": [11, 17.25, 9]},
			"faces": {
				"east": {"uv": [1, 4.25, 13, 5.75], "texture": "#6"},
				"west": {"uv": [3, 4.25, 15, 5.75], "texture": "#6"},
				"up": {"uv": [2.75, 3, 13.05, 15], "texture": "#6"}
			}
		},
		{
			"from": [2.85, 7.25, 3.75],
			"to": [13.15, 8.75, 15],
			"rotation": {"angle": 0, "axis": "y", "origin": [11, 15.75, 9]},
			"faces": {
				"east": {"uv": [1, 5.75, 12.25, 7.25], "texture": "#6"},
				"west": {"uv": [3.75, 5.75, 15, 7.25], "texture": "#6"}
			}
		},
		{
			"from": [2.75, 5.75, 4],
			"to": [13.25, 7.25, 15],
			"rotation": {"angle": 0, "axis": "y", "origin": [11, 14.25, 9]},
			"faces": {
				"east": {"uv": [1, 7.25, 12, 8.75], "texture": "#6"},
				"west": {"uv": [4, 7.25, 15, 8.75], "texture": "#6"},
				"up": {"uv": [0, 0, 10.5, 11], "texture": "#6"},
				"down": {"uv": [2.75, 1, 13.25, 12], "texture": "#6"}
			}
		},
		{
			"from": [5.75, 4.25, 7],
			"to": [10.25, 5.75, 15],
			"rotation": {"angle": 0, "axis": "y", "origin": [11, 12.75, 9]},
			"faces": {
				"north": {"uv": [5.75, 8.75, 10.25, 10.25], "texture": "#6"},
				"down": {"uv": [5.75, 1, 10.25, 9], "texture": "#6"}
			}
		},
		{
			"from": [9.06066, 5.62132, 7],
			"to": [11.31066, 6.87132, 15],
			"rotation": {"angle": 45, "axis": "z", "origin": [11.31066, 6.37132, 11]},
			"faces": {
				"north": {"uv": [4.68934, 7.62868, 6.93934, 8.87868], "texture": "#6"},
				"south": {"uv": [9.06066, 7.62868, 11.31066, 8.87868], "texture": "#6"},
				"down": {"uv": [9.06066, 1, 11.31066, 9], "texture": "#6"}
			}
		},
		{
			"from": [4.01256, 3.94454, 7],
			"to": [5.26256, 6.19454, 15],
			"rotation": {"angle": 45, "axis": "z", "origin": [4.51256, 6.19454, 11]},
			"faces": {
				"north": {"uv": [10.73744, 8.30546, 12.98744, 9.55546], "rotation": 90, "texture": "#6"},
				"south": {"uv": [4.01256, 8.30546, 6.26256, 9.55546], "rotation": 270, "texture": "#6"},
				"west": {"uv": [7, 8.30546, 9.25, 16.30546], "rotation": 270, "texture": "#6"}
			}
		}
	],
	"display": {
		"head": {
			"rotation": [0, -180, 0],
			"translation": [0, -12.5, 0],
			"scale": [2.3, 2.3, 2.3]
		}
	},
	"groups": [
		{
			"name": "back",
			"origin": [11, 21, 9.25],
			"children": [0, 1, 2]
		},
		{
			"name": "head",
			"origin": [11, 21, 9],
			"children": [3, 4, 5]
		},
		{
			"name": "body",
			"origin": [4.51256, 5.94454, 11],
			"children": [6, 7, 8, 9, 10, 11, 12, 13, 14, 15, 16]
		}
	]
}