{
	"parent": "item/generated",
	"textures": {
		"layer0": "item/barrier"
	},
	
	"overrides": [
		{"predicate": {"custom_model_data":1370001}, "model": "buildmodeone:3d_editor/electronics/tv"},
		{"predicate": {"custom_model_data":1370002}, "model": "buildmodeone:3d_editor/bottles/green_bottle"},
		{"predicate": {"custom_model_data":1370003}, "model": "buildmodeone:3d_editor/bottles/white_bottle"},
		{"predicate": {"custom_model_data":1370004}, "model": "buildmodeone:3d_editor/kitchen/plate"},
		{"predicate": {"custom_model_data":1370005}, "model": "buildmodeone:3d_editor/kitchen/wineglass"},
		{"predicate": {"custom_model_data":1370006}, "model": "buildmodeone:3d_editor/kitchen/wineglass_filled"},
		{"predicate": {"custom_model_data":1370007}, "model": "buildmodeone:3d_editor/kitchen/fork"},
		{"predicate": {"custom_model_data":1370008}, "model": "buildmodeone:3d_editor/kitchen/knife"},
		{"predicate": {"custom_model_data":1370009}, "model": "buildmodeone:3d_editor/electronics/pc"},
		{"predicate": {"custom_model_data":1370010}, "model": "buildmodeone:3d_editor/electronics/wallpc"},
		{"predicate": {"custom_model_data":1370011}, "model": "buildmodeone:3d_editor/kitchen/normalglass"},
		{"predicate": {"custom_model_data":1370012}, "model": "buildmodeone:3d_editor/kitchen/normalglass_filled"},
		{"predicate": {"custom_model_data":1370013}, "model": "buildmodeone:3d_editor/misc/paper"},
		{"predicate": {"custom_model_data":1370014}, "model": "buildmodeone:3d_editor/plants/flowerpot"},
		{"predicate": {"custom_model_data":1370015}, "model": "buildmodeone:3d_editor/plants/flowerpotS"},
		{"predicate": {"custom_model_data":1370016}, "model": "buildmodeone:3d_editor/painting/spruce/painting1"},
		{"predicate": {"custom_model_data":1370017}, "model": "buildmodeone:3d_editor/painting/spruce/painting2"},
		{"predicate": {"custom_model_data":1370018}, "model": "buildmodeone:3d_editor/painting/spruce/painting3"},
		{"predicate": {"custom_model_data":1370019}, "model": "buildmodeone:3d_editor/painting/spruce/painting4"},
		{"predicate": {"custom_model_data":1370020}, "model": "buildmodeone:3d_editor/painting/oak/painting1"},
		{"predicate": {"custom_model_data":1370021}, "model": "buildmodeone:3d_editor/painting/oak/painting2"},
		{"predicate": {"custom_model_data":1370022}, "model": "buildmodeone:3d_editor/painting/oak/painting3"},
		{"predicate": {"custom_model_data":1370023}, "model": "buildmodeone:3d_editor/painting/oak/painting4"},
		{"predicate": {"custom_model_data":1370024}, "model": "buildmodeone:3d_editor/painting/darkoak/painting1"},
		{"predicate": {"custom_model_data":1370025}, "model": "buildmodeone:3d_editor/painting/darkoak/painting2"},
		{"predicate": {"custom_model_data":1370026}, "model": "buildmodeone:3d_editor/painting/darkoak/painting3"},
		{"predicate": {"custom_model_data":1370027}, "model": "buildmodeone:3d_editor/painting/darkoak/painting4"},
		{"predicate": {"custom_model_data":1370028}, "model": "buildmodeone:3d_editor/painting/birch/painting1"},
		{"predicate": {"custom_model_data":1370029}, "model": "buildmodeone:3d_editor/painting/birch/painting2"},
		{"predicate": {"custom_model_data":1370030}, "model": "buildmodeone:3d_editor/painting/birch/painting3"},
		{"predicate": {"custom_model_data":1370031}, "model": "buildmodeone:3d_editor/painting/birch/painting4"},
		{"predicate": {"custom_model_data":1370032}, "model": "buildmodeone:3d_editor/rotation/gauntlet"},
		{"predicate": {"custom_model_data":1370033}, "model": "buildmodeone:3d_editor/rotation/base"},
		{"predicate": {"custom_model_data":1370034}, "model": "buildmodeone:3d_editor/nerdstuff/cube"},
		{"predicate": {"custom_model_data":1370035}, "model": "buildmodeone:3d_editor/rotation/cube"},
		{"predicate": {"custom_model_data":1370036}, "model": "buildmodeone:3d_editor/basket/empty"},
		{"predicate": {"custom_model_data":1370037}, "model": "buildmodeone:3d_editor/nerdstuff/xwing"},
		{"predicate": {"custom_model_data":1370039}, "model": "buildmodeone:3d_editor/halloween/candle"},
		{"predicate": {"custom_model_data":1370040}, "model": "buildmodeone:3d_editor/halloween/candlesmall"},
		{"predicate": {"custom_model_data":1370041}, "model": "buildmodeone:3d_editor/halloween/candlebig"},
		{"predicate": {"custom_model_data":1370042}, "model": "buildmodeone:3d_editor/chairs/chair1"},
		{"predicate": {"custom_model_data":1370043}, "model": "buildmodeone:3d_editor/christmas/tree"},
		{"predicate": {"custom_model_data":1370044}, "model": "buildmodeone:3d_editor/christmas/present1"},
		{"predicate": {"custom_model_data":1370045}, "model": "buildmodeone:3d_editor/christmas/present2"},
		{"predicate": {"custom_model_data":1370046}, "model": "buildmodeone:3d_editor/christmas/present3"},
		{"predicate": {"custom_model_data":1370047}, "model": "buildmodeone:3d_editor/christmas/present4"},
		{"predicate": {"custom_model_data":1370048}, "model": "buildmodeone:3d_editor/christmas/orn1"},
		{"predicate": {"custom_model_data":1370049}, "model": "buildmodeone:3d_editor/christmas/orn2"},
		{"predicate": {"custom_model_data":1370050}, "model": "buildmodeone:3d_editor/christmas/orn3"},
		{"predicate": {"custom_model_data":1370051}, "model": "buildmodeone:3d_editor/christmas/orn4"},
		{"predicate": {"custom_model_data":1370052}, "model": "buildmodeone:3d_editor/christmas/orn5"},
		{"predicate": {"custom_model_data":1370053}, "model": "buildmodeone:3d_editor/christmas/orn6"},
		{"predicate": {"custom_model_data":1370054}, "model": "buildmodeone:3d_editor/christmas/sleigh"},
		{"predicate": {"custom_model_data":1370055}, "model": "buildmodeone:3d_editor/christmas/teddy"},
		{"predicate": {"custom_model_data":1370056}, "model": "buildmodeone:3d_editor/luigi/CyanShu"},
		{"predicate": {"custom_model_data":1370057}, "model": "buildmodeone:3d_editor/bathroom/toiletpaper"},
		{"predicate": {"custom_model_data":1370058}, "model": "buildmodeone:3d_editor/bathroom/soap"},
		{"predicate": {"custom_model_data":1370059}, "model": "buildmodeone:3d_editor/bottles/blue_bottle"},
		{"predicate": {"custom_model_data":1370060}, "model": "buildmodeone:3d_editor/painting/jungle/painting1"},
		{"predicate": {"custom_model_data":1370061}, "model": "buildmodeone:3d_editor/painting/jungle/painting2"},
		{"predicate": {"custom_model_data":1370062}, "model": "buildmodeone:3d_editor/painting/jungle/painting3"},
		{"predicate": {"custom_model_data":1370063}, "model": "buildmodeone:3d_editor/painting/jungle/painting4"},
		{"predicate": {"custom_model_data":1370064}, "model": "buildmodeone:3d_editor/painting/acacia/painting1"},
		{"predicate": {"custom_model_data":1370065}, "model": "buildmodeone:3d_editor/painting/acacia/painting2"},
		{"predicate": {"custom_model_data":1370066}, "model": "buildmodeone:3d_editor/painting/acacia/painting3"},
		{"predicate": {"custom_model_data":1370067}, "model": "buildmodeone:3d_editor/painting/acacia/painting4"},
		{"predicate": {"custom_model_data":1370068}, "model": "buildmodeone:3d_editor/plants/plant1"},
		{"predicate": {"custom_model_data":1370069}, "model": "buildmodeone:3d_editor/bottles/brown_bottle"},
		{"predicate": {"custom_model_data":1370070}, "model": "buildmodeone:3d_editor/misc/rubiks_cube"},
		{"predicate": {"custom_model_data":1370071}, "model": "buildmodeone:3d_editor/chairs/garden/oak"},
		{"predicate": {"custom_model_data":1370072}, "model": "buildmodeone:3d_editor/chairs/garden/spruce"},
		{"predicate": {"custom_model_data":1370073}, "model": "buildmodeone:3d_editor/chairs/garden/birch"},
		{"predicate": {"custom_model_data":1370074}, "model": "buildmodeone:3d_editor/chairs/garden/jungle"},
		{"predicate": {"custom_model_data":1370075}, "model": "buildmodeone:3d_editor/chairs/garden/dark_oak"},
		{"predicate": {"custom_model_data":1370076}, "model": "buildmodeone:3d_editor/chairs/garden/acacia"},
		{"predicate": {"custom_model_data":1370077}, "model": "buildmodeone:3d_editor/bathroom/sink"},
		{"predicate": {"custom_model_data":1370078}, "model": "buildmodeone:3d_editor/bathroom/sink_filled"},
		{"predicate": {"custom_model_data":1370079}, "model": "buildmodeone:3d_editor/bathroom/sink_running"},
		{"predicate": {"custom_model_data":1370080}, "model": "buildmodeone:3d_editor/tutorial/trophy"},
		{"predicate": {"custom_model_data":1370081}, "model": "buildmodeone:3d_editor/rotation/xwing"},
		{"predicate": {"custom_model_data":1370082}, "model": "buildmodeone:3d_editor/bathroom/toilet"},
		{"predicate": {"custom_model_data":1370083}, "model": "buildmodeone:3d_editor/electronics/office_pc"},
		{"predicate": {"custom_model_data":1370084}, "model": "buildmodeone:3d_editor/plants/pot2"},
		{"predicate": {"custom_model_data":1370085}, "model": "buildmodeone:3d_editor/kitchen/fruit_bowl"},
		{"predicate": {"custom_model_data":1370086}, "model": "buildmodeone:3d_editor/rotation/among_us/black"},
		{"predicate": {"custom_model_data":1370087}, "model": "buildmodeone:3d_editor/rotation/among_us/blue"},
		{"predicate": {"custom_model_data":1370088}, "model": "buildmodeone:3d_editor/rotation/among_us/brown"},
		{"predicate": {"custom_model_data":1370089}, "model": "buildmodeone:3d_editor/rotation/among_us/cyan"},
		{"predicate": {"custom_model_data":1370090}, "model": "buildmodeone:3d_editor/rotation/among_us/green"},
		{"predicate": {"custom_model_data":1370091}, "model": "buildmodeone:3d_editor/rotation/among_us/lime"},
		{"predicate": {"custom_model_data":1370092}, "model": "buildmodeone:3d_editor/rotation/among_us/orange"},
		{"predicate": {"custom_model_data":1370093}, "model": "buildmodeone:3d_editor/rotation/among_us/pink"},
		{"predicate": {"custom_model_data":1370094}, "model": "buildmodeone:3d_editor/rotation/among_us/purple"},
		{"predicate": {"custom_model_data":1370095}, "model": "buildmodeone:3d_editor/rotation/among_us/red"},
		{"predicate": {"custom_model_data":1370096}, "model": "buildmodeone:3d_editor/rotation/among_us/white"},
		{"predicate": {"custom_model_data":1370097}, "model": "buildmodeone:3d_editor/rotation/among_us/yellow"},
		{"predicate": {"custom_model_data":1370098}, "model": "buildmodeone:3d_editor/kitchen/cutting_board"},
		{"predicate": {"custom_model_data":1370099}, "model": "buildmodeone:3d_editor/kitchen/pot_small"},
		{"predicate": {"custom_model_data":1370100}, "model": "buildmodeone:3d_editor/office/folder/red"},
		{"predicate": {"custom_model_data":1370101}, "model": "buildmodeone:3d_editor/office/folder/black"},
		{"predicate": {"custom_model_data":1370102}, "model": "buildmodeone:3d_editor/office/folder/blue"},
		{"predicate": {"custom_model_data":1370103}, "model": "buildmodeone:3d_editor/office/folder/green"},
		{"predicate": {"custom_model_data":1370104}, "model": "buildmodeone:3d_editor/office/folder/white"},
		{"predicate": {"custom_model_data":1370105}, "model": "buildmodeone:3d_editor/office/folder/yellow"},
		
		{"predicate": {"custom_model_data":1370106}, "model": "buildmodeone:3d_editor/update"} 
	]
}