{
	"credit": "Made by Philipp Opheys / pro_pixel_ from BuildmodeOne",
	"textures": {
		"particle": "minecraft:block/gray_concrete",
		"texture": "minecraft:block/black_concrete",
		"orange": "minecraft:block/orange_concrete",
		"blue": "minecraft:block/light_blue_concrete"
	},
	"elements": [ 	 
		{
			"__comment": "Box1",
			"from": [ 6, 0, 5 ],
			"to": [ 10, 2.5, 11 ],
			"faces": {
				"down": { "uv": [ 6, 5, 10, 11 ], "texture": "#texture" },
				"up": { "uv": [ 6, 5, 10, 11 ], "texture": "#texture" },
				"north": { "uv": [ 6, 13.5, 10, 16 ], "texture": "#texture" },
				"south": { "uv": [ 6, 13.5, 10, 16 ], "texture": "#texture" },
				"west": { "uv": [ 5, 13.5, 11, 16 ], "texture": "#texture" },
				"east": { "uv": [ 5, 13.5, 11, 16 ], "texture": "#texture" }
			}
		},
		{
			"__comment": "Box2",
			"from": [ 5, 0, 6 ],
			"to": [ 6.5, 2.5, 10 ],
			"faces": {
				"down": { "uv": [ 5, 6, 6.5, 10 ], "texture": "#texture" },
				"up": { "uv": [ 5, 6, 6.5, 10 ], "texture": "#texture" },
				"north": { "uv": [ 9.5, 13.5, 11, 16 ], "texture": "#texture" },
				"south": { "uv": [ 5, 13.5, 6.5, 16 ], "texture": "#texture" },
				"west": { "uv": [ 6, 13.5, 10, 16 ], "texture": "#texture" },
				"east": { "uv": [ 6, 13.5, 10, 16 ], "texture": "#texture" }
			}
		},
		{
			"__comment": "Box2",
			"from": [ 10, 0, 6 ],
			"to": [ 11, 2.5, 10 ],
			"faces": {
				"down": { "uv": [ 4, 5, 5, 11 ], "texture": "#texture" },
				"up": { "uv": [ 4, 5, 5, 11 ], "texture": "#texture" },
				"north": { "uv": [ 11, 15, 12, 16 ], "texture": "#texture" },
				"south": { "uv": [ 4, 15, 5, 16 ], "texture": "#texture" },
				"west": { "uv": [ 5, 15, 11, 16 ], "texture": "#texture" },
				"east": { "uv": [ 5, 15, 11, 16 ], "texture": "#texture" }
			}
		},
		{
			"__comment": "Box4",
			"from": [ 6, 2.5, 6 ],
			"to": [ 10, 3, 10 ],
			"faces": {
				"down": { "uv": [ 6, 6, 10, 10 ], "texture": "#texture" },
				"up": { "uv": [ 6, 6, 10, 10 ], "texture": "#texture" },
				"north": { "uv": [ 6, 13, 10, 13.5 ], "texture": "#texture" },
				"south": { "uv": [ 6, 13, 10, 13.5 ], "texture": "#texture" },
				"west": { "uv": [ 6, 13, 10, 13.5 ], "texture": "#texture" },
				"east": { "uv": [ 6, 13, 10, 13.5 ], "texture": "#texture" }
			}
		},
		{
			"__comment": "Box5",
			"from": [ 7, 3, 7 ],
			"to": [ 9, 3.5, 9 ],
			"faces": {
				"down": { "uv": [ 7, 7, 9, 9 ], "texture": "#particle" },
				"up": { "uv": [ 7, 7, 9, 9 ], "texture": "#particle" },
				"north": { "uv": [ 7, 12.5, 9, 13 ], "texture": "#particle" },
				"south": { "uv": [ 7, 12.5, 9, 13 ], "texture": "#particle" },
				"west": { "uv": [ 7, 12.5, 9, 13 ], "texture": "#particle" },
				"east": { "uv": [ 7, 12.5, 9, 13 ], "texture": "#particle" }
			}
		},
		{
			"__comment": "Box6",
			"from": [ 7, 2.5, 10 ],
			"to": [ 7.5, 3, 10.5 ],
			"faces": {
				"down": { "uv": [ 7, 5.5, 7.5, 6 ], "texture": "#orange" },
				"up": { "uv": [ 7, 10, 7.5, 10.5 ], "texture": "#orange" },
				"north": { "uv": [ 8.5, 13, 9, 13.5 ], "texture": "#orange" },
				"south": { "uv": [ 7, 13, 7.5, 13.5 ], "texture": "#orange" },
				"west": { "uv": [ 10, 13, 10.5, 13.5 ], "texture": "#orange" },
				"east": { "uv": [ 5.5, 13, 6, 13.5 ], "texture": "#orange" }
			}
		},
		{
			"__comment": "Box6",
			"from": [ 8.5, 2.5, 10 ],
			"to": [ 9, 3, 10.5 ],
			"faces": {
				"down": { "uv": [ 7, 4.5, 7.5, 5 ], "texture": "#blue" },
				"up": { "uv": [ 7, 11, 7.5, 11.5 ], "texture": "#blue" },
				"north": { "uv": [ 8.5, 13, 9, 13.5 ], "texture": "#blue" },
				"south": { "uv": [ 7, 13, 7.5, 13.5 ], "texture": "#blue" },
				"west": { "uv": [ 11, 13, 11.5, 13.5 ], "texture": "#blue" },
				"east": { "uv": [ 4.5, 13, 5, 13.5 ], "texture": "#blue" }
			}
		}
	],
	"display": {
		"head": {
			"translation":  [ 0, -14.5, 0 ],
			"scale":  [ 2.3, 2.3, 2.3 ]
		}
	}
}