{
	"credit": "Made by Philipp Opheys / pro_pixel_ from BuildmodeOne",
	"textures": {
		"particle": "buildmodeone:3d_editor/models/cube",
		"texture": "buildmodeone:3d_editor/models/cube",
		"concrete": "minecraft:block/gray_concrete"
	},
	"elements": [ 	 
		{
			"__comment": "Box1",
			"from": [ 1, 1, 1 ],
			"to": [ 15, 15, 15 ],
			"faces": {
				"down": { "uv": [ 1, 1, 15, 15 ], "texture": "#texture" },
				"up": { "uv": [ 1, 1, 15, 15 ], "texture": "#texture" },
				"north": { "uv": [ 1, 1, 15, 15 ], "texture": "#texture" },
				"south": { "uv": [ 1, 1, 15, 15 ], "texture": "#texture" },
				"west": { "uv": [ 1, 1, 15, 15 ], "texture": "#texture" },
				"east": { "uv": [ 1, 1, 15, 15 ], "texture": "#texture" }
			}
		},
		{
			"__comment": "Box3",
			"from": [ 0, 13, 0 ],
			"to": [ 3, 16, 3 ],
			"faces": {
				"down": { "uv": [ 0, 13, 3, 16 ], "texture": "#texture" },
				"up": { "uv": [ 0, 0, 3, 3 ], "texture": "#texture", "cullface": "up" },
				"north": { "uv": [ 13, 0, 16, 3 ], "texture": "#texture", "cullface": "north" },
				"south": { "uv": [ 0, 0, 3, 3 ], "texture": "#texture" },
				"west": { "uv": [ 0, 0, 3, 3 ], "texture": "#texture", "cullface": "west" },
				"east": { "uv": [ 13, 0, 16, 3 ], "texture": "#texture" }
			}
		},
		{
			"__comment": "Box4",
			"from": [ 0, 12, 0 ],
			"to": [ 2, 13, 2 ],
			"faces": {
				"down": { "uv": [ 0, 14, 2, 16 ], "texture": "#texture" },
				"north": { "uv": [ 14, 3, 16, 4 ], "texture": "#texture", "cullface": "north" },
				"south": { "uv": [ 0, 3, 2, 4 ], "texture": "#texture" },
				"west": { "uv": [ 0, 3, 2, 4 ], "texture": "#texture", "cullface": "west" },
				"east": { "uv": [ 14, 3, 16, 4 ], "texture": "#texture" }
			}
		},
		{
			"__comment": "Box4",
			"from": [ 3, 14, 0 ],
			"to": [ 4, 16, 2 ],
			"faces": {
				"down": { "uv": [ 0, 14, 2, 16 ], "texture": "#texture" },
				"up": { "uv": [ 0, 0, 2, 2 ], "texture": "#texture", "cullface": "up" },
				"north": { "uv": [ 14, 3, 16, 4 ], "texture": "#texture", "cullface": "north" },
				"south": { "uv": [ 0, 3, 2, 4 ], "texture": "#texture" },
				"east": { "uv": [ 14, 3, 16, 4 ], "texture": "#texture" }
			}
		},
		{
			"__comment": "Box4",
			"from": [ 0, 14, 3 ],
			"to": [ 2, 16, 4 ],
			"faces": {
				"down": { "uv": [ 0, 14, 2, 16 ], "texture": "#texture" },
				"up": { "uv": [ 0, 0, 2, 2 ], "texture": "#texture", "cullface": "up" },
				"south": { "uv": [ 0, 3, 2, 4 ], "texture": "#texture" },
				"west": { "uv": [ 0, 3, 2, 4 ], "texture": "#texture", "cullface": "west" },
				"east": { "uv": [ 14, 3, 16, 4 ], "texture": "#texture" }
			}
		},
		{
			"__comment": "Box3",
			"from": [ 0, 0, 0 ],
			"to": [ 3, 3, 3 ],
			"faces": {
				"down": { "uv": [ 16, 3, 13, 0 ], "texture": "#texture", "cullface": "down" },
				"up": { "uv": [ 0, 0, 3, 3 ], "texture": "#texture" },
				"north": { "uv": [ 3, 3, 0, 0 ], "texture": "#texture", "cullface": "north" },
				"south": { "uv": [ 0, 13, 3, 16 ], "texture": "#texture" },
				"west": { "uv": [ 0, 0, 3, 3 ], "texture": "#texture", "cullface": "west", "rotation": 270 },
				"east": { "uv": [ 13, 0, 16, 3 ], "texture": "#texture", "rotation": 90 }
			}
		},
		{
			"__comment": "Box4",
			"from": [ 0, 0, 3 ],
			"to": [ 2, 2, 4 ],
			"faces": {
				"down": { "uv": [ 16, 4, 14, 3 ], "texture": "#texture", "cullface": "down" },
				"up": { "uv": [ 0, 3, 2, 4 ], "texture": "#texture" },
				"south": { "uv": [ 0, 14, 2, 16 ], "texture": "#texture" },
				"west": { "uv": [ 0, 3, 2, 4 ], "texture": "#texture", "cullface": "west", "rotation": 270 },
				"east": { "uv": [ 14, 3, 16, 4 ], "texture": "#texture", "rotation": 90 }
			}
		},
		{
			"__comment": "Box4",
			"from": [ 3, 0, 0 ],
			"to": [ 4, 2, 2 ],
			"faces": {
				"down": { "uv": [ 16, 4, 14, 3 ], "texture": "#texture", "cullface": "down" },
				"up": { "uv": [ 0, 3, 2, 4 ], "texture": "#texture" },
				"north": { "uv": [ 2, 2, 0, 0 ], "texture": "#texture", "cullface": "north" },
				"south": { "uv": [ 0, 14, 2, 16 ], "texture": "#texture" },
				"east": { "uv": [ 14, 3, 16, 4 ], "texture": "#texture", "rotation": 90 }
			}
		},
		{
			"__comment": "Box4",
			"from": [ 0, 3, 0 ],
			"to": [ 2, 4, 2 ],
			"faces": {
				"up": { "uv": [ 0, 3, 2, 4 ], "texture": "#texture" },
				"north": { "uv": [ 2, 2, 0, 0 ], "texture": "#texture", "cullface": "north" },
				"south": { "uv": [ 0, 14, 2, 16 ], "texture": "#texture" },
				"west": { "uv": [ 0, 3, 2, 4 ], "texture": "#texture", "cullface": "west", "rotation": 270 },
				"east": { "uv": [ 14, 3, 16, 4 ], "texture": "#texture", "rotation": 90 }
			}
		},
		{
			"__comment": "Box3",
			"from": [ 13, 13, 0 ],
			"to": [ 16, 16, 3 ],
			"faces": {
				"down": { "uv": [ 0, 13, 3, 16 ], "texture": "#texture", "rotation": 270 },
				"up": { "uv": [ 0, 0, 3, 3 ], "texture": "#texture", "cullface": "up", "rotation": 90 },
				"north": { "uv": [ 0, 0, 3, 3 ], "texture": "#texture", "cullface": "north" },
				"south": { "uv": [ 13, 0, 16, 3 ], "texture": "#texture" },
				"west": { "uv": [ 0, 0, 3, 3 ], "texture": "#texture" },
				"east": { "uv": [ 13, 0, 16, 3 ], "texture": "#texture", "cullface": "east" }
			}
		},
		{
			"__comment": "Box4",
			"from": [ 14, 12, 0 ],
			"to": [ 16, 13, 2 ],
			"faces": {
				"down": { "uv": [ 0, 14, 2, 16 ], "texture": "#texture", "rotation": 270 },
				"north": { "uv": [ 0, 3, 2, 4 ], "texture": "#texture", "cullface": "north" },
				"south": { "uv": [ 14, 3, 16, 4 ], "texture": "#texture" },
				"west": { "uv": [ 0, 3, 2, 4 ], "texture": "#texture" },
				"east": { "uv": [ 14, 3, 16, 4 ], "texture": "#texture", "cullface": "east" }
			}
		},
		{
			"__comment": "Box4",
			"from": [ 14, 14, 3 ],
			"to": [ 16, 16, 4 ],
			"faces": {
				"down": { "uv": [ 0, 14, 2, 16 ], "texture": "#texture", "rotation": 270 },
				"up": { "uv": [ 0, 0, 2, 2 ], "texture": "#texture", "cullface": "up", "rotation": 90 },
				"south": { "uv": [ 14, 3, 16, 4 ], "texture": "#texture" },
				"west": { "uv": [ 0, 3, 2, 4 ], "texture": "#texture" },
				"east": { "uv": [ 14, 3, 16, 4 ], "texture": "#texture", "cullface": "east" }
			}
		},
		{
			"__comment": "Box4",
			"from": [ 12, 14, 0 ],
			"to": [ 13, 16, 2 ],
			"faces": {
				"down": { "uv": [ 0, 14, 2, 16 ], "texture": "#texture", "rotation": 270 },
				"up": { "uv": [ 0, 0, 2, 2 ], "texture": "#texture", "cullface": "up", "rotation": 90 },
				"north": { "uv": [ 0, 3, 2, 4 ], "texture": "#texture", "cullface": "north" },
				"south": { "uv": [ 14, 3, 16, 4 ], "texture": "#texture" },
				"west": { "uv": [ 0, 3, 2, 4 ], "texture": "#texture" }
			}
		},
		{
			"__comment": "Box3",
			"from": [ 13, 0, 0 ],
			"to": [ 16, 3, 3 ],
			"faces": {
				"down": { "uv": [ 16, 3, 13, 0 ], "texture": "#texture", "cullface": "down", "rotation": 270 },
				"up": { "uv": [ 0, 0, 3, 3 ], "texture": "#texture", "rotation": 90 },
				"north": { "uv": [ 0, 0, 3, 3 ], "texture": "#texture", "cullface": "north", "rotation": 270 },
				"south": { "uv": [ 13, 0, 16, 3 ], "texture": "#texture", "rotation": 90 },
				"west": { "uv": [ 0, 13, 3, 16 ], "texture": "#texture" },
				"east": { "uv": [ 3, 3, 0, 0 ], "texture": "#texture", "cullface": "east" }
			}
		},
		{
			"__comment": "Box4",
			"from": [ 12, 0, 0 ],
			"to": [ 13, 2, 2 ],
			"faces": {
				"down": { "uv": [ 16, 4, 14, 3 ], "texture": "#texture", "cullface": "down", "rotation": 270 },
				"up": { "uv": [ 0, 3, 2, 4 ], "texture": "#texture", "rotation": 90 },
				"north": { "uv": [ 0, 3, 2, 4 ], "texture": "#texture", "cullface": "north", "rotation": 270 },
				"south": { "uv": [ 14, 3, 16, 4 ], "texture": "#texture", "rotation": 90 },
				"west": { "uv": [ 0, 14, 2, 16 ], "texture": "#texture" }
			}
		},
		{
			"__comment": "Box4",
			"from": [ 14, 0, 3 ],
			"to": [ 16, 2, 4 ],
			"faces": {
				"down": { "uv": [ 16, 4, 14, 3 ], "texture": "#texture", "cullface": "down", "rotation": 270 },
				"up": { "uv": [ 0, 3, 2, 4 ], "texture": "#texture", "rotation": 90 },
				"south": { "uv": [ 14, 3, 16, 4 ], "texture": "#texture", "rotation": 90 },
				"west": { "uv": [ 0, 14, 2, 16 ], "texture": "#texture" },
				"east": { "uv": [ 2, 2, 0, 0 ], "texture": "#texture", "cullface": "east" }
			}
		},
		{
			"__comment": "Box4",
			"from": [ 14, 3, 0 ],
			"to": [ 16, 4, 2 ],
			"faces": {
				"up": { "uv": [ 0, 3, 2, 4 ], "texture": "#texture", "rotation": 90 },
				"north": { "uv": [ 0, 3, 2, 4 ], "texture": "#texture", "cullface": "north", "rotation": 270 },
				"south": { "uv": [ 14, 3, 16, 4 ], "texture": "#texture", "rotation": 90 },
				"west": { "uv": [ 0, 14, 2, 16 ], "texture": "#texture" },
				"east": { "uv": [ 2, 2, 0, 0 ], "texture": "#texture", "cullface": "east" }
			}
		},
		{
			"__comment": "Box3",
			"from": [ 13, 13, 13 ],
			"to": [ 16, 16, 16 ],
			"faces": {
				"down": { "uv": [ 0, 13, 3, 16 ], "texture": "#texture", "rotation": 180 },
				"up": { "uv": [ 0, 0, 3, 3 ], "texture": "#texture", "cullface": "up", "rotation": 180 },
				"north": { "uv": [ 0, 0, 3, 3 ], "texture": "#texture" },
				"south": { "uv": [ 13, 0, 16, 3 ], "texture": "#texture", "cullface": "south" },
				"west": { "uv": [ 13, 0, 16, 3 ], "texture": "#texture" },
				"east": { "uv": [ 0, 0, 3, 3 ], "texture": "#texture", "cullface": "east" }
			}
		},
		{
			"__comment": "Box4",
			"from": [ 14, 12, 14 ],
			"to": [ 16, 13, 16 ],
			"faces": {
				"down": { "uv": [ 0, 14, 2, 16 ], "texture": "#texture", "rotation": 180 },
				"north": { "uv": [ 0, 3, 2, 4 ], "texture": "#texture" },
				"south": { "uv": [ 14, 3, 16, 4 ], "texture": "#texture", "cullface": "south" },
				"west": { "uv": [ 14, 3, 16, 4 ], "texture": "#texture" },
				"east": { "uv": [ 0, 3, 2, 4 ], "texture": "#texture", "cullface": "east" }
			}
		},
		{
			"__comment": "Box4",
			"from": [ 12, 14, 14 ],
			"to": [ 13, 16, 16 ],
			"faces": {
				"down": { "uv": [ 0, 14, 2, 16 ], "texture": "#texture", "rotation": 180 },
				"up": { "uv": [ 0, 0, 2, 2 ], "texture": "#texture", "cullface": "up", "rotation": 180 },
				"north": { "uv": [ 0, 3, 2, 4 ], "texture": "#texture" },
				"south": { "uv": [ 14, 3, 16, 4 ], "texture": "#texture", "cullface": "south" },
				"west": { "uv": [ 14, 3, 16, 4 ], "texture": "#texture" }
			}
		},
		{
			"__comment": "Box4",
			"from": [ 14, 14, 12 ],
			"to": [ 16, 16, 13 ],
			"faces": {
				"down": { "uv": [ 0, 14, 2, 16 ], "texture": "#texture", "rotation": 180 },
				"up": { "uv": [ 0, 0, 2, 2 ], "texture": "#texture", "cullface": "up", "rotation": 180 },
				"north": { "uv": [ 0, 3, 2, 4 ], "texture": "#texture" },
				"west": { "uv": [ 14, 3, 16, 4 ], "texture": "#texture" },
				"east": { "uv": [ 0, 3, 2, 4 ], "texture": "#texture", "cullface": "east" }
			}
		},
		{
			"__comment": "Box3",
			"from": [ 13, 0, 13 ],
			"to": [ 16, 3, 16 ],
			"faces": {
				"down": { "uv": [ 16, 3, 13, 0 ], "texture": "#texture", "cullface": "down", "rotation": 180 },
				"up": { "uv": [ 0, 0, 3, 3 ], "texture": "#texture", "rotation": 180 },
				"north": { "uv": [ 0, 13, 3, 16 ], "texture": "#texture" },
				"south": { "uv": [ 3, 3, 0, 0 ], "texture": "#texture", "cullface": "south" },
				"west": { "uv": [ 13, 0, 16, 3 ], "texture": "#texture", "rotation": 90 },
				"east": { "uv": [ 0, 0, 3, 3 ], "texture": "#texture", "cullface": "east", "rotation": 270 }
			}
		},
		{
			"__comment": "Box4",
			"from": [ 14, 0, 12 ],
			"to": [ 16, 2, 13 ],
			"faces": {
				"down": { "uv": [ 16, 4, 14, 3 ], "texture": "#texture", "cullface": "down", "rotation": 180 },
				"up": { "uv": [ 0, 3, 2, 4 ], "texture": "#texture", "rotation": 180 },
				"north": { "uv": [ 0, 14, 2, 16 ], "texture": "#texture" },
				"west": { "uv": [ 14, 3, 16, 4 ], "texture": "#texture", "rotation": 90 },
				"east": { "uv": [ 0, 3, 2, 4 ], "texture": "#texture", "cullface": "east", "rotation": 270 }
			}
		},
		{
			"__comment": "Box4",
			"from": [ 12, 0, 14 ],
			"to": [ 13, 2, 16 ],
			"faces": {
				"down": { "uv": [ 16, 4, 14, 3 ], "texture": "#texture", "cullface": "down", "rotation": 180 },
				"up": { "uv": [ 0, 3, 2, 4 ], "texture": "#texture", "rotation": 180 },
				"north": { "uv": [ 0, 14, 2, 16 ], "texture": "#texture" },
				"south": { "uv": [ 2, 2, 0, 0 ], "texture": "#texture", "cullface": "south" },
				"west": { "uv": [ 14, 3, 16, 4 ], "texture": "#texture", "rotation": 90 }
			}
		},
		{
			"__comment": "Box4",
			"from": [ 14, 3, 14 ],
			"to": [ 16, 4, 16 ],
			"faces": {
				"up": { "uv": [ 0, 3, 2, 4 ], "texture": "#texture", "rotation": 180 },
				"north": { "uv": [ 0, 14, 2, 16 ], "texture": "#texture" },
				"south": { "uv": [ 2, 2, 0, 0 ], "texture": "#texture", "cullface": "south" },
				"west": { "uv": [ 14, 3, 16, 4 ], "texture": "#texture", "rotation": 90 },
				"east": { "uv": [ 0, 3, 2, 4 ], "texture": "#texture", "cullface": "east", "rotation": 270 }
			}
		},
		{
			"__comment": "Box3",
			"from": [ 0, 13, 13 ],
			"to": [ 3, 16, 16 ],
			"faces": {
				"down": { "uv": [ 0, 13, 3, 16 ], "texture": "#texture", "rotation": 90 },
				"up": { "uv": [ 0, 0, 3, 3 ], "texture": "#texture", "cullface": "up", "rotation": 270 },
				"north": { "uv": [ 13, 0, 16, 3 ], "texture": "#texture" },
				"south": { "uv": [ 0, 0, 3, 3 ], "texture": "#texture", "cullface": "south" },
				"west": { "uv": [ 13, 0, 16, 3 ], "texture": "#texture", "cullface": "west" },
				"east": { "uv": [ 0, 0, 3, 3 ], "texture": "#texture" }
			}
		},
		{
			"__comment": "Box4",
			"from": [ 0, 12, 14 ],
			"to": [ 2, 13, 16 ],
			"faces": {
				"down": { "uv": [ 0, 14, 2, 16 ], "texture": "#texture", "rotation": 90 },
				"north": { "uv": [ 14, 3, 16, 4 ], "texture": "#texture" },
				"south": { "uv": [ 0, 3, 2, 4 ], "texture": "#texture", "cullface": "south" },
				"west": { "uv": [ 14, 3, 16, 4 ], "texture": "#texture", "cullface": "west" },
				"east": { "uv": [ 0, 3, 2, 4 ], "texture": "#texture" }
			}
		},
		{
			"__comment": "Box4",
			"from": [ 0, 14, 12 ],
			"to": [ 2, 16, 13 ],
			"faces": {
				"down": { "uv": [ 0, 14, 2, 16 ], "texture": "#texture", "rotation": 90 },
				"up": { "uv": [ 0, 0, 2, 2 ], "texture": "#texture", "cullface": "up", "rotation": 270 },
				"north": { "uv": [ 14, 3, 16, 4 ], "texture": "#texture" },
				"west": { "uv": [ 14, 3, 16, 4 ], "texture": "#texture", "cullface": "west" },
				"east": { "uv": [ 0, 3, 2, 4 ], "texture": "#texture" }
			}
		},
		{
			"__comment": "Box4",
			"from": [ 3, 14, 14 ],
			"to": [ 4, 16, 16 ],
			"faces": {
				"down": { "uv": [ 0, 14, 2, 16 ], "texture": "#texture", "rotation": 90 },
				"up": { "uv": [ 0, 0, 2, 2 ], "texture": "#texture", "cullface": "up", "rotation": 270 },
				"north": { "uv": [ 14, 3, 16, 4 ], "texture": "#texture" },
				"south": { "uv": [ 0, 3, 2, 4 ], "texture": "#texture", "cullface": "south" },
				"east": { "uv": [ 0, 3, 2, 4 ], "texture": "#texture" }
			}
		},
		{
			"__comment": "Box3",
			"from": [ 0, 0, 13 ],
			"to": [ 3, 3, 16 ],
			"faces": {
				"down": { "uv": [ 16, 3, 13, 0 ], "texture": "#texture", "cullface": "down", "rotation": 90 },
				"up": { "uv": [ 0, 0, 3, 3 ], "texture": "#texture", "rotation": 270 },
				"north": { "uv": [ 13, 0, 16, 3 ], "texture": "#texture", "rotation": 90 },
				"south": { "uv": [ 0, 0, 3, 3 ], "texture": "#texture", "cullface": "south", "rotation": 270 },
				"west": { "uv": [ 3, 3, 0, 0 ], "texture": "#texture", "cullface": "west" },
				"east": { "uv": [ 0, 13, 3, 16 ], "texture": "#texture" }
			}
		},
		{
			"__comment": "Box4",
			"from": [ 3, 0, 14 ],
			"to": [ 4, 2, 16 ],
			"faces": {
				"down": { "uv": [ 16, 4, 14, 3 ], "texture": "#texture", "cullface": "down", "rotation": 90 },
				"up": { "uv": [ 0, 3, 2, 4 ], "texture": "#texture", "rotation": 270 },
				"north": { "uv": [ 14, 3, 16, 4 ], "texture": "#texture", "rotation": 90 },
				"south": { "uv": [ 0, 3, 2, 4 ], "texture": "#texture", "cullface": "south", "rotation": 270 },
				"east": { "uv": [ 0, 14, 2, 16 ], "texture": "#texture" }
			}
		},
		{
			"__comment": "Box4",
			"from": [ 0, 0, 12 ],
			"to": [ 2, 2, 13 ],
			"faces": {
				"down": { "uv": [ 16, 4, 14, 3 ], "texture": "#texture", "cullface": "down", "rotation": 90 },
				"up": { "uv": [ 0, 3, 2, 4 ], "texture": "#texture", "rotation": 270 },
				"north": { "uv": [ 14, 3, 16, 4 ], "texture": "#texture", "rotation": 90 },
				"west": { "uv": [ 2, 2, 0, 0 ], "texture": "#texture", "cullface": "west" },
				"east": { "uv": [ 0, 14, 2, 16 ], "texture": "#texture" }
			}
		},
		{
			"__comment": "Box4",
			"from": [ 0, 3, 14 ],
			"to": [ 2, 4, 16 ],
			"faces": {
				"up": { "uv": [ 0, 3, 2, 4 ], "texture": "#texture", "rotation": 270 },
				"north": { "uv": [ 14, 3, 16, 4 ], "texture": "#texture", "rotation": 90 },
				"south": { "uv": [ 0, 3, 2, 4 ], "texture": "#texture", "cullface": "south", "rotation": 270 },
				"west": { "uv": [ 2, 2, 0, 0 ], "texture": "#texture", "cullface": "west" },
				"east": { "uv": [ 0, 14, 2, 16 ], "texture": "#texture" }
			}
		},
		{
			"__comment": "Box34",
			"from": [ 0, 0, 7 ],
			"to": [ 2, 2, 9 ],
			"faces": {
				"down": { "uv": [ 0, 7, 2, 9 ], "texture": "#texture", "cullface": "down" },
				"up": { "uv": [ 0, 7, 2, 9 ], "texture": "#texture" },
				"north": { "uv": [ 14, 14, 16, 16 ], "texture": "#texture" },
				"south": { "uv": [ 0, 14, 2, 16 ], "texture": "#texture" },
				"west": { "uv": [ 7, 14, 9, 16 ], "texture": "#texture", "cullface": "west" },
				"east": { "uv": [ 7, 14, 9, 16 ], "texture": "#texture" }
			}
		},
		{
			"__comment": "Box34",
			"from": [ 7, 0, 0 ],
			"to": [ 9, 2, 2 ],
			"faces": {
				"down": { "uv": [ 0, 7, 2, 9 ], "texture": "#texture", "cullface": "down" },
				"up": { "uv": [ 0, 7, 2, 9 ], "texture": "#texture" },
				"north": { "uv": [ 14, 14, 16, 16 ], "texture": "#texture", "cullface": "north" },
				"south": { "uv": [ 0, 14, 2, 16 ], "texture": "#texture" },
				"west": { "uv": [ 7, 14, 9, 16 ], "texture": "#texture" },
				"east": { "uv": [ 7, 14, 9, 16 ], "texture": "#texture" }
			}
		},
		{
			"__comment": "Box34",
			"from": [ 14, 0, 7 ],
			"to": [ 16, 2, 9 ],
			"faces": {
				"down": { "uv": [ 0, 7, 2, 9 ], "texture": "#texture", "cullface": "down" },
				"up": { "uv": [ 0, 7, 2, 9 ], "texture": "#texture" },
				"north": { "uv": [ 14, 14, 16, 16 ], "texture": "#texture" },
				"south": { "uv": [ 0, 14, 2, 16 ], "texture": "#texture" },
				"west": { "uv": [ 7, 14, 9, 16 ], "texture": "#texture" },
				"east": { "uv": [ 7, 14, 9, 16 ], "texture": "#texture", "cullface": "east" }
			}
		},
		{
			"__comment": "Box34",
			"from": [ 7, 0, 14 ],
			"to": [ 9, 2, 16 ],
			"faces": {
				"down": { "uv": [ 0, 7, 2, 9 ], "texture": "#texture", "cullface": "down" },
				"up": { "uv": [ 0, 7, 2, 9 ], "texture": "#texture" },
				"north": { "uv": [ 14, 14, 16, 16 ], "texture": "#texture" },
				"south": { "uv": [ 0, 14, 2, 16 ], "texture": "#texture", "cullface": "south" },
				"west": { "uv": [ 7, 14, 9, 16 ], "texture": "#texture" },
				"east": { "uv": [ 7, 14, 9, 16 ], "texture": "#texture" }
			}
		},
		{
			"__comment": "Box34",
			"from": [ 0, 7, 0 ],
			"to": [ 2, 9, 2 ],
			"faces": {
				"down": { "uv": [ 0, 7, 2, 9 ], "texture": "#texture" },
				"up": { "uv": [ 0, 7, 2, 9 ], "texture": "#texture" },
				"north": { "uv": [ 14, 14, 16, 16 ], "texture": "#texture", "cullface": "north" },
				"south": { "uv": [ 0, 14, 2, 16 ], "texture": "#texture" },
				"west": { "uv": [ 7, 14, 9, 16 ], "texture": "#texture", "cullface": "west" },
				"east": { "uv": [ 7, 14, 9, 16 ], "texture": "#texture" }
			}
		},
		{
			"__comment": "Box34",
			"from": [ 7, 14, 0 ],
			"to": [ 9, 16, 2 ],
			"faces": {
				"down": { "uv": [ 0, 7, 2, 9 ], "texture": "#texture" },
				"up": { "uv": [ 0, 7, 2, 9 ], "texture": "#texture", "cullface": "up" },
				"north": { "uv": [ 14, 14, 16, 16 ], "texture": "#texture", "cullface": "north" },
				"south": { "uv": [ 0, 14, 2, 16 ], "texture": "#texture" },
				"west": { "uv": [ 7, 14, 9, 16 ], "texture": "#texture" },
				"east": { "uv": [ 7, 14, 9, 16 ], "texture": "#texture" }
			}
		},
		{
			"__comment": "Box34",
			"from": [ 14, 7, 0 ],
			"to": [ 16, 9, 2 ],
			"faces": {
				"down": { "uv": [ 0, 7, 2, 9 ], "texture": "#texture" },
				"up": { "uv": [ 0, 7, 2, 9 ], "texture": "#texture" },
				"north": { "uv": [ 14, 14, 16, 16 ], "texture": "#texture", "cullface": "north" },
				"south": { "uv": [ 0, 14, 2, 16 ], "texture": "#texture" },
				"west": { "uv": [ 7, 14, 9, 16 ], "texture": "#texture" },
				"east": { "uv": [ 7, 14, 9, 16 ], "texture": "#texture", "cullface": "east" }
			}
		},
		{
			"__comment": "Box34",
			"from": [ 14, 7, 14 ],
			"to": [ 16, 9, 16 ],
			"faces": {
				"down": { "uv": [ 0, 7, 2, 9 ], "texture": "#texture" },
				"up": { "uv": [ 0, 7, 2, 9 ], "texture": "#texture" },
				"north": { "uv": [ 14, 14, 16, 16 ], "texture": "#texture" },
				"south": { "uv": [ 0, 14, 2, 16 ], "texture": "#texture", "cullface": "south" },
				"west": { "uv": [ 7, 14, 9, 16 ], "texture": "#texture" },
				"east": { "uv": [ 7, 14, 9, 16 ], "texture": "#texture", "cullface": "east" }
			}
		},
		{
			"__comment": "Box34",
			"from": [ 14, 14, 7 ],
			"to": [ 16, 16, 9 ],
			"faces": {
				"down": { "uv": [ 0, 7, 2, 9 ], "texture": "#texture" },
				"up": { "uv": [ 0, 7, 2, 9 ], "texture": "#texture", "cullface": "up" },
				"north": { "uv": [ 14, 14, 16, 16 ], "texture": "#texture" },
				"south": { "uv": [ 0, 14, 2, 16 ], "texture": "#texture" },
				"west": { "uv": [ 7, 14, 9, 16 ], "texture": "#texture" },
				"east": { "uv": [ 7, 14, 9, 16 ], "texture": "#texture", "cullface": "east" }
			}
		},
		{
			"__comment": "Box34",
			"from": [ 0, 14, 7 ],
			"to": [ 2, 16, 9 ],
			"faces": {
				"down": { "uv": [ 0, 7, 2, 9 ], "texture": "#texture" },
				"up": { "uv": [ 0, 7, 2, 9 ], "texture": "#texture", "cullface": "up" },
				"north": { "uv": [ 14, 14, 16, 16 ], "texture": "#texture" },
				"south": { "uv": [ 0, 14, 2, 16 ], "texture": "#texture" },
				"west": { "uv": [ 7, 14, 9, 16 ], "texture": "#texture", "cullface": "west" },
				"east": { "uv": [ 7, 14, 9, 16 ], "texture": "#texture" }
			}
		},
		{
			"__comment": "Box34",
			"from": [ 0, 7, 14 ],
			"to": [ 2, 9, 16 ],
			"faces": {
				"down": { "uv": [ 0, 7, 2, 9 ], "texture": "#texture" },
				"up": { "uv": [ 0, 7, 2, 9 ], "texture": "#texture" },
				"north": { "uv": [ 14, 14, 16, 16 ], "texture": "#texture" },
				"south": { "uv": [ 0, 14, 2, 16 ], "texture": "#texture", "cullface": "south" },
				"west": { "uv": [ 7, 14, 9, 16 ], "texture": "#texture", "cullface": "west" },
				"east": { "uv": [ 7, 14, 9, 16 ], "texture": "#texture" }
			}
		},
		{
			"__comment": "Box34",
			"from": [ 7, 14, 14 ],
			"to": [ 9, 16, 16 ],
			"faces": {
				"down": { "uv": [ 0, 7, 2, 9 ], "texture": "#texture" },
				"up": { "uv": [ 0, 7, 2, 9 ], "texture": "#texture", "cullface": "up" },
				"north": { "uv": [ 14, 14, 16, 16 ], "texture": "#texture" },
				"south": { "uv": [ 0, 14, 2, 16 ], "texture": "#texture", "cullface": "south" },
				"west": { "uv": [ 7, 14, 9, 16 ], "texture": "#texture" },
				"east": { "uv": [ 7, 14, 9, 16 ], "texture": "#texture" }
			}
		},
		{
			"__comment": "Box46",
			"from": [ 6, 15, 4 ],
			"to": [ 10, 15.5, 12 ],
			"faces": {
				"up": { "uv": [ 6, 4, 10, 12 ], "texture": "#texture", "cullface": "up" },
				"north": { "uv": [ 6, 4, 10, 5 ], "texture": "#texture" },
				"south": { "uv": [ 6, 4, 10, 5 ], "texture": "#texture" },
				"west": { "uv": [ 4, 6, 12, 7 ], "texture": "#texture" },
				"east": { "uv": [ 4, 6, 12, 7 ], "texture": "#texture" }
			}
		},
		{
			"__comment": "Box46",
			"from": [ 5, 15, 5 ],
			"to": [ 6, 15.5, 11 ],
			"faces": {
				"up": { "uv": [ 5, 5, 6, 11 ], "texture": "#texture", "cullface": "up" },
				"north": { "uv": [ 6, 4, 7, 5 ], "texture": "#texture" },
				"south": { "uv": [ 6, 4, 7, 5 ], "texture": "#texture" },
				"west": { "uv": [ 5, 5, 11, 6 ], "texture": "#texture" }
			}
		},
		{
			"__comment": "Box46",
			"from": [ 11, 15, 6 ],
			"to": [ 12, 15.5, 10 ],
			"faces": {
				"up": { "uv": [ 11, 6, 12, 10 ], "texture": "#texture", "cullface": "up" },
				"north": { "uv": [ 6, 4, 7, 5 ], "texture": "#texture" },
				"south": { "uv": [ 6, 4, 7, 5 ], "texture": "#texture" },
				"east": { "uv": [ 4, 6, 5, 10 ], "texture": "#texture" }
			}
		},
		{
			"__comment": "Box46",
			"from": [ 10, 15, 5 ],
			"to": [ 11, 15.5, 11 ],
			"faces": {
				"up": { "uv": [ 10, 5, 11, 11 ], "texture": "#texture", "cullface": "up" },
				"north": { "uv": [ 6, 4, 7, 5 ], "texture": "#texture" },
				"south": { "uv": [ 6, 4, 7, 5 ], "texture": "#texture" },
				"east": { "uv": [ 5, 5, 11, 6 ], "texture": "#texture" }
			}
		},
		{
			"__comment": "Box46",
			"from": [ 4, 15, 6 ],
			"to": [ 5, 15.5, 10 ],
			"faces": {
				"up": { "uv": [ 4, 6, 5, 10 ], "texture": "#texture", "cullface": "up" },
				"north": { "uv": [ 6, 4, 7, 5 ], "texture": "#texture" },
				"south": { "uv": [ 6, 4, 7, 5 ], "texture": "#texture" },
				"west": { "uv": [ 4, 6, 5, 10 ], "texture": "#texture" }
			}
		},
		{
			"__comment": "Box46",
			"from": [ 6, 4, 15 ],
			"to": [ 10, 12, 15.5 ],
			"faces": {
				"down": { "uv": [ 10, 5, 6, 4 ], "texture": "#texture" },
				"up": { "uv": [ 6, 4, 10, 5 ], "texture": "#texture" },
				"north": { "uv": [ 10, 12, 6, 4 ], "texture": "#texture", "cullface": "up" },
				"south": { "uv": [ 6, 4, 10, 12 ], "texture": "#texture", "cullface": "south" },
				"west": { "uv": [ 4, 6, 12, 7 ], "texture": "#texture", "rotation": 270 },
				"east": { "uv": [ 4, 6, 12, 7 ], "texture": "#texture", "rotation": 90 }
			}
		},
		{
			"__comment": "Box46",
			"from": [ 5, 5, 15 ],
			"to": [ 6, 11, 15.5 ],
			"faces": {
				"down": { "uv": [ 7, 5, 6, 4 ], "texture": "#texture" },
				"up": { "uv": [ 6, 4, 7, 5 ], "texture": "#texture" },
				"north": { "uv": [ 6, 11, 5, 5 ], "texture": "#texture", "cullface": "up" },
				"south": { "uv": [ 5, 5, 6, 11 ], "texture": "#texture", "cullface": "south" },
				"west": { "uv": [ 5, 5, 11, 6 ], "texture": "#texture", "rotation": 270 },
				"east": { "uv": [ 5, 5, 11, 6 ], "texture": "#texture", "rotation": 90 }
			}
		},
		{
			"__comment": "Box46",
			"from": [ 11, 6, 15 ],
			"to": [ 12, 10, 15.5 ],
			"faces": {
				"down": { "uv": [ 7, 5, 6, 4 ], "texture": "#texture" },
				"up": { "uv": [ 6, 4, 7, 5 ], "texture": "#texture" },
				"north": { "uv": [ 12, 10, 11, 6 ], "texture": "#texture", "cullface": "up" },
				"south": { "uv": [ 4, 6, 5, 10 ], "texture": "#texture", "cullface": "south" },
				"west": { "uv": [ 4, 6, 5, 10 ], "texture": "#texture", "rotation": 270 },
				"east": { "uv": [ 4, 6, 5, 10 ], "texture": "#texture", "rotation": 90 }
			}
		},
		{
			"__comment": "Box46",
			"from": [ 10, 5, 15 ],
			"to": [ 11, 11, 15.5 ],
			"faces": {
				"down": { "uv": [ 7, 5, 6, 4 ], "texture": "#texture" },
				"up": { "uv": [ 6, 4, 7, 5 ], "texture": "#texture" },
				"north": { "uv": [ 11, 11, 10, 5 ], "texture": "#texture", "cullface": "up" },
				"south": { "uv": [ 10, 5, 11, 11 ], "texture": "#texture", "cullface": "south" },
				"west": { "uv": [ 4, 0, 12, 1 ], "texture": "#texture", "rotation": 270 },
				"east": { "uv": [ 5, 5, 11, 6 ], "texture": "#texture", "rotation": 90 }
			}
		},
		{
			"__comment": "Box46",
			"from": [ 4, 6, 15 ],
			"to": [ 5, 10, 15.5 ],
			"faces": {
				"down": { "uv": [ 7, 5, 6, 4 ], "texture": "#texture" },
				"up": { "uv": [ 6, 4, 7, 5 ], "texture": "#texture" },
				"north": { "uv": [ 5, 10, 4, 6 ], "texture": "#texture", "cullface": "up" },
				"south": { "uv": [ 4, 6, 5, 10 ], "texture": "#texture", "cullface": "south" },
				"west": { "uv": [ 4, 6, 5, 10 ], "texture": "#texture", "rotation": 270 },
				"east": { "uv": [ 4, 6, 5, 10 ], "texture": "#texture", "rotation": 90 }
			}
		},
		{
			"__comment": "Box46",
			"from": [ 6, 4, 0.5 ],
			"to": [ 10, 12, 1 ],
			"faces": {
				"down": { "uv": [ 10, 5, 6, 4 ], "texture": "#texture" },
				"up": { "uv": [ 6, 4, 10, 5 ], "texture": "#texture" },
				"north": { "uv": [ 10, 12, 6, 4 ], "texture": "#texture", "cullface": "up", "rotation": 180 },
				"south": { "uv": [ 6, 4, 10, 12 ], "texture": "#texture", "cullface": "south", "rotation": 180 },
				"west": { "uv": [ 4, 6, 12, 7 ], "texture": "#texture", "rotation": 270 },
				"east": { "uv": [ 4, 6, 12, 7 ], "texture": "#texture", "rotation": 90 }
			}
		},
		{
			"__comment": "Box46",
			"from": [ 10, 5, 0.5 ],
			"to": [ 11, 11, 1 ],
			"faces": {
				"down": { "uv": [ 7, 5, 6, 4 ], "texture": "#texture" },
				"up": { "uv": [ 6, 4, 7, 5 ], "texture": "#texture" },
				"north": { "uv": [ 6, 11, 5, 5 ], "texture": "#texture", "cullface": "up", "rotation": 180 },
				"south": { "uv": [ 5, 5, 6, 11 ], "texture": "#texture", "cullface": "south", "rotation": 180 },
				"west": { "uv": [ 5, 5, 11, 6 ], "texture": "#texture", "rotation": 270 },
				"east": { "uv": [ 5, 5, 11, 6 ], "texture": "#texture", "rotation": 90 }
			}
		},
		{
			"__comment": "Box46",
			"from": [ 4, 6, 0.5 ],
			"to": [ 5, 10, 1 ],
			"faces": {
				"down": { "uv": [ 7, 5, 6, 4 ], "texture": "#texture" },
				"up": { "uv": [ 6, 4, 7, 5 ], "texture": "#texture" },
				"north": { "uv": [ 12, 10, 11, 6 ], "texture": "#texture", "cullface": "up", "rotation": 180 },
				"south": { "uv": [ 4, 6, 5, 10 ], "texture": "#texture", "cullface": "south", "rotation": 180 },
				"west": { "uv": [ 4, 6, 5, 10 ], "texture": "#texture", "rotation": 270 },
				"east": { "uv": [ 4, 6, 5, 10 ], "texture": "#texture", "rotation": 90 }
			}
		},
		{
			"__comment": "Box46",
			"from": [ 5, 5, 0.5 ],
			"to": [ 6, 11, 1 ],
			"faces": {
				"down": { "uv": [ 7, 5, 6, 4 ], "texture": "#texture" },
				"up": { "uv": [ 6, 4, 7, 5 ], "texture": "#texture" },
				"north": { "uv": [ 11, 11, 10, 5 ], "texture": "#texture", "cullface": "up", "rotation": 180 },
				"south": { "uv": [ 10, 5, 11, 11 ], "texture": "#texture", "cullface": "south", "rotation": 180 },
				"west": { "uv": [ 5, 5, 11, 6 ], "texture": "#texture", "rotation": 270 },
				"east": { "uv": [ 4, 0, 12, 1 ], "texture": "#texture", "rotation": 90 }
			}
		},
		{
			"__comment": "Box46",
			"from": [ 11, 6, 0.5 ],
			"to": [ 12, 10, 1 ],
			"faces": {
				"down": { "uv": [ 7, 5, 6, 4 ], "texture": "#texture" },
				"up": { "uv": [ 6, 4, 7, 5 ], "texture": "#texture" },
				"north": { "uv": [ 5, 10, 4, 6 ], "texture": "#texture", "cullface": "up", "rotation": 180 },
				"south": { "uv": [ 4, 6, 5, 10 ], "texture": "#texture", "cullface": "south", "rotation": 180 },
				"west": { "uv": [ 4, 6, 5, 10 ], "texture": "#texture", "rotation": 270 },
				"east": { "uv": [ 4, 6, 5, 10 ], "texture": "#texture", "rotation": 90 }
			}
		},
		{
			"__comment": "Box46",
			"from": [ 0.5, 4, 6 ],
			"to": [ 1, 12, 10 ],
			"faces": {
				"down": { "uv": [ 10, 5, 6, 4 ], "texture": "#texture", "rotation": 270 },
				"up": { "uv": [ 6, 4, 10, 5 ], "texture": "#texture", "rotation": 90 },
				"north": { "uv": [ 4, 6, 12, 7 ], "texture": "#texture", "rotation": 270 },
				"south": { "uv": [ 4, 6, 12, 7 ], "texture": "#texture", "rotation": 90 },
				"west": { "uv": [ 6, 4, 10, 12 ], "texture": "#texture", "cullface": "south" },
				"east": { "uv": [ 10, 12, 6, 4 ], "texture": "#texture", "cullface": "up" }
			}
		},
		{
			"__comment": "Box46",
			"from": [ 0.5, 5, 5 ],
			"to": [ 1, 11, 6 ],
			"faces": {
				"down": { "uv": [ 7, 5, 6, 4 ], "texture": "#texture", "rotation": 270 },
				"up": { "uv": [ 6, 4, 7, 5 ], "texture": "#texture", "rotation": 90 },
				"north": { "uv": [ 5, 5, 11, 6 ], "texture": "#texture", "rotation": 270 },
				"south": { "uv": [ 5, 5, 11, 6 ], "texture": "#texture", "rotation": 90 },
				"west": { "uv": [ 5, 5, 6, 11 ], "texture": "#texture", "cullface": "south" },
				"east": { "uv": [ 6, 11, 5, 5 ], "texture": "#texture", "cullface": "up" }
			}
		},
		{
			"__comment": "Box46",
			"from": [ 0.5, 6, 11 ],
			"to": [ 1, 10, 12 ],
			"faces": {
				"down": { "uv": [ 7, 5, 6, 4 ], "texture": "#texture", "rotation": 270 },
				"up": { "uv": [ 6, 4, 7, 5 ], "texture": "#texture", "rotation": 90 },
				"north": { "uv": [ 4, 6, 5, 10 ], "texture": "#texture", "rotation": 270 },
				"south": { "uv": [ 4, 6, 5, 10 ], "texture": "#texture", "rotation": 90 },
				"west": { "uv": [ 4, 6, 5, 10 ], "texture": "#texture", "cullface": "south" },
				"east": { "uv": [ 12, 10, 11, 6 ], "texture": "#texture", "cullface": "up" }
			}
		},
		{
			"__comment": "Box46",
			"from": [ 0.5, 5, 10 ],
			"to": [ 1, 11, 11 ],
			"faces": {
				"down": { "uv": [ 7, 5, 6, 4 ], "texture": "#texture", "rotation": 270 },
				"up": { "uv": [ 6, 4, 7, 5 ], "texture": "#texture", "rotation": 90 },
				"north": { "uv": [ 4, 0, 12, 1 ], "texture": "#texture", "rotation": 270 },
				"south": { "uv": [ 5, 5, 11, 6 ], "texture": "#texture", "rotation": 90 },
				"west": { "uv": [ 10, 5, 11, 11 ], "texture": "#texture", "cullface": "south" },
				"east": { "uv": [ 11, 11, 10, 5 ], "texture": "#texture", "cullface": "up" }
			}
		},
		{
			"__comment": "Box46",
			"from": [ 0.5, 6, 4 ],
			"to": [ 1, 10, 5 ],
			"faces": {
				"down": { "uv": [ 7, 5, 6, 4 ], "texture": "#texture", "rotation": 270 },
				"up": { "uv": [ 6, 4, 7, 5 ], "texture": "#texture", "rotation": 90 },
				"north": { "uv": [ 4, 6, 5, 10 ], "texture": "#texture", "rotation": 270 },
				"south": { "uv": [ 4, 6, 5, 10 ], "texture": "#texture", "rotation": 90 },
				"west": { "uv": [ 4, 6, 5, 10 ], "texture": "#texture", "cullface": "south" },
				"east": { "uv": [ 5, 10, 4, 6 ], "texture": "#texture", "cullface": "up" }
			}
		},
		{
			"__comment": "Box46",
			"from": [ 15, 4, 6 ],
			"to": [ 15.5, 12, 10 ],
			"faces": {
				"down": { "uv": [ 10, 5, 6, 4 ], "texture": "#texture", "rotation": 270 },
				"up": { "uv": [ 6, 4, 10, 5 ], "texture": "#texture", "rotation": 90 },
				"north": { "uv": [ 4, 6, 12, 7 ], "texture": "#texture", "rotation": 270 },
				"south": { "uv": [ 4, 6, 12, 7 ], "texture": "#texture", "rotation": 90 },
				"west": { "uv": [ 6, 4, 10, 12 ], "texture": "#texture", "cullface": "south", "rotation": 180 },
				"east": { "uv": [ 10, 12, 6, 4 ], "texture": "#texture", "cullface": "up", "rotation": 180 }
			}
		},
		{
			"__comment": "Box46",
			"from": [ 15, 5, 10 ],
			"to": [ 15.5, 11, 11 ],
			"faces": {
				"down": { "uv": [ 7, 5, 6, 4 ], "texture": "#texture", "rotation": 270 },
				"up": { "uv": [ 6, 4, 7, 5 ], "texture": "#texture", "rotation": 90 },
				"north": { "uv": [ 5, 5, 11, 6 ], "texture": "#texture", "rotation": 270 },
				"south": { "uv": [ 5, 5, 11, 6 ], "texture": "#texture", "rotation": 90 },
				"west": { "uv": [ 5, 5, 6, 11 ], "texture": "#texture", "cullface": "south", "rotation": 180 },
				"east": { "uv": [ 6, 11, 5, 5 ], "texture": "#texture", "cullface": "up", "rotation": 180 }
			}
		},
		{
			"__comment": "Box46",
			"from": [ 15, 6, 4 ],
			"to": [ 15.5, 10, 5 ],
			"faces": {
				"down": { "uv": [ 7, 5, 6, 4 ], "texture": "#texture", "rotation": 270 },
				"up": { "uv": [ 6, 4, 7, 5 ], "texture": "#texture", "rotation": 90 },
				"north": { "uv": [ 4, 6, 5, 10 ], "texture": "#texture", "rotation": 270 },
				"south": { "uv": [ 4, 6, 5, 10 ], "texture": "#texture", "rotation": 90 },
				"west": { "uv": [ 4, 6, 5, 10 ], "texture": "#texture", "cullface": "south", "rotation": 180 },
				"east": { "uv": [ 12, 10, 11, 6 ], "texture": "#texture", "cullface": "up", "rotation": 180 }
			}
		},
		{
			"__comment": "Box46",
			"from": [ 15, 5, 5 ],
			"to": [ 15.5, 11, 6 ],
			"faces": {
				"down": { "uv": [ 7, 5, 6, 4 ], "texture": "#texture", "rotation": 270 },
				"up": { "uv": [ 6, 4, 7, 5 ], "texture": "#texture", "rotation": 90 },
				"north": { "uv": [ 5, 5, 11, 6 ], "texture": "#texture", "rotation": 270 },
				"south": { "uv": [ 4, 0, 12, 1 ], "texture": "#texture", "rotation": 90 },
				"west": { "uv": [ 10, 5, 11, 11 ], "texture": "#texture", "cullface": "south", "rotation": 180 },
				"east": { "uv": [ 11, 11, 10, 5 ], "texture": "#texture", "cullface": "up", "rotation": 180 }
			}
		},
		{
			"__comment": "Box46",
			"from": [ 15, 6, 11 ],
			"to": [ 15.5, 10, 12 ],
			"faces": {
				"down": { "uv": [ 7, 5, 6, 4 ], "texture": "#texture", "rotation": 270 },
				"up": { "uv": [ 6, 4, 7, 5 ], "texture": "#texture", "rotation": 90 },
				"north": { "uv": [ 4, 6, 5, 10 ], "texture": "#texture", "rotation": 270 },
				"south": { "uv": [ 4, 6, 5, 10 ], "texture": "#texture", "rotation": 90 },
				"west": { "uv": [ 4, 6, 5, 10 ], "texture": "#texture", "cullface": "south", "rotation": 180 },
				"east": { "uv": [ 5, 10, 4, 6 ], "texture": "#texture", "cullface": "up", "rotation": 180 }
			}
		},
		{
			"__comment": "Box46",
			"from": [ 11, 0, 6 ],
			"to": [ 12, 1, 10 ],
			"faces": {
				"down": { "uv": [ 5, 10, 4, 6 ], "texture": "#concrete", "cullface": "south", "rotation": 180 },
				"up": { "uv": [ 12, 10, 11, 6 ], "texture": "#concrete", "cullface": "up", "rotation": 180 },
				"north": { "uv": [ 7, 5, 6, 4 ], "texture": "#concrete", "rotation": 180 },
				"south": { "uv": [ 7, 5, 6, 4 ], "texture": "#concrete", "rotation": 180 },
				"west": { "uv": [ 5, 10, 4, 6 ], "texture": "#concrete", "rotation": 180 },
				"east": { "uv": [ 5, 10, 4, 6 ], "texture": "#concrete", "rotation": 180 }
			}
		},
		{
			"__comment": "Box46",
			"from": [ 10, 0, 5 ],
			"to": [ 11, 1, 11 ],
			"faces": {
				"down": { "uv": [ 11, 11, 10, 5 ], "texture": "#concrete", "cullface": "south", "rotation": 180 },
				"up": { "uv": [ 11, 11, 10, 5 ], "texture": "#concrete", "cullface": "up", "rotation": 180 },
				"north": { "uv": [ 7, 5, 6, 4 ], "texture": "#concrete", "rotation": 180 },
				"south": { "uv": [ 7, 5, 6, 4 ], "texture": "#concrete", "rotation": 180 },
				"west": { "uv": [ 12, 1, 4, 0 ], "texture": "#concrete", "rotation": 180 },
				"east": { "uv": [ 11, 6, 5, 5 ], "texture": "#concrete", "rotation": 180 }
			}
		},
		{
			"__comment": "Box46",
			"from": [ 6, 0, 4 ],
			"to": [ 10, 1, 12 ],
			"faces": {
				"down": { "uv": [ 10, 12, 6, 4 ], "texture": "#concrete", "cullface": "south", "rotation": 180 },
				"up": { "uv": [ 10, 12, 6, 4 ], "texture": "#concrete", "cullface": "up", "rotation": 180 },
				"north": { "uv": [ 10, 5, 6, 4 ], "texture": "#concrete", "rotation": 180 },
				"south": { "uv": [ 10, 5, 6, 4 ], "texture": "#concrete", "rotation": 180 },
				"west": { "uv": [ 12, 7, 4, 6 ], "texture": "#concrete", "rotation": 180 },
				"east": { "uv": [ 12, 7, 4, 6 ], "texture": "#concrete", "rotation": 180 }
			}
		},
		{
			"__comment": "Box46",
			"from": [ 5, 0, 5 ],
			"to": [ 6, 1, 11 ],
			"faces": {
				"down": { "uv": [ 6, 11, 5, 5 ], "texture": "#concrete", "cullface": "south", "rotation": 180 },
				"up": { "uv": [ 6, 11, 5, 5 ], "texture": "#concrete", "cullface": "up", "rotation": 180 },
				"north": { "uv": [ 7, 5, 6, 4 ], "texture": "#concrete", "rotation": 180 },
				"south": { "uv": [ 7, 5, 6, 4 ], "texture": "#concrete", "rotation": 180 },
				"west": { "uv": [ 11, 6, 5, 5 ], "texture": "#concrete", "rotation": 180 },
				"east": { "uv": [ 11, 6, 5, 5 ], "texture": "#concrete", "rotation": 180 }
			}
		},
		{
			"__comment": "Box46",
			"from": [ 4, 0, 6 ],
			"to": [ 5, 1, 10 ],
			"faces": {
				"down": { "uv": [ 5, 10, 4, 6 ], "texture": "#concrete", "cullface": "south", "rotation": 180 },
				"up": { "uv": [ 5, 10, 4, 6 ], "texture": "#concrete", "cullface": "up", "rotation": 180 },
				"north": { "uv": [ 7, 5, 6, 4 ], "texture": "#concrete", "rotation": 180 },
				"south": { "uv": [ 7, 5, 6, 4 ], "texture": "#concrete", "rotation": 180 },
				"west": { "uv": [ 5, 10, 4, 6 ], "texture": "#concrete", "rotation": 180 },
				"east": { "uv": [ 5, 10, 4, 6 ], "texture": "#concrete", "rotation": 180 }
			}
		},
		{
			"__comment": "Box76",
			"from": [ 7, -6, 7 ],
			"to": [ 9, 0, 9 ],
			"faces": {
				"down": { "uv": [ 7, 7, 9, 9 ], "texture": "#concrete" },
				"up": { "uv": [ 7, 7, 9, 9 ], "texture": "#concrete" },
				"north": { "uv": [ 7, 0, 9, 6 ], "texture": "#concrete" },
				"south": { "uv": [ 7, 0, 9, 6 ], "texture": "#concrete" },
				"west": { "uv": [ 7, 0, 9, 6 ], "texture": "#concrete" },
				"east": { "uv": [ 7, 0, 9, 6 ], "texture": "#concrete" }
			}
		}
	],
	"display": {
		"head": {
			"translation":  [ 0, -15, 0 ],
			"scale":  [ 0.8, 0.8, 0.8 ]
		}
	}
}