{
	"__comment": "Maded by PhilippOph; Created for PixelPack by PhilippOph",
	"textures": {
		"particle": "minecraft:block/flower_pot",
		"texture": "minecraft:block/flower_pot",
		"dirt": "minecraft:block/dirt",
		"leaves": "buildmodeone:3d_editor/models/plant1",
		"oak": "minecraft:block/oak_log"
	},
	"elements": [ 	 
		{
			"__comment": "Box3",
			"from": [ 5, 5, 5 ],
			"to": [ 10, 6, 6 ],
			"faces": {
				"up": { "uv": [ 5, 5, 10, 6 ], "texture": "#texture" },
				"north": { "uv": [ 6, 10, 11, 11 ], "texture": "#texture" },
				"south": { "uv": [ 5, 10, 10, 11 ], "texture": "#texture" },
				"west": { "uv": [ 5, 10, 6, 11 ], "texture": "#texture" }
			}
		},
		{
			"__comment": "Box3",
			"from": [ 6, 5, 10 ],
			"to": [ 11, 6, 11 ],
			"faces": {
				"up": { "uv": [ 5, 5, 10, 6 ], "texture": "#texture" },
				"north": { "uv": [ 6, 10, 11, 11 ], "texture": "#texture" },
				"south": { "uv": [ 5, 10, 10, 11 ], "texture": "#texture" },
				"east": { "uv": [ 10, 10, 11, 11 ], "texture": "#texture" }
			}
		},
		{
			"__comment": "Box3",
			"from": [ 5, 5, 6 ],
			"to": [ 6, 6, 11 ],
			"faces": {
				"up": { "uv": [ 5, 5, 10, 6 ], "texture": "#texture", "rotation": 90 },
				"south": { "uv": [ 5, 10, 6, 11 ], "texture": "#texture" },
				"west": { "uv": [ 5, 10, 10, 11 ], "texture": "#texture" },
				"east": { "uv": [ 5, 10, 10, 11 ], "texture": "#texture" }
			}
		},
		{
			"__comment": "Box3",
			"from": [ 10, 5, 5 ],
			"to": [ 11, 6, 10 ],
			"faces": {
				"up": { "uv": [ 5, 5, 10, 6 ], "texture": "#texture", "rotation": 90 },
				"north": { "uv": [ 5, 10, 6, 11 ], "texture": "#texture" },
				"west": { "uv": [ 5, 10, 10, 11 ], "texture": "#texture" },
				"east": { "uv": [ 5, 10, 10, 11 ], "texture": "#texture" }
			}
		},
		{
			"__comment": "Voxels-441100",
			"from": [ 1, 10, 12 ],
			"to": [ 4, 11, 13 ],
			"faces": {
				"down": { "uv": [ 1, 3, 4, 4 ], "texture": "#oak" },
				"north": { "uv": [ 12, 5, 15, 6 ], "texture": "#oak" },
				"south": { "uv": [ 1, 5, 4, 6 ], "texture": "#oak" },
				"west": { "uv": [ 12, 5, 13, 6 ], "texture": "#oak" }
			}
		},
		{
			"__comment": "Voxels-004400",
			"from": [ 2, 12, 12 ],
			"to": [ 4, 13, 13 ],
			"faces": {
				"up": { "uv": [ 2, 12, 4, 13 ], "texture": "#leaves" },
				"north": { "uv": [ 4, 3, 2, 4 ], "texture": "#leaves" },
				"south": { "uv": [ 2, 3, 4, 4 ], "texture": "#leaves" },
				"east": { "uv": [ 13, 3, 12, 4 ], "texture": "#leaves" }
			}
		},
		{
			"__comment": "Voxels-004400",
			"from": [ 2, 12, 13 ],
			"to": [ 3, 13, 14 ],
			"faces": {
				"up": { "uv": [ 2, 13, 3, 14 ], "texture": "#leaves" },
				"south": { "uv": [ 2, 3, 3, 4 ], "texture": "#leaves" },
				"east": { "uv": [ 14, 3, 13, 4 ], "texture": "#leaves" }
			}
		},
		{
			"__comment": "Voxels-441100",
			"from": [ 3, 9, 11 ],
			"to": [ 5, 10, 12 ],
			"faces": {
				"down": { "uv": [ 3, 4, 5, 5 ], "texture": "#oak" },
				"up": { "uv": [ 3, 11, 5, 12 ], "texture": "#oak" },
				"north": { "uv": [ 11, 6, 13, 7 ], "texture": "#oak" },
				"south": { "uv": [ 3, 6, 5, 7 ], "texture": "#oak" },
				"west": { "uv": [ 11, 6, 12, 7 ], "texture": "#oak" },
				"east": { "uv": [ 4, 6, 5, 7 ], "texture": "#oak" }
			}
		},
		{
			"__comment": "Voxels-004400",
			"from": [ 3, 10, 0 ],
			"to": [ 4, 11, 1 ],
			"faces": {
				"down": { "uv": [ 3, 15, 4, 16 ], "texture": "#leaves" },
				"north": { "uv": [ 12, 5, 13, 6 ], "texture": "#leaves", "cullface": "north" },
				"south": { "uv": [ 3, 5, 4, 6 ], "texture": "#leaves" },
				"west": { "uv": [ 0, 5, 1, 6 ], "texture": "#leaves" },
				"east": { "uv": [ 15, 5, 16, 6 ], "texture": "#leaves" }
			}
		},
		{
			"__comment": "Voxels-441100",
			"from": [ 3, 10, 2 ],
			"to": [ 4, 11, 4 ],
			"faces": {
				"down": { "uv": [ 3, 12, 4, 14 ], "texture": "#oak" },
				"up": { "uv": [ 3, 2, 4, 4 ], "texture": "#oak" },
				"north": { "uv": [ 12, 5, 13, 6 ], "texture": "#oak" },
				"west": { "uv": [ 2, 5, 4, 6 ], "texture": "#oak" },
				"east": { "uv": [ 12, 5, 14, 6 ], "texture": "#oak" }
			}
		},
		{
			"__comment": "Voxels-441100",
			"from": [ 3, 10, 11 ],
			"to": [ 4, 11, 12 ],
			"faces": {
				"north": { "uv": [ 12, 5, 13, 6 ], "texture": "#oak" },
				"west": { "uv": [ 11, 5, 12, 6 ], "texture": "#oak" },
				"east": { "uv": [ 4, 5, 5, 6 ], "texture": "#oak" }
			}
		},
		{
			"__comment": "Voxels-441100",
			"from": [ 3, 11, 1 ],
			"to": [ 4, 12, 2 ],
			"faces": {
				"down": { "uv": [ 3, 14, 4, 15 ], "texture": "#oak" }
			}
		},
		{
			"__comment": "Voxels-441100",
			"from": [ 4, 9, 7 ],
			"to": [ 7, 10, 9 ],
			"faces": {
				"down": { "uv": [ 4, 7, 7, 9 ], "texture": "#oak" },
				"up": { "uv": [ 4, 7, 7, 9 ], "texture": "#oak" },
				"north": { "uv": [ 9, 6, 12, 7 ], "texture": "#oak" },
				"south": { "uv": [ 4, 6, 7, 7 ], "texture": "#oak" },
				"west": { "uv": [ 7, 6, 9, 7 ], "texture": "#oak" },
				"east": { "uv": [ 7, 6, 9, 7 ], "texture": "#oak" }
			}
		},
		{
			"__comment": "Voxels-441100",
			"from": [ 4, 9, 10 ],
			"to": [ 6, 10, 11 ],
			"faces": {
				"down": { "uv": [ 4, 5, 6, 6 ], "texture": "#oak" },
				"up": { "uv": [ 4, 10, 6, 11 ], "texture": "#oak" },
				"north": { "uv": [ 10, 6, 12, 7 ], "texture": "#oak" },
				"south": { "uv": [ 4, 6, 6, 7 ], "texture": "#oak" },
				"west": { "uv": [ 10, 6, 11, 7 ], "texture": "#oak" },
				"east": { "uv": [ 5, 6, 6, 7 ], "texture": "#oak" }
			}
		},
		{
			"__comment": "Voxels-441100",
			"from": [ 4, 10, 3 ],
			"to": [ 5, 11, 6 ],
			"faces": {
				"down": { "uv": [ 4, 10, 5, 13 ], "texture": "#oak" },
				"up": { "uv": [ 4, 3, 5, 6 ], "texture": "#oak" },
				"north": { "uv": [ 11, 5, 12, 6 ], "texture": "#oak" },
				"south": { "uv": [ 4, 5, 5, 6 ], "texture": "#oak" },
				"west": { "uv": [ 3, 5, 6, 6 ], "texture": "#oak" },
				"east": { "uv": [ 10, 5, 13, 6 ], "texture": "#oak" }
			}
		},
		{
			"__comment": "Voxels-441100",
			"from": [ 4, 10, 7 ],
			"to": [ 6, 12, 9 ],
			"faces": {
				"up": { "uv": [ 4, 7, 6, 9 ], "texture": "#oak" },
				"north": { "uv": [ 10, 4, 12, 6 ], "texture": "#oak" },
				"south": { "uv": [ 4, 4, 6, 6 ], "texture": "#oak" },
				"west": { "uv": [ 7, 4, 9, 6 ], "texture": "#oak" },
				"east": { "uv": [ 7, 4, 9, 6 ], "texture": "#oak" }
			}
		},
		{
			"__comment": "Voxels-004400",
			"from": [ 4, 12, 0 ],
			"to": [ 5, 13, 1 ],
			"faces": {
				"up": { "uv": [ 4, 0, 5, 1 ], "texture": "#leaves" },
				"north": { "uv": [ 11, 3, 12, 4 ], "texture": "#leaves", "cullface": "north" },
				"west": { "uv": [ 0, 3, 1, 4 ], "texture": "#leaves" },
				"east": { "uv": [ 15, 3, 16, 4 ], "texture": "#leaves" }
			}
		},
		{
			"__comment": "Voxels-004400",
			"from": [ 4, 13, 1 ],
			"to": [ 5, 14, 2 ],
			"faces": {
				"up": { "uv": [ 4, 1, 5, 2 ], "texture": "#leaves" },
				"north": { "uv": [ 11, 2, 12, 3 ], "texture": "#leaves" },
				"west": { "uv": [ 1, 2, 2, 3 ], "texture": "#leaves" },
				"east": { "uv": [ 14, 2, 15, 3 ], "texture": "#leaves" }
			}
		},
		{
			"__comment": "Voxels-004400",
			"from": [ 4, 15, 8 ],
			"to": [ 5, 17, 9 ],
			"faces": {
				"down": { "uv": [ 4, 7, 5, 8 ], "texture": "#leaves", "cullface": "up" },
				"up": { "uv": [ 4, 8, 5, 9 ], "texture": "#leaves", "cullface": "up" },
				"north": { "uv": [ 11, 0, 12, 1 ], "texture": "#leaves", "cullface": "up" },
				"south": { "uv": [ 4, 0, 5, 1 ], "texture": "#leaves", "cullface": "up" },
				"west": { "uv": [ 8, 0, 9, 1 ], "texture": "#leaves", "cullface": "up" },
				"east": { "uv": [ 7, 0, 8, 1 ], "texture": "#leaves", "cullface": "up" }
			}
		},
		{
			"__comment": "Voxels-441100",
			"from": [ 4, 15, 10 ],
			"to": [ 6, 16, 11 ],
			"faces": {
				"down": { "uv": [ 4, 5, 6, 6 ], "texture": "#oak" },
				"up": { "uv": [ 4, 10, 6, 11 ], "texture": "#oak", "cullface": "up" },
				"north": { "uv": [ 10, 0, 12, 1 ], "texture": "#oak" },
				"south": { "uv": [ 4, 0, 6, 1 ], "texture": "#oak" },
				"east": { "uv": [ 5, 0, 6, 1 ], "texture": "#oak" }
			}
		},
		{
			"__comment": "Voxels-004400",
			"from": [ 4, 17, 6 ],
			"to": [ 7, 18, 7 ],
			"faces": {
				"down": { "uv": [ 4, 9, 7, 10 ], "texture": "#oak", "cullface": "up" },
				"up": { "uv": [ 4, 6, 7, 7 ], "texture": "#oak", "cullface": "up" },
				"south": { "uv": [ 4, 14, 7, 15 ], "texture": "#oak", "cullface": "up" },
				"east": { "uv": [ 9, 14, 10, 15 ], "texture": "#oak", "cullface": "up" }
			}
		},
		{
			"__comment": "Voxels-441100",
			"from": [ 5, 7, 7 ],
			"to": [ 8, 8, 9 ],
			"faces": {
				"down": { "uv": [ 5, 7, 8, 9 ], "texture": "#oak" },
				"up": { "uv": [ 5, 7, 8, 9 ], "texture": "#oak" },
				"north": { "uv": [ 8, 8, 11, 9 ], "texture": "#oak" },
				"south": { "uv": [ 5, 8, 8, 9 ], "texture": "#oak" },
				"west": { "uv": [ 7, 8, 9, 9 ], "texture": "#oak" },
				"east": { "uv": [ 7, 8, 9, 9 ], "texture": "#oak" }
			}
		},
		{
			"__comment": "Voxels-441100",
			"from": [ 5, 8, 7 ],
			"to": [ 7, 9, 9 ],
			"faces": {
				"north": { "uv": [ 9, 7, 11, 8 ], "texture": "#oak" },
				"south": { "uv": [ 5, 7, 7, 8 ], "texture": "#oak" },
				"west": { "uv": [ 7, 7, 9, 8 ], "texture": "#oak" },
				"east": { "uv": [ 7, 7, 9, 8 ], "texture": "#oak" }
			}
		},
		{
			"__comment": "Voxels-441100",
			"from": [ 5, 9, 5 ],
			"to": [ 6, 11, 6 ],
			"faces": {
				"down": { "uv": [ 5, 10, 6, 11 ], "texture": "#oak" },
				"up": { "uv": [ 5, 5, 6, 6 ], "texture": "#oak" },
				"north": { "uv": [ 10, 5, 11, 7 ], "texture": "#oak" },
				"south": { "uv": [ 5, 5, 6, 7 ], "texture": "#oak" },
				"west": { "uv": [ 5, 5, 6, 7 ], "texture": "#oak" },
				"east": { "uv": [ 10, 5, 11, 7 ], "texture": "#oak" }
			}
		},
		{
			"__comment": "Voxels-441100",
			"from": [ 5, 9, 6 ],
			"to": [ 6, 10, 7 ],
			"faces": {
				"down": { "uv": [ 5, 9, 6, 10 ], "texture": "#oak" },
				"up": { "uv": [ 5, 6, 6, 7 ], "texture": "#oak" },
				"west": { "uv": [ 6, 6, 7, 7 ], "texture": "#oak" },
				"east": { "uv": [ 9, 6, 10, 7 ], "texture": "#oak" }
			}
		},
		{
			"__comment": "Voxels-441100",
			"from": [ 5, 9, 9 ],
			"to": [ 6, 10, 10 ],
			"faces": {
				"down": { "uv": [ 5, 6, 6, 7 ], "texture": "#oak" },
				"up": { "uv": [ 5, 9, 6, 10 ], "texture": "#oak" },
				"west": { "uv": [ 9, 6, 10, 7 ], "texture": "#oak" },
				"east": { "uv": [ 6, 6, 7, 7 ], "texture": "#oak" }
			}
		},
		{
			"__comment": "Voxels-441100",
			"from": [ 5, 12, 7 ],
			"to": [ 8, 13, 9 ],
			"faces": {
				"down": { "uv": [ 5, 7, 8, 9 ], "texture": "#oak" },
				"up": { "uv": [ 5, 7, 8, 9 ], "texture": "#oak" },
				"north": { "uv": [ 8, 3, 11, 4 ], "texture": "#oak" },
				"south": { "uv": [ 5, 3, 8, 4 ], "texture": "#oak" },
				"west": { "uv": [ 7, 3, 9, 4 ], "texture": "#oak" },
				"east": { "uv": [ 7, 3, 9, 4 ], "texture": "#oak" }
			}
		},
		{
			"__comment": "Voxels-441100",
			"from": [ 5, 15, 9 ],
			"to": [ 7, 16, 10 ],
			"faces": {
				"down": { "uv": [ 5, 6, 7, 7 ], "texture": "#oak" },
				"up": { "uv": [ 5, 9, 7, 10 ], "texture": "#oak", "cullface": "up" },
				"north": { "uv": [ 9, 0, 11, 1 ], "texture": "#oak" },
				"south": { "uv": [ 5, 0, 7, 1 ], "texture": "#oak" },
				"west": { "uv": [ 9, 0, 10, 1 ], "texture": "#oak" },
				"east": { "uv": [ 6, 0, 7, 1 ], "texture": "#oak" }
			}
		},
		{
			"__comment": "Voxels-441100",
			"from": [ 5, 16, 5 ],
			"to": [ 6, 17, 8 ],
			"faces": {
				"down": { "uv": [ 5, 8, 6, 11 ], "texture": "#oak", "cullface": "up" },
				"up": { "uv": [ 5, 5, 6, 8 ], "texture": "#oak", "cullface": "up" },
				"north": { "uv": [ 10, 15, 11, 16 ], "texture": "#oak", "cullface": "up" },
				"south": { "uv": [ 5, 15, 6, 16 ], "texture": "#oak", "cullface": "up" },
				"west": { "uv": [ 5, 15, 8, 16 ], "texture": "#oak", "cullface": "up" },
				"east": { "uv": [ 8, 15, 11, 16 ], "texture": "#oak", "cullface": "up" }
			}
		},
		{
			"__comment": "Voxels-004400",
			"from": [ 5, 16, 10 ],
			"to": [ 6, 17, 11 ],
			"faces": {
				"up": { "uv": [ 5, 10, 6, 11 ], "texture": "#leaves", "cullface": "up" },
				"east": { "uv": [ 5, 15, 6, 16 ], "texture": "#leaves", "cullface": "up" }
			}
		},
		{
			"__comment": "Voxels-441100",
			"from": [ 6, 6, 7 ],
			"to": [ 9, 7, 9 ],
			"faces": {
				"down": { "uv": [ 6, 7, 9, 9 ], "texture": "#oak" },
				"up": { "uv": [ 6, 7, 9, 9 ], "texture": "#oak" },
				"north": { "uv": [ 7, 9, 10, 10 ], "texture": "#oak" },
				"south": { "uv": [ 6, 9, 9, 10 ], "texture": "#oak" },
				"west": { "uv": [ 7, 9, 9, 10 ], "texture": "#oak" },
				"east": { "uv": [ 7, 9, 9, 10 ], "texture": "#oak" }
			}
		},
		{
			"__comment": "Voxels-441100",
			"from": [ 6, 11, 7 ],
			"to": [ 7, 12, 9 ],
			"faces": {
				"down": { "uv": [ 6, 7, 7, 9 ], "texture": "#oak" },
				"north": { "uv": [ 9, 4, 10, 5 ], "texture": "#oak" },
				"south": { "uv": [ 6, 4, 7, 5 ], "texture": "#oak" },
				"east": { "uv": [ 7, 4, 9, 5 ], "texture": "#oak" }
			}
		},
		{
			"__comment": "Voxels-441100",
			"from": [ 6, 13, 7 ],
			"to": [ 9, 14, 9 ],
			"faces": {
				"down": { "uv": [ 6, 7, 9, 9 ], "texture": "#oak" },
				"up": { "uv": [ 6, 7, 9, 9 ], "texture": "#oak" },
				"north": { "uv": [ 7, 2, 10, 3 ], "texture": "#oak" },
				"south": { "uv": [ 6, 2, 9, 3 ], "texture": "#oak" },
				"west": { "uv": [ 7, 2, 9, 3 ], "texture": "#oak" },
				"east": { "uv": [ 7, 2, 9, 3 ], "texture": "#oak" }
			}
		},
		{
			"__comment": "Voxels-441100",
			"from": [ 6, 15, 7 ],
			"to": [ 9, 16, 9 ],
			"faces": {
				"down": { "uv": [ 6, 7, 9, 9 ], "texture": "#oak" },
				"up": { "uv": [ 6, 7, 9, 9 ], "texture": "#oak", "cullface": "up" },
				"north": { "uv": [ 7, 0, 10, 1 ], "texture": "#oak" },
				"south": { "uv": [ 6, 0, 9, 1 ], "texture": "#oak" },
				"west": { "uv": [ 7, 0, 9, 1 ], "texture": "#oak" },
				"east": { "uv": [ 7, 0, 9, 1 ], "texture": "#oak" }
			}
		},
		{
			"__comment": "Voxels-004400",
			"from": [ 6, 16, 6 ],
			"to": [ 7, 17, 7 ],
			"faces": {
				"down": { "uv": [ 6, 9, 7, 10 ], "texture": "#oak", "cullface": "up" },
				"north": { "uv": [ 9, 15, 10, 16 ], "texture": "#oak", "cullface": "up" },
				"east": { "uv": [ 9, 15, 10, 16 ], "texture": "#oak", "cullface": "up" }
			}
		},
		{
			"__comment": "Voxels-441100",
			"from": [ 6, 16, 7 ],
			"to": [ 8, 17, 9 ],
			"faces": {
				"up": { "uv": [ 6, 7, 8, 9 ], "texture": "#oak", "cullface": "up" },
				"north": { "uv": [ 8, 15, 10, 16 ], "texture": "#oak", "cullface": "up" },
				"south": { "uv": [ 6, 15, 8, 16 ], "texture": "#oak", "cullface": "up" },
				"west": { "uv": [ 7, 15, 9, 16 ], "texture": "#oak", "cullface": "up" },
				"east": { "uv": [ 7, 15, 9, 16 ], "texture": "#oak", "cullface": "up" }
			}
		},
		{
			"__comment": "Voxels-441100",
			"from": [ 7, 5, 7 ],
			"to": [ 9, 6, 9 ],
			"faces": {
				"north": { "uv": [ 7, 10, 9, 11 ], "texture": "#oak" },
				"south": { "uv": [ 7, 10, 9, 11 ], "texture": "#oak" },
				"west": { "uv": [ 7, 10, 9, 11 ], "texture": "#oak" },
				"east": { "uv": [ 7, 10, 9, 11 ], "texture": "#oak" }
			}
		},
		{
			"__comment": "Voxels-441100",
			"from": [ 7, 14, 5 ],
			"to": [ 9, 15, 6 ],
			"faces": {
				"down": { "uv": [ 7, 10, 9, 11 ], "texture": "#oak" },
				"up": { "uv": [ 7, 5, 9, 6 ], "texture": "#oak" },
				"north": { "uv": [ 7, 1, 9, 2 ], "texture": "#oak" },
				"south": { "uv": [ 7, 1, 9, 2 ], "texture": "#oak" },
				"west": { "uv": [ 5, 1, 6, 2 ], "texture": "#oak" },
				"east": { "uv": [ 10, 1, 11, 2 ], "texture": "#oak" }
			}
		},
		{
			"__comment": "Voxels-441100",
			"from": [ 7, 14, 6 ],
			"to": [ 8, 15, 9 ],
			"faces": {
				"down": { "uv": [ 7, 7, 8, 10 ], "texture": "#oak" },
				"up": { "uv": [ 7, 6, 8, 9 ], "texture": "#oak" },
				"south": { "uv": [ 7, 1, 8, 2 ], "texture": "#oak" },
				"west": { "uv": [ 6, 1, 9, 2 ], "texture": "#oak" },
				"east": { "uv": [ 7, 1, 10, 2 ], "texture": "#oak" }
			}
		},
		{
			"__comment": "Voxels-441100",
			"from": [ 7, 17, 7 ],
			"to": [ 8, 18, 9 ],
			"faces": {
				"north": { "uv": [ 8, 14, 9, 15 ], "texture": "#oak", "cullface": "up" },
				"south": { "uv": [ 7, 14, 8, 15 ], "texture": "#oak", "cullface": "up" },
				"west": { "uv": [ 7, 14, 9, 15 ], "texture": "#oak", "cullface": "up" },
				"east": { "uv": [ 7, 14, 9, 15 ], "texture": "#oak", "cullface": "up" }
			}
		},
		{
			"__comment": "Voxels-441100",
			"from": [ 8, 5, 9 ],
			"to": [ 10, 6, 10 ],
			"faces": {
				"up": { "uv": [ 8, 9, 10, 10 ], "texture": "#oak" },
				"north": { "uv": [ 6, 10, 8, 11 ], "texture": "#oak" },
				"west": { "uv": [ 9, 10, 10, 11 ], "texture": "#oak" }
			}
		},
		{
			"__comment": "Voxels-441100",
			"from": [ 8, 14, 4 ],
			"to": [ 10, 15, 5 ],
			"faces": {
				"down": { "uv": [ 8, 11, 10, 12 ], "texture": "#oak" },
				"up": { "uv": [ 8, 4, 10, 5 ], "texture": "#oak" },
				"north": { "uv": [ 6, 1, 8, 2 ], "texture": "#oak" },
				"south": { "uv": [ 8, 1, 10, 2 ], "texture": "#oak" },
				"west": { "uv": [ 4, 1, 5, 2 ], "texture": "#oak" }
			}
		},
		{
			"__comment": "Voxels-441100",
			"from": [ 8, 14, 7 ],
			"to": [ 9, 15, 9 ],
			"faces": {
				"north": { "uv": [ 7, 1, 8, 2 ], "texture": "#oak" },
				"south": { "uv": [ 8, 1, 9, 2 ], "texture": "#oak" },
				"east": { "uv": [ 7, 1, 9, 2 ], "texture": "#oak" }
			}
		},
		{
			"__comment": "Voxels-441100",
			"from": [ 8, 17, 8 ],
			"to": [ 9, 18, 10 ],
			"faces": {
				"down": { "uv": [ 8, 6, 9, 8 ], "texture": "#oak", "cullface": "up" },
				"up": { "uv": [ 8, 8, 9, 10 ], "texture": "#oak", "cullface": "up" },
				"north": { "uv": [ 7, 14, 8, 15 ], "texture": "#oak", "cullface": "up" },
				"south": { "uv": [ 8, 14, 9, 15 ], "texture": "#oak", "cullface": "up" },
				"west": { "uv": [ 8, 14, 10, 15 ], "texture": "#oak", "cullface": "up" },
				"east": { "uv": [ 6, 14, 8, 15 ], "texture": "#oak", "cullface": "up" }
			}
		},
		{
			"__comment": "Voxels-441100",
			"from": [ 9, 5, 8 ],
			"to": [ 10, 6, 9 ],
			"faces": {
				"up": { "uv": [ 9, 8, 10, 9 ], "texture": "#oak" },
				"north": { "uv": [ 6, 10, 7, 11 ], "texture": "#oak" }
			}
		},
		{
			"__comment": "Voxels-441100",
			"from": [ 9, 13, 8 ],
			"to": [ 10, 14, 10 ],
			"faces": {
				"down": { "uv": [ 9, 6, 10, 8 ], "texture": "#oak" },
				"up": { "uv": [ 9, 8, 10, 10 ], "texture": "#oak" },
				"north": { "uv": [ 6, 2, 7, 3 ], "texture": "#oak" },
				"south": { "uv": [ 9, 2, 10, 3 ], "texture": "#oak" },
				"west": { "uv": [ 8, 2, 10, 3 ], "texture": "#oak" },
				"east": { "uv": [ 6, 2, 8, 3 ], "texture": "#oak" }
			}
		},
		{
			"__comment": "Voxels-441100",
			"from": [ 9, 17, 9 ],
			"to": [ 10, 19, 10 ],
			"faces": {
				"down": { "uv": [ 9, 6, 10, 7 ], "texture": "#oak", "cullface": "up" },
				"north": { "uv": [ 6, 13, 7, 15 ], "texture": "#oak", "cullface": "up" },
				"south": { "uv": [ 9, 13, 10, 15 ], "texture": "#oak", "cullface": "up" },
				"west": { "uv": [ 9, 13, 10, 15 ], "texture": "#oak", "cullface": "up" }
			}
		},
		{
			"__comment": "Voxels-441100",
			"from": [ 10, 12, 9 ],
			"to": [ 11, 14, 10 ],
			"faces": {
				"down": { "uv": [ 10, 6, 11, 7 ], "texture": "#oak" },
				"up": { "uv": [ 10, 9, 11, 10 ], "texture": "#oak" },
				"north": { "uv": [ 5, 2, 6, 4 ], "texture": "#oak" },
				"south": { "uv": [ 10, 2, 11, 4 ], "texture": "#oak" },
				"west": { "uv": [ 9, 2, 10, 4 ], "texture": "#oak" },
				"east": { "uv": [ 6, 2, 7, 4 ], "texture": "#oak" }
			}
		},
		{
			"__comment": "Voxels-441100",
			"from": [ 10, 12, 10 ],
			"to": [ 12, 13, 11 ],
			"faces": {
				"down": { "uv": [ 10, 5, 12, 6 ], "texture": "#oak" },
				"north": { "uv": [ 4, 3, 6, 4 ], "texture": "#oak" },
				"south": { "uv": [ 10, 3, 12, 4 ], "texture": "#oak" },
				"west": { "uv": [ 10, 3, 11, 4 ], "texture": "#oak" },
				"east": { "uv": [ 5, 3, 6, 4 ], "texture": "#oak" }
			}
		},
		{
			"__comment": "Voxels-004400",
			"from": [ 10, 15, 14 ],
			"to": [ 11, 16, 15 ],
			"faces": {
				"up": { "uv": [ 10, 14, 11, 15 ], "texture": "#leaves", "cullface": "up" },
				"south": { "uv": [ 10, 0, 11, 1 ], "texture": "#leaves" },
				"west": { "uv": [ 14, 0, 15, 1 ], "texture": "#leaves" },
				"east": { "uv": [ 1, 0, 2, 1 ], "texture": "#leaves" }
			}
		},
		{
			"__comment": "Voxels-004400",
			"from": [ 10, 16, 10 ],
			"to": [ 11, 18, 11 ],
			"faces": {
				"down": { "uv": [ 10, 5, 11, 6 ], "texture": "#leaves", "cullface": "up" },
				"north": { "uv": [ 5, 14, 6, 16 ], "texture": "#leaves", "cullface": "up" },
				"south": { "uv": [ 10, 14, 11, 16 ], "texture": "#leaves", "cullface": "up" },
				"west": { "uv": [ 10, 14, 11, 16 ], "texture": "#leaves", "cullface": "up" },
				"east": { "uv": [ 5, 14, 6, 16 ], "texture": "#leaves", "cullface": "up" }
			}
		},
		{
			"__comment": "Voxels-441100",
			"from": [ 11, 12, 11 ],
			"to": [ 12, 14, 12 ],
			"faces": {
				"down": { "uv": [ 11, 4, 12, 5 ], "texture": "#oak" },
				"north": { "uv": [ 4, 2, 5, 4 ], "texture": "#oak" },
				"south": { "uv": [ 11, 2, 12, 4 ], "texture": "#oak" },
				"west": { "uv": [ 11, 2, 12, 4 ], "texture": "#oak" },
				"east": { "uv": [ 4, 2, 5, 4 ], "texture": "#oak" }
			}
		},
		{
			"__comment": "Voxels-441100",
			"from": [ 11, 13, 12 ],
			"to": [ 12, 14, 13 ],
			"faces": {
				"down": { "uv": [ 11, 3, 12, 4 ], "texture": "#oak" },
				"south": { "uv": [ 11, 2, 12, 3 ], "texture": "#oak" },
				"west": { "uv": [ 12, 2, 13, 3 ], "texture": "#oak" },
				"east": { "uv": [ 3, 2, 4, 3 ], "texture": "#oak" }
			}
		},
		{
			"__comment": "Voxels-004400",
			"from": [ 12, 13, 11 ],
			"to": [ 13, 14, 12 ],
			"faces": {
				"down": { "uv": [ 12, 4, 13, 5 ], "texture": "#leaves" },
				"north": { "uv": [ 3, 2, 4, 3 ], "texture": "#leaves" },
				"south": { "uv": [ 12, 2, 13, 3 ], "texture": "#leaves" },
				"east": { "uv": [ 4, 2, 5, 3 ], "texture": "#leaves" }
			}
		},
		{
			"__comment": "Box1",
			"from": [ 5, 0, 5 ],
			"to": [ 11, 5, 11 ],
			"faces": {
				"down": { "uv": [ 5, 10, 11, 16 ], "texture": "#texture", "cullface": "down" },
				"up": { "uv": [ 5, 5, 11, 11 ], "texture": "#dirt" },
				"north": { "uv": [ 5, 11, 11, 16 ], "texture": "#texture" },
				"south": { "uv": [ 5, 11, 11, 16 ], "texture": "#texture" },
				"west": { "uv": [ 5, 11, 11, 16 ], "texture": "#texture" },
				"east": { "uv": [ 5, 11, 11, 16 ], "texture": "#texture" }
			}
		},
		{
			"__comment": "Voxels-004400",
			"from": [ -1, 10, 13 ],
			"to": [ 0, 12, 14 ],
			"faces": {
				"down": { "uv": [ 15, 2, 16, 3 ], "texture": "#leaves", "cullface": "west" },
				"up": { "uv": [ 15, 13, 16, 14 ], "texture": "#leaves", "cullface": "west" },
				"north": { "uv": [ 0, 4, 15, 6 ], "texture": "#leaves", "cullface": "west" },
				"south": { "uv": [ 15, 4, 16, 6 ], "texture": "#leaves", "cullface": "west" },
				"west": { "uv": [ 13, 4, 14, 6 ], "texture": "#leaves", "cullface": "west" },
				"east": { "uv": [ 14, 4, 13, 6 ], "texture": "#leaves", "cullface": "west" }
			}
		},
		{
			"__comment": "Voxels-004400",
			"from": [ -1, 11, 11 ],
			"to": [ 4, 12, 13 ],
			"faces": {
				"down": { "uv": [ 0, 3, 4, 5 ], "texture": "#leaves", "cullface": "west" },
				"up": { "uv": [ 0, 11, 4, 13 ], "texture": "#leaves", "cullface": "west" },
				"north": { "uv": [ 4, 4, 15, 5 ], "texture": "#leaves", "cullface": "west" },
				"south": { "uv": [ 0, 4, 4, 5 ], "texture": "#leaves", "cullface": "west" },
				"west": { "uv": [ 11, 4, 13, 5 ], "texture": "#leaves", "cullface": "west" },
				"east": { "uv": [ 13, 4, 11, 5 ], "texture": "#leaves", "cullface": "west" }
			}
		},
		{
			"__comment": "Voxels-004400",
			"from": [ 0, 9, 14 ],
			"to": [ 1, 12, 15 ],
			"faces": {
				"down": { "uv": [ 0, 1, 1, 2 ], "texture": "#leaves", "cullface": "down" },
				"up": { "uv": [ 0, 14, 1, 15 ], "texture": "#leaves", "cullface": "up" },
				"north": { "uv": [ 1, 4, 0, 7 ], "texture": "#leaves", "cullface": "north" },
				"south": { "uv": [ 0, 4, 1, 7 ], "texture": "#leaves", "cullface": "south" },
				"west": { "uv": [ 14, 4, 15, 7 ], "texture": "#leaves", "cullface": "west" },
				"east": { "uv": [ 15, 4, 14, 7 ], "texture": "#leaves", "cullface": "east" }
			}
		},
		{
			"__comment": "Voxels-004400",
			"from": [ 0, 10, 10 ],
			"to": [ 2, 12, 11 ],
			"faces": {
				"down": { "uv": [ 0, 5, 2, 6 ], "texture": "#leaves" },
				"up": { "uv": [ 0, 10, 2, 11 ], "texture": "#leaves" },
				"north": { "uv": [ 2, 4, 0, 6 ], "texture": "#leaves" },
				"south": { "uv": [ 0, 4, 2, 6 ], "texture": "#leaves" },
				"west": { "uv": [ 10, 4, 11, 6 ], "texture": "#leaves", "cullface": "west" },
				"east": { "uv": [ 11, 4, 10, 6 ], "texture": "#leaves" }
			}
		},
		{
			"__comment": "Voxels-004400",
			"from": [ 0, 11, 13 ],
			"to": [ 4, 12, 14 ],
			"faces": {
				"down": { "uv": [ 0, 2, 4, 3 ], "texture": "#leaves" },
				"up": { "uv": [ 0, 13, 4, 14 ], "texture": "#leaves" },
				"south": { "uv": [ 0, 4, 4, 5 ], "texture": "#leaves" },
				"east": { "uv": [ 14, 4, 13, 5 ], "texture": "#leaves" }
			}
		},
		{
			"__comment": "Voxels-004400",
			"from": [ 0, 12, 11 ],
			"to": [ 2, 13, 14 ],
			"faces": {
				"down": { "uv": [ 0, 2, 2, 5 ], "texture": "#leaves" },
				"up": { "uv": [ 0, 11, 2, 14 ], "texture": "#leaves" },
				"north": { "uv": [ 2, 3, 0, 4 ], "texture": "#leaves" },
				"south": { "uv": [ 0, 3, 2, 4 ], "texture": "#leaves" },
				"west": { "uv": [ 11, 3, 14, 4 ], "texture": "#leaves", "cullface": "west" },
				"east": { "uv": [ 14, 3, 11, 4 ], "texture": "#leaves" }
			}
		},
		{
			"__comment": "Voxels-004400",
			"from": [ 1, 10, 2 ],
			"to": [ 2, 12, 3 ],
			"faces": {
				"down": { "uv": [ 1, 13, 2, 14 ], "texture": "#leaves" },
				"up": { "uv": [ 1, 2, 2, 3 ], "texture": "#leaves" },
				"north": { "uv": [ 14, 4, 15, 6 ], "texture": "#leaves" },
				"south": { "uv": [ 1, 4, 2, 6 ], "texture": "#leaves" },
				"west": { "uv": [ 2, 4, 3, 6 ], "texture": "#leaves" },
				"east": { "uv": [ 13, 4, 14, 6 ], "texture": "#leaves" }
			}
		},
		{
			"__comment": "Voxels-004400",
			"from": [ 1, 10, 14 ],
			"to": [ 2, 12, 15 ],
			"faces": {
				"down": { "uv": [ 1, 1, 2, 2 ], "texture": "#leaves" },
				"up": { "uv": [ 1, 14, 2, 15 ], "texture": "#leaves" },
				"north": { "uv": [ 2, 4, 1, 6 ], "texture": "#leaves" },
				"south": { "uv": [ 1, 4, 2, 6 ], "texture": "#leaves" },
				"east": { "uv": [ 15, 4, 14, 6 ], "texture": "#leaves" }
			}
		},
		{
			"__comment": "Voxels-004400",
			"from": [ 1, 11, 1 ],
			"to": [ 3, 12, 2 ],
			"faces": {
				"down": { "uv": [ 1, 14, 3, 15 ], "texture": "#leaves" },
				"up": { "uv": [ 1, 1, 3, 2 ], "texture": "#leaves" },
				"north": { "uv": [ 13, 4, 15, 5 ], "texture": "#leaves" },
				"south": { "uv": [ 1, 4, 3, 5 ], "texture": "#leaves" },
				"west": { "uv": [ 1, 4, 2, 5 ], "texture": "#leaves" }
			}
		},
		{
			"__comment": "Voxels-004400",
			"from": [ 2, 11, 0 ],
			"to": [ 6, 12, 1 ],
			"faces": {
				"down": { "uv": [ 2, 15, 6, 16 ], "texture": "#leaves" },
				"up": { "uv": [ 2, 0, 6, 1 ], "texture": "#leaves" },
				"north": { "uv": [ 10, 4, 14, 5 ], "texture": "#leaves", "cullface": "north" },
				"south": { "uv": [ 2, 4, 6, 5 ], "texture": "#leaves" },
				"west": { "uv": [ 0, 4, 1, 5 ], "texture": "#leaves" },
				"east": { "uv": [ 15, 4, 16, 5 ], "texture": "#leaves" }
			}
		},
		{
			"__comment": "Voxels-004400",
			"from": [ 2, 11, 2 ],
			"to": [ 7, 12, 3 ],
			"faces": {
				"down": { "uv": [ 2, 13, 7, 14 ], "texture": "#leaves" },
				"up": { "uv": [ 2, 2, 7, 3 ], "texture": "#leaves" },
				"north": { "uv": [ 9, 4, 14, 5 ], "texture": "#leaves" },
				"south": { "uv": [ 2, 4, 7, 5 ], "texture": "#leaves" },
				"east": { "uv": [ 13, 4, 14, 5 ], "texture": "#leaves" }
			}
		},
		{
			"__comment": "Voxels-004400",
			"from": [ 2, 11, 3 ],
			"to": [ 6, 12, 4 ],
			"faces": {
				"down": { "uv": [ 2, 12, 6, 13 ], "texture": "#leaves" },
				"up": { "uv": [ 2, 3, 6, 4 ], "texture": "#leaves" },
				"south": { "uv": [ 2, 4, 6, 5 ], "texture": "#leaves" },
				"west": { "uv": [ 3, 4, 4, 5 ], "texture": "#leaves" },
				"east": { "uv": [ 12, 4, 13, 5 ], "texture": "#leaves" }
			}
		},
		{
			"__comment": "Voxels-004400",
			"from": [ 2, 11, 14 ],
			"to": [ 3, 12, 15 ],
			"faces": {
				"down": { "uv": [ 2, 1, 3, 2 ], "texture": "#leaves" },
				"up": { "uv": [ 2, 14, 3, 15 ], "texture": "#leaves" },
				"south": { "uv": [ 2, 4, 3, 5 ], "texture": "#leaves" },
				"east": { "uv": [ 15, 4, 14, 5 ], "texture": "#leaves" }
			}
		},
		{
			"__comment": "Voxels-004400",
			"from": [ 2, 12, 1 ],
			"to": [ 6, 13, 3 ],
			"faces": {
				"down": { "uv": [ 2, 13, 6, 15 ], "texture": "#leaves" },
				"up": { "uv": [ 2, 1, 6, 3 ], "texture": "#leaves" },
				"north": { "uv": [ 10, 3, 14, 4 ], "texture": "#leaves" },
				"south": { "uv": [ 2, 3, 6, 4 ], "texture": "#leaves" },
				"west": { "uv": [ 1, 3, 3, 4 ], "texture": "#leaves" },
				"east": { "uv": [ 13, 3, 15, 4 ], "texture": "#leaves" }
			}
		},
		{
			"__comment": "Voxels-004400",
			"from": [ 3, 10, 4 ],
			"to": [ 4, 12, 5 ],
			"faces": {
				"down": { "uv": [ 3, 11, 4, 12 ], "texture": "#leaves" },
				"up": { "uv": [ 3, 4, 4, 5 ], "texture": "#leaves" },
				"north": { "uv": [ 12, 4, 13, 6 ], "texture": "#leaves" },
				"south": { "uv": [ 3, 4, 4, 6 ], "texture": "#leaves" },
				"west": { "uv": [ 4, 4, 5, 6 ], "texture": "#leaves" },
				"east": { "uv": [ 11, 4, 12, 6 ], "texture": "#leaves" }
			}
		},
		{
			"__comment": "Voxels-004400",
			"from": [ 3, 12, 3 ],
			"to": [ 5, 13, 4 ],
			"faces": {
				"up": { "uv": [ 3, 3, 5, 4 ], "texture": "#leaves" },
				"south": { "uv": [ 3, 3, 5, 4 ], "texture": "#leaves" },
				"west": { "uv": [ 3, 3, 4, 4 ], "texture": "#leaves" },
				"east": { "uv": [ 12, 3, 13, 4 ], "texture": "#leaves" }
			}
		},
		{
			"__comment": "Voxels-004400",
			"from": [ 3, 13, 2 ],
			"to": [ 5, 14, 3 ],
			"faces": {
				"up": { "uv": [ 3, 2, 5, 3 ], "texture": "#leaves" },
				"north": { "uv": [ 11, 2, 13, 3 ], "texture": "#leaves" },
				"south": { "uv": [ 3, 2, 5, 3 ], "texture": "#leaves" },
				"west": { "uv": [ 2, 2, 3, 3 ], "texture": "#leaves" },
				"east": { "uv": [ 13, 2, 14, 3 ], "texture": "#leaves" }
			}
		},
		{
			"__comment": "Voxels-004400",
			"from": [ 3, 14, 9 ],
			"to": [ 4, 17, 10 ],
			"faces": {
				"down": { "uv": [ 3, 6, 4, 7 ], "texture": "#leaves", "cullface": "up" },
				"up": { "uv": [ 3, 9, 4, 10 ], "texture": "#leaves", "cullface": "up" },
				"north": { "uv": [ 12, 0, 13, 2 ], "texture": "#leaves", "cullface": "up" },
				"south": { "uv": [ 3, 0, 4, 2 ], "texture": "#leaves", "cullface": "up" },
				"west": { "uv": [ 9, 0, 10, 2 ], "texture": "#leaves", "cullface": "up" },
				"east": { "uv": [ 6, 0, 7, 2 ], "texture": "#leaves", "cullface": "up" }
			}
		},
		{
			"__comment": "Voxels-004400",
			"from": [ 3, 15, 10 ],
			"to": [ 4, 17, 12 ],
			"faces": {
				"down": { "uv": [ 3, 4, 4, 6 ], "texture": "#leaves", "cullface": "up" },
				"up": { "uv": [ 3, 10, 4, 12 ], "texture": "#leaves", "cullface": "up" },
				"south": { "uv": [ 3, 0, 4, 1 ], "texture": "#leaves", "cullface": "up" },
				"west": { "uv": [ 10, 0, 12, 1 ], "texture": "#leaves", "cullface": "up" },
				"east": { "uv": [ 4, 0, 6, 1 ], "texture": "#leaves", "cullface": "up" }
			}
		},
		{
			"__comment": "Voxels-004400",
			"from": [ 3, 16, 4 ],
			"to": [ 4, 18, 5 ],
			"faces": {
				"down": { "uv": [ 3, 11, 4, 12 ], "texture": "#leaves", "cullface": "up" },
				"up": { "uv": [ 3, 4, 4, 5 ], "texture": "#leaves", "cullface": "up" },
				"north": { "uv": [ 12, 14, 13, 16 ], "texture": "#leaves", "cullface": "up" },
				"south": { "uv": [ 3, 14, 4, 16 ], "texture": "#leaves", "cullface": "up" },
				"west": { "uv": [ 4, 14, 5, 16 ], "texture": "#leaves", "cullface": "up" },
				"east": { "uv": [ 11, 14, 12, 16 ], "texture": "#leaves", "cullface": "up" }
			}
		},
		{
			"__comment": "Voxels-004400",
			"from": [ 3, 16, 6 ],
			"to": [ 4, 18, 7 ],
			"faces": {
				"down": { "uv": [ 3, 9, 4, 10 ], "texture": "#leaves", "cullface": "up" },
				"up": { "uv": [ 3, 6, 4, 7 ], "texture": "#leaves", "cullface": "up" },
				"north": { "uv": [ 12, 14, 13, 16 ], "texture": "#leaves", "cullface": "up" },
				"south": { "uv": [ 3, 14, 4, 16 ], "texture": "#leaves", "cullface": "up" },
				"west": { "uv": [ 6, 14, 7, 16 ], "texture": "#leaves", "cullface": "up" },
				"east": { "uv": [ 9, 14, 10, 16 ], "texture": "#leaves", "cullface": "up" }
			}
		},
		{
			"__comment": "Voxels-004400",
			"from": [ 3, 17, 5 ],
			"to": [ 8, 18, 6 ],
			"faces": {
				"down": { "uv": [ 3, 10, 8, 11 ], "texture": "#leaves", "cullface": "up" },
				"up": { "uv": [ 3, 5, 8, 6 ], "texture": "#leaves", "cullface": "up" },
				"north": { "uv": [ 8, 14, 13, 15 ], "texture": "#leaves", "cullface": "up" },
				"south": { "uv": [ 3, 14, 8, 15 ], "texture": "#leaves", "cullface": "up" },
				"west": { "uv": [ 5, 14, 6, 15 ], "texture": "#leaves", "cullface": "up" },
				"east": { "uv": [ 10, 14, 11, 15 ], "texture": "#leaves", "cullface": "up" }
			}
		},
		{
			"__comment": "Voxels-004400",
			"from": [ 4, 10, -1 ],
			"to": [ 5, 12, 0 ],
			"faces": {
				"down": { "uv": [ 4, 0, 5, 1 ], "texture": "#leaves", "cullface": "north" },
				"up": { "uv": [ 4, 15, 5, 16 ], "texture": "#leaves", "cullface": "north" },
				"north": { "uv": [ 11, 4, 12, 6 ], "texture": "#leaves", "cullface": "north" },
				"south": { "uv": [ 4, 4, 5, 6 ], "texture": "#leaves", "cullface": "north" },
				"west": { "uv": [ 15, 4, 16, 6 ], "texture": "#leaves", "cullface": "north" },
				"east": { "uv": [ 0, 4, 1, 6 ], "texture": "#leaves", "cullface": "north" }
			}
		},
		{
			"__comment": "Voxels-004400",
			"from": [ 4, 10, 12 ],
			"to": [ 5, 12, 13 ],
			"faces": {
				"down": { "uv": [ 4, 3, 5, 4 ], "texture": "#leaves" },
				"up": { "uv": [ 4, 12, 5, 13 ], "texture": "#leaves" },
				"north": { "uv": [ 5, 4, 4, 6 ], "texture": "#leaves" },
				"south": { "uv": [ 4, 4, 5, 6 ], "texture": "#leaves" },
				"west": { "uv": [ 12, 4, 13, 6 ], "texture": "#leaves" },
				"east": { "uv": [ 13, 4, 12, 6 ], "texture": "#leaves" }
			}
		},
		{
			"__comment": "Voxels-004400",
			"from": [ 4, 11, 1 ],
			"to": [ 7, 12, 2 ],
			"faces": {
				"down": { "uv": [ 4, 14, 7, 15 ], "texture": "#leaves" },
				"up": { "uv": [ 4, 1, 7, 2 ], "texture": "#leaves" },
				"north": { "uv": [ 9, 4, 12, 5 ], "texture": "#leaves" },
				"east": { "uv": [ 14, 4, 15, 5 ], "texture": "#leaves" }
			}
		},
		{
			"__comment": "Voxels-004400",
			"from": [ 4, 11, 4 ],
			"to": [ 5, 12, 5 ],
			"faces": {
				"up": { "uv": [ 4, 4, 5, 5 ], "texture": "#leaves" },
				"south": { "uv": [ 4, 4, 5, 5 ], "texture": "#leaves" },
				"east": { "uv": [ 11, 4, 12, 5 ], "texture": "#leaves" }
			}
		},
		{
			"__comment": "Voxels-004400",
			"from": [ 4, 14, 12 ],
			"to": [ 5, 17, 13 ],
			"faces": {
				"down": { "uv": [ 4, 3, 5, 4 ], "texture": "#leaves", "cullface": "up" },
				"up": { "uv": [ 4, 12, 5, 13 ], "texture": "#leaves", "cullface": "up" },
				"north": { "uv": [ 11, 0, 12, 2 ], "texture": "#leaves", "cullface": "up" },
				"south": { "uv": [ 4, 0, 5, 2 ], "texture": "#leaves", "cullface": "up" },
				"west": { "uv": [ 12, 0, 13, 2 ], "texture": "#leaves", "cullface": "up" },
				"east": { "uv": [ 3, 0, 4, 2 ], "texture": "#leaves", "cullface": "up" }
			}
		},
		{
			"__comment": "Voxels-004400",
			"from": [ 4, 15, 3 ],
			"to": [ 5, 18, 4 ],
			"faces": {
				"down": { "uv": [ 4, 12, 5, 13 ], "texture": "#leaves", "cullface": "up" },
				"up": { "uv": [ 4, 3, 5, 4 ], "texture": "#leaves", "cullface": "up" },
				"north": { "uv": [ 11, 0, 12, 1 ], "texture": "#leaves", "cullface": "up" },
				"south": { "uv": [ 4, 0, 5, 1 ], "texture": "#leaves", "cullface": "up" },
				"west": { "uv": [ 3, 0, 4, 1 ], "texture": "#leaves", "cullface": "up" },
				"east": { "uv": [ 12, 0, 13, 1 ], "texture": "#leaves", "cullface": "up" }
			}
		},
		{
			"__comment": "Voxels-004400",
			"from": [ 4, 16, 7 ],
			"to": [ 5, 18, 8 ],
			"faces": {
				"down": { "uv": [ 4, 8, 5, 9 ], "texture": "#leaves", "cullface": "up" },
				"up": { "uv": [ 4, 7, 5, 8 ], "texture": "#leaves", "cullface": "up" },
				"north": { "uv": [ 11, 14, 12, 16 ], "texture": "#leaves", "cullface": "up" },
				"south": { "uv": [ 4, 14, 5, 16 ], "texture": "#leaves", "cullface": "up" },
				"west": { "uv": [ 7, 14, 8, 16 ], "texture": "#leaves", "cullface": "up" },
				"east": { "uv": [ 8, 14, 9, 16 ], "texture": "#leaves", "cullface": "up" }
			}
		},
		{
			"__comment": "Voxels-004400",
			"from": [ 4, 16, 9 ],
			"to": [ 6, 17, 10 ],
			"faces": {
				"down": { "uv": [ 4, 6, 6, 7 ], "texture": "#leaves", "cullface": "up" },
				"up": { "uv": [ 4, 9, 6, 10 ], "texture": "#leaves", "cullface": "up" },
				"north": { "uv": [ 10, 15, 12, 16 ], "texture": "#leaves", "cullface": "up" },
				"south": { "uv": [ 4, 15, 6, 16 ], "texture": "#leaves", "cullface": "up" },
				"east": { "uv": [ 6, 15, 7, 16 ], "texture": "#leaves", "cullface": "up" }
			}
		},
		{
			"__comment": "Voxels-004400",
			"from": [ 4, 16, 11 ],
			"to": [ 6, 17, 12 ],
			"faces": {
				"down": { "uv": [ 4, 4, 6, 5 ], "texture": "#leaves", "cullface": "up" },
				"up": { "uv": [ 4, 11, 6, 12 ], "texture": "#leaves", "cullface": "up" },
				"north": { "uv": [ 10, 15, 12, 16 ], "texture": "#leaves", "cullface": "up" },
				"south": { "uv": [ 4, 15, 6, 16 ], "texture": "#leaves", "cullface": "up" },
				"east": { "uv": [ 4, 15, 5, 16 ], "texture": "#leaves", "cullface": "up" }
			}
		},
		{
			"__comment": "Voxels-004400",
			"from": [ 4, 17, 4 ],
			"to": [ 8, 18, 5 ],
			"faces": {
				"down": { "uv": [ 4, 11, 8, 12 ], "texture": "#leaves", "cullface": "up" },
				"up": { "uv": [ 4, 4, 8, 5 ], "texture": "#leaves", "cullface": "up" },
				"north": { "uv": [ 8, 14, 12, 15 ], "texture": "#leaves", "cullface": "up" },
				"east": { "uv": [ 11, 14, 12, 15 ], "texture": "#leaves", "cullface": "up" }
			}
		},
		{
			"__comment": "Voxels-004400",
			"from": [ 4, 17, 9 ],
			"to": [ 5, 18, 11 ],
			"faces": {
				"down": { "uv": [ 4, 5, 5, 7 ], "texture": "#leaves", "cullface": "up" },
				"up": { "uv": [ 4, 9, 5, 11 ], "texture": "#leaves", "cullface": "up" },
				"north": { "uv": [ 11, 14, 12, 15 ], "texture": "#leaves", "cullface": "up" },
				"south": { "uv": [ 4, 14, 5, 15 ], "texture": "#leaves", "cullface": "up" },
				"west": { "uv": [ 9, 14, 11, 15 ], "texture": "#leaves", "cullface": "up" },
				"east": { "uv": [ 5, 14, 7, 15 ], "texture": "#leaves", "cullface": "up" }
			}
		},
		{
			"__comment": "Voxels-004400",
			"from": [ 4, 18, 4 ],
			"to": [ 7, 19, 6 ],
			"faces": {
				"down": { "uv": [ 4, 10, 7, 12 ], "texture": "#leaves", "cullface": "up" },
				"up": { "uv": [ 4, 4, 7, 6 ], "texture": "#leaves", "cullface": "up" },
				"north": { "uv": [ 9, 13, 12, 14 ], "texture": "#leaves", "cullface": "up" },
				"south": { "uv": [ 4, 13, 7, 14 ], "texture": "#leaves", "cullface": "up" },
				"west": { "uv": [ 4, 13, 6, 14 ], "texture": "#leaves", "cullface": "up" },
				"east": { "uv": [ 10, 13, 12, 14 ], "texture": "#leaves", "cullface": "up" }
			}
		},
		{
			"__comment": "Voxels-004400",
			"from": [ 4, 18, 6 ],
			"to": [ 6, 19, 7 ],
			"faces": {
				"up": { "uv": [ 4, 6, 6, 7 ], "texture": "#leaves", "cullface": "up" },
				"south": { "uv": [ 4, 13, 6, 14 ], "texture": "#leaves", "cullface": "up" },
				"west": { "uv": [ 6, 13, 7, 14 ], "texture": "#leaves", "cullface": "up" },
				"east": { "uv": [ 9, 13, 10, 14 ], "texture": "#leaves", "cullface": "up" }
			}
		},
		{
			"__comment": "Voxels-004400",
			"from": [ 5, 15, 11 ],
			"to": [ 6, 16, 12 ],
			"faces": {
				"down": { "uv": [ 5, 4, 6, 5 ], "texture": "#leaves" },
				"south": { "uv": [ 5, 0, 6, 1 ], "texture": "#leaves" },
				"west": { "uv": [ 11, 0, 12, 1 ], "texture": "#leaves" },
				"east": { "uv": [ 4, 0, 5, 1 ], "texture": "#leaves" }
			}
		},
		{
			"__comment": "Voxels-004400",
			"from": [ 5, 16, 3 ],
			"to": [ 6, 18, 4 ],
			"faces": {
				"down": { "uv": [ 5, 12, 6, 13 ], "texture": "#leaves", "cullface": "up" },
				"up": { "uv": [ 5, 3, 6, 4 ], "texture": "#leaves", "cullface": "up" },
				"north": { "uv": [ 10, 14, 11, 16 ], "texture": "#leaves", "cullface": "up" },
				"south": { "uv": [ 5, 14, 6, 16 ], "texture": "#leaves", "cullface": "up" },
				"east": { "uv": [ 12, 14, 13, 16 ], "texture": "#leaves", "cullface": "up" }
			}
		},
		{
			"__comment": "Voxels-004400",
			"from": [ 5, 17, 7 ],
			"to": [ 6, 18, 8 ],
			"faces": {
				"up": { "uv": [ 5, 7, 6, 8 ], "texture": "#leaves", "cullface": "up" },
				"south": { "uv": [ 5, 14, 6, 15 ], "texture": "#leaves", "cullface": "up" },
				"east": { "uv": [ 8, 14, 9, 15 ], "texture": "#leaves", "cullface": "up" }
			}
		},
		{
			"__comment": "Voxels-004400",
			"from": [ 6, 10, 1 ],
			"to": [ 7, 11, 2 ],
			"faces": {
				"down": { "uv": [ 6, 14, 7, 15 ], "texture": "#leaves" },
				"north": { "uv": [ 9, 5, 10, 6 ], "texture": "#leaves" },
				"south": { "uv": [ 6, 5, 7, 6 ], "texture": "#leaves" },
				"west": { "uv": [ 1, 5, 2, 6 ], "texture": "#leaves" },
				"east": { "uv": [ 14, 5, 15, 6 ], "texture": "#leaves" }
			}
		},
		{
			"__comment": "Voxels-004400",
			"from": [ 6, 17, 3 ],
			"to": [ 7, 18, 4 ],
			"faces": {
				"down": { "uv": [ 6, 12, 7, 13 ], "texture": "#leaves", "cullface": "up" },
				"up": { "uv": [ 6, 3, 7, 4 ], "texture": "#leaves", "cullface": "up" },
				"north": { "uv": [ 9, 14, 10, 15 ], "texture": "#leaves", "cullface": "up" },
				"east": { "uv": [ 12, 14, 13, 15 ], "texture": "#leaves", "cullface": "up" }
			}
		},
		{
			"__comment": "Voxels-004400",
			"from": [ 6, 17, 9 ],
			"to": [ 7, 19, 10 ],
			"faces": {
				"down": { "uv": [ 6, 6, 7, 7 ], "texture": "#leaves", "cullface": "up" },
				"up": { "uv": [ 6, 9, 7, 10 ], "texture": "#leaves", "cullface": "up" },
				"north": { "uv": [ 9, 13, 10, 15 ], "texture": "#leaves", "cullface": "up" },
				"south": { "uv": [ 6, 13, 7, 15 ], "texture": "#leaves", "cullface": "up" },
				"west": { "uv": [ 9, 13, 10, 15 ], "texture": "#leaves", "cullface": "up" },
				"east": { "uv": [ 6, 13, 7, 15 ], "texture": "#leaves", "cullface": "up" }
			}
		},
		{
			"__comment": "Voxels-004400",
			"from": [ 6, 18, 7 ],
			"to": [ 10, 19, 9 ],
			"faces": {
				"down": { "uv": [ 6, 7, 10, 9 ], "texture": "#leaves", "cullface": "up" },
				"up": { "uv": [ 6, 7, 10, 9 ], "texture": "#leaves", "cullface": "up" },
				"north": { "uv": [ 6, 13, 10, 14 ], "texture": "#leaves", "cullface": "up" },
				"south": { "uv": [ 6, 13, 10, 14 ], "texture": "#leaves", "cullface": "up" },
				"west": { "uv": [ 7, 13, 9, 14 ], "texture": "#leaves", "cullface": "up" },
				"east": { "uv": [ 7, 13, 9, 14 ], "texture": "#leaves", "cullface": "up" }
			}
		},
		{
			"__comment": "Voxels-004400",
			"from": [ 7, 16, 11 ],
			"to": [ 8, 19, 12 ],
			"faces": {
				"down": { "uv": [ 7, 4, 8, 5 ], "texture": "#leaves", "cullface": "up" },
				"up": { "uv": [ 7, 11, 8, 12 ], "texture": "#leaves", "cullface": "up" },
				"north": { "uv": [ 8, 13, 9, 16 ], "texture": "#leaves", "cullface": "up" },
				"south": { "uv": [ 7, 13, 8, 16 ], "texture": "#leaves", "cullface": "up" },
				"west": { "uv": [ 11, 13, 12, 16 ], "texture": "#leaves", "cullface": "up" },
				"east": { "uv": [ 4, 13, 5, 16 ], "texture": "#leaves", "cullface": "up" }
			}
		},
		{
			"__comment": "Voxels-004400",
			"from": [ 7, 18, 9 ],
			"to": [ 9, 20, 10 ],
			"faces": {
				"down": { "uv": [ 7, 6, 9, 7 ], "texture": "#leaves", "cullface": "up" },
				"up": { "uv": [ 7, 9, 9, 10 ], "texture": "#leaves", "cullface": "up" },
				"north": { "uv": [ 7, 12, 9, 14 ], "texture": "#leaves", "cullface": "up" },
				"south": { "uv": [ 7, 12, 9, 14 ], "texture": "#leaves", "cullface": "up" },
				"west": { "uv": [ 9, 12, 10, 14 ], "texture": "#leaves", "cullface": "up" },
				"east": { "uv": [ 6, 12, 7, 14 ], "texture": "#leaves", "cullface": "up" }
			}
		},
		{
			"__comment": "Voxels-004400",
			"from": [ 7, 18, 10 ],
			"to": [ 11, 19, 11 ],
			"faces": {
				"down": { "uv": [ 7, 5, 11, 6 ], "texture": "#leaves", "cullface": "up" },
				"up": { "uv": [ 7, 10, 11, 11 ], "texture": "#leaves", "cullface": "up" },
				"north": { "uv": [ 5, 13, 9, 14 ], "texture": "#leaves", "cullface": "up" },
				"south": { "uv": [ 7, 13, 11, 14 ], "texture": "#leaves", "cullface": "up" },
				"west": { "uv": [ 10, 13, 11, 14 ], "texture": "#leaves", "cullface": "up" },
				"east": { "uv": [ 5, 13, 6, 14 ], "texture": "#leaves", "cullface": "up" }
			}
		},
		{
			"__comment": "Voxels-004400",
			"from": [ 7, 19, 8 ],
			"to": [ 10, 20, 9 ],
			"faces": {
				"up": { "uv": [ 7, 8, 10, 9 ], "texture": "#leaves", "cullface": "up" },
				"north": { "uv": [ 6, 12, 9, 13 ], "texture": "#leaves", "cullface": "up" },
				"south": { "uv": [ 7, 12, 10, 13 ], "texture": "#leaves", "cullface": "up" },
				"west": { "uv": [ 8, 12, 9, 13 ], "texture": "#leaves", "cullface": "up" },
				"east": { "uv": [ 7, 12, 8, 13 ], "texture": "#leaves", "cullface": "up" }
			}
		},
		{
			"__comment": "Voxels-004400",
			"from": [ 8, 15, 3 ],
			"to": [ 12, 16, 4 ],
			"faces": {
				"down": { "uv": [ 8, 12, 12, 13 ], "texture": "#leaves" },
				"up": { "uv": [ 8, 3, 12, 4 ], "texture": "#leaves", "cullface": "up" },
				"north": { "uv": [ 4, 0, 8, 1 ], "texture": "#leaves" },
				"south": { "uv": [ 8, 0, 12, 1 ], "texture": "#leaves" },
				"west": { "uv": [ 3, 0, 4, 1 ], "texture": "#leaves" },
				"east": { "uv": [ 12, 0, 13, 1 ], "texture": "#leaves" }
			}
		},
		{
			"__comment": "Voxels-004400",
			"from": [ 8, 15, 4 ],
			"to": [ 9, 16, 6 ],
			"faces": {
				"down": { "uv": [ 8, 10, 9, 12 ], "texture": "#leaves" },
				"up": { "uv": [ 8, 4, 9, 6 ], "texture": "#leaves", "cullface": "up" },
				"south": { "uv": [ 8, 0, 9, 1 ], "texture": "#leaves" },
				"west": { "uv": [ 4, 0, 6, 1 ], "texture": "#leaves" },
				"east": { "uv": [ 10, 0, 12, 1 ], "texture": "#leaves" }
			}
		},
		{
			"__comment": "Voxels-004400",
			"from": [ 8, 18, 11 ],
			"to": [ 10, 19, 12 ],
			"faces": {
				"down": { "uv": [ 8, 4, 10, 5 ], "texture": "#leaves", "cullface": "up" },
				"up": { "uv": [ 8, 11, 10, 12 ], "texture": "#leaves", "cullface": "up" },
				"south": { "uv": [ 8, 13, 10, 14 ], "texture": "#leaves", "cullface": "up" },
				"east": { "uv": [ 4, 13, 5, 14 ], "texture": "#leaves", "cullface": "up" }
			}
		},
		{
			"__comment": "Voxels-004400",
			"from": [ 8, 19, 10 ],
			"to": [ 10, 20, 11 ],
			"faces": {
				"up": { "uv": [ 8, 10, 10, 11 ], "texture": "#leaves", "cullface": "up" },
				"north": { "uv": [ 6, 12, 8, 13 ], "texture": "#leaves", "cullface": "up" },
				"south": { "uv": [ 8, 12, 10, 13 ], "texture": "#leaves", "cullface": "up" },
				"west": { "uv": [ 10, 12, 11, 13 ], "texture": "#leaves", "cullface": "up" },
				"east": { "uv": [ 5, 12, 6, 13 ], "texture": "#leaves", "cullface": "up" }
			}
		},
		{
			"__comment": "Voxels-004400",
			"from": [ 9, 13, 13 ],
			"to": [ 10, 15, 15 ],
			"faces": {
				"down": { "uv": [ 9, 1, 10, 3 ], "texture": "#leaves" },
				"up": { "uv": [ 9, 13, 10, 15 ], "texture": "#leaves" },
				"north": { "uv": [ 6, 1, 7, 3 ], "texture": "#leaves" },
				"south": { "uv": [ 9, 1, 10, 3 ], "texture": "#leaves" },
				"west": { "uv": [ 13, 1, 15, 3 ], "texture": "#leaves" },
				"east": { "uv": [ 1, 1, 3, 3 ], "texture": "#leaves" }
			}
		},
		{
			"__comment": "Voxels-004400",
			"from": [ 9, 14, 2 ],
			"to": [ 11, 16, 3 ],
			"faces": {
				"down": { "uv": [ 9, 13, 11, 14 ], "texture": "#leaves" },
				"up": { "uv": [ 9, 2, 11, 3 ], "texture": "#leaves", "cullface": "up" },
				"north": { "uv": [ 5, 0, 7, 2 ], "texture": "#leaves" },
				"south": { "uv": [ 9, 0, 11, 2 ], "texture": "#leaves" },
				"west": { "uv": [ 2, 0, 3, 2 ], "texture": "#leaves" },
				"east": { "uv": [ 13, 0, 14, 2 ], "texture": "#leaves" }
			}
		},
		{
			"__comment": "Voxels-004400",
			"from": [ 9, 14, 11 ],
			"to": [ 13, 15, 13 ],
			"faces": {
				"down": { "uv": [ 9, 3, 13, 5 ], "texture": "#leaves" },
				"up": { "uv": [ 9, 11, 13, 13 ], "texture": "#leaves" },
				"north": { "uv": [ 3, 1, 7, 2 ], "texture": "#leaves" },
				"south": { "uv": [ 9, 1, 13, 2 ], "texture": "#leaves" },
				"west": { "uv": [ 11, 1, 13, 2 ], "texture": "#leaves" },
				"east": { "uv": [ 3, 1, 5, 2 ], "texture": "#leaves" }
			}
		},
		{
			"__comment": "Voxels-004400",
			"from": [ 9, 15, 5 ],
			"to": [ 11, 16, 6 ],
			"faces": {
				"down": { "uv": [ 9, 10, 11, 11 ], "texture": "#leaves" },
				"up": { "uv": [ 9, 5, 11, 6 ], "texture": "#leaves", "cullface": "up" },
				"north": { "uv": [ 5, 0, 7, 1 ], "texture": "#leaves" },
				"south": { "uv": [ 9, 0, 11, 1 ], "texture": "#leaves" },
				"east": { "uv": [ 10, 0, 11, 1 ], "texture": "#leaves" }
			}
		},
		{
			"__comment": "Voxels-004400",
			"from": [ 9, 16, 3 ],
			"to": [ 11, 17, 5 ],
			"faces": {
				"down": { "uv": [ 9, 11, 11, 13 ], "texture": "#leaves", "cullface": "up" },
				"up": { "uv": [ 9, 3, 11, 5 ], "texture": "#leaves", "cullface": "up" },
				"north": { "uv": [ 5, 15, 7, 16 ], "texture": "#leaves", "cullface": "up" },
				"south": { "uv": [ 9, 15, 11, 16 ], "texture": "#leaves", "cullface": "up" },
				"west": { "uv": [ 3, 15, 5, 16 ], "texture": "#leaves", "cullface": "up" },
				"east": { "uv": [ 11, 15, 13, 16 ], "texture": "#leaves", "cullface": "up" }
			}
		},
		{
			"__comment": "Voxels-004400",
			"from": [ 9, 19, 9 ],
			"to": [ 10, 20, 10 ],
			"faces": {
				"up": { "uv": [ 9, 9, 10, 10 ], "texture": "#leaves", "cullface": "up" },
				"east": { "uv": [ 6, 12, 7, 13 ], "texture": "#leaves", "cullface": "up" }
			}
		},
		{
			"__comment": "Voxels-004400",
			"from": [ 10, 13, 10 ],
			"to": [ 12, 15, 11 ],
			"faces": {
				"up": { "uv": [ 10, 10, 12, 11 ], "texture": "#leaves" },
				"north": { "uv": [ 4, 1, 6, 3 ], "texture": "#leaves" },
				"south": { "uv": [ 10, 1, 12, 3 ], "texture": "#leaves" },
				"west": { "uv": [ 10, 1, 11, 3 ], "texture": "#leaves" },
				"east": { "uv": [ 5, 1, 6, 3 ], "texture": "#leaves" }
			}
		},
		{
			"__comment": "Voxels-004400",
			"from": [ 10, 13, 15 ],
			"to": [ 11, 15, 16 ],
			"faces": {
				"down": { "uv": [ 10, 0, 11, 1 ], "texture": "#leaves" },
				"up": { "uv": [ 10, 15, 11, 16 ], "texture": "#leaves" },
				"north": { "uv": [ 5, 1, 6, 3 ], "texture": "#leaves" },
				"south": { "uv": [ 10, 1, 11, 3 ], "texture": "#leaves", "cullface": "south" },
				"west": { "uv": [ 15, 1, 16, 3 ], "texture": "#leaves" },
				"east": { "uv": [ 0, 1, 1, 3 ], "texture": "#leaves" }
			}
		},
		{
			"__comment": "Voxels-004400",
			"from": [ 10, 14, 4 ],
			"to": [ 11, 16, 5 ],
			"faces": {
				"down": { "uv": [ 10, 11, 11, 12 ], "texture": "#leaves" },
				"north": { "uv": [ 5, 0, 6, 2 ], "texture": "#leaves" },
				"south": { "uv": [ 10, 0, 11, 2 ], "texture": "#leaves" },
				"west": { "uv": [ 4, 0, 5, 2 ], "texture": "#leaves" },
				"east": { "uv": [ 11, 0, 12, 2 ], "texture": "#leaves" }
			}
		},
		{
			"__comment": "Voxels-004400",
			"from": [ 10, 14, 13 ],
			"to": [ 13, 15, 14 ],
			"faces": {
				"down": { "uv": [ 10, 2, 13, 3 ], "texture": "#leaves" },
				"up": { "uv": [ 10, 13, 13, 14 ], "texture": "#leaves" },
				"south": { "uv": [ 10, 1, 13, 2 ], "texture": "#leaves" },
				"east": { "uv": [ 2, 1, 3, 2 ], "texture": "#leaves" }
			}
		},
		{
			"__comment": "Voxels-004400",
			"from": [ 10, 14, 14 ],
			"to": [ 12, 15, 15 ],
			"faces": {
				"down": { "uv": [ 10, 1, 12, 2 ], "texture": "#leaves" },
				"up": { "uv": [ 10, 14, 12, 15 ], "texture": "#leaves" },
				"south": { "uv": [ 10, 1, 12, 2 ], "texture": "#leaves" },
				"east": { "uv": [ 1, 1, 2, 2 ], "texture": "#leaves" }
			}
		},
		{
			"__comment": "Voxels-004400",
			"from": [ 10, 15, 11 ],
			"to": [ 12, 16, 14 ],
			"faces": {
				"down": { "uv": [ 10, 2, 12, 5 ], "texture": "#leaves" },
				"up": { "uv": [ 10, 11, 12, 14 ], "texture": "#leaves", "cullface": "up" },
				"north": { "uv": [ 4, 0, 6, 1 ], "texture": "#leaves" },
				"south": { "uv": [ 10, 0, 12, 1 ], "texture": "#leaves" },
				"west": { "uv": [ 11, 0, 14, 1 ], "texture": "#leaves" },
				"east": { "uv": [ 2, 0, 5, 1 ], "texture": "#leaves" }
			}
		},
		{
			"__comment": "Voxels-004400",
			"from": [ 10, 17, 9 ],
			"to": [ 11, 19, 10 ],
			"faces": {
				"down": { "uv": [ 10, 6, 11, 7 ], "texture": "#leaves", "cullface": "up" },
				"up": { "uv": [ 10, 9, 11, 10 ], "texture": "#leaves", "cullface": "up" },
				"north": { "uv": [ 5, 13, 6, 15 ], "texture": "#leaves", "cullface": "up" },
				"south": { "uv": [ 10, 13, 11, 15 ], "texture": "#leaves", "cullface": "up" },
				"east": { "uv": [ 6, 13, 7, 15 ], "texture": "#leaves", "cullface": "up" }
			}
		},
		{
			"__comment": "Voxels-004400",
			"from": [ 10, 18, 8 ],
			"to": [ 11, 19, 9 ],
			"faces": {
				"down": { "uv": [ 10, 7, 11, 8 ], "texture": "#leaves", "cullface": "up" },
				"up": { "uv": [ 10, 8, 11, 9 ], "texture": "#leaves", "cullface": "up" },
				"north": { "uv": [ 5, 13, 6, 14 ], "texture": "#leaves", "cullface": "up" },
				"east": { "uv": [ 7, 13, 8, 14 ], "texture": "#leaves", "cullface": "up" }
			}
		},
		{
			"__comment": "Voxels-004400",
			"from": [ 11, 14, 3 ],
			"to": [ 12, 15, 4 ],
			"faces": {
				"down": { "uv": [ 11, 12, 12, 13 ], "texture": "#leaves" },
				"north": { "uv": [ 4, 1, 5, 2 ], "texture": "#leaves" },
				"south": { "uv": [ 11, 1, 12, 2 ], "texture": "#leaves" },
				"west": { "uv": [ 3, 1, 4, 2 ], "texture": "#leaves" },
				"east": { "uv": [ 12, 1, 13, 2 ], "texture": "#leaves" }
			}
		},
		{
			"__comment": "Voxels-004400",
			"from": [ 11, 15, 4 ],
			"to": [ 12, 16, 5 ],
			"faces": {
				"down": { "uv": [ 11, 11, 12, 12 ], "texture": "#leaves" },
				"up": { "uv": [ 11, 4, 12, 5 ], "texture": "#leaves", "cullface": "up" },
				"south": { "uv": [ 11, 0, 12, 1 ], "texture": "#leaves" },
				"east": { "uv": [ 11, 0, 12, 1 ], "texture": "#leaves" }
			}
		}
	],
	"display": {
		"head": {
			"translation":  [ 0, -14.75, 0 ],
			"scale":  [ 2.28, 2.28, 2.28 ]
		}
	}
}