{
	"credit": "Made by Philipp Opheys / pro_pixel_ from BuildmodeOne",
	"textures": {
		"0": "block/coarse_dirt",
		"1": "block/white_concrete",
		"2": "block/gray_concrete",
		"3": "buildmodeone:3d_editor/models/plants/fern_colored",
		"particle": "block/coarse_dirt"
	},
	"elements": [
		{
			"name": "bottom",
			"from": [6.1, 0, 6.1],
			"to": [9.9, 3.25, 9.9],
			"rotation": {"angle": 0, "axis": "y", "origin": [15, 8, 16]},
			"faces": {
				"north": {"uv": [6.1, 12.75, 9.9, 16], "texture": "#1"},
				"east": {"uv": [6.1, 12.75, 9.9, 16], "texture": "#1"},
				"south": {"uv": [6.1, 12.75, 9.9, 16], "texture": "#1"},
				"west": {"uv": [6.1, 12.75, 9.9, 16], "texture": "#1"},
				"up": {"uv": [6.1, 6.1, 9.9, 9.9], "texture": "#0"},
				"down": {"uv": [6.1, 6.1, 9.9, 9.9], "texture": "#1"}
			}
		},
		{
			"from": [6, 3.25, 9.5],
			"to": [9.5, 3.75, 10],
			"rotation": {"angle": 0, "axis": "y", "origin": [15, 11.25, 16]},
			"faces": {
				"north": {"uv": [6.5, 12.25, 10, 12.75], "texture": "#2"},
				"east": {"uv": [6, 12.25, 6.5, 12.75], "texture": "#2"},
				"south": {"uv": [6, 12.25, 9.5, 12.75], "texture": "#2"},
				"west": {"uv": [9.5, 12.25, 10, 12.75], "texture": "#2"},
				"up": {"uv": [6, 9.5, 9.5, 10], "texture": "#2"},
				"down": {"uv": [6, 6, 9.5, 6.5], "texture": "#2"}
			}
		},
		{
			"from": [6.5, 3.25, 6],
			"to": [10, 3.75, 6.5],
			"rotation": {"angle": 0, "axis": "y", "origin": [15.5, 11.25, 12.5]},
			"faces": {
				"north": {"uv": [6, 12.25, 9.5, 12.75], "texture": "#2"},
				"east": {"uv": [9.5, 12.25, 10, 12.75], "texture": "#2"},
				"south": {"uv": [6.5, 12.25, 10, 12.75], "texture": "#2"},
				"west": {"uv": [6, 12.25, 6.5, 12.75], "texture": "#2"},
				"up": {"uv": [6.5, 6, 10, 6.5], "texture": "#2"},
				"down": {"uv": [6.5, 9.5, 10, 10], "texture": "#2"}
			}
		},
		{
			"from": [9.5, 3.25, 6.5],
			"to": [10, 3.75, 10],
			"rotation": {"angle": 0, "axis": "y", "origin": [3.5, 11.25, 15.5]},
			"faces": {
				"north": {"uv": [6, 12.25, 6.5, 12.75], "texture": "#2"},
				"east": {"uv": [6, 12.25, 9.5, 12.75], "texture": "#2"},
				"south": {"uv": [9.5, 12.25, 10, 12.75], "texture": "#2"},
				"west": {"uv": [6.5, 12.25, 10, 12.75], "texture": "#2"},
				"up": {"uv": [9.5, 6.5, 10, 10], "rotation": 90, "texture": "#2"},
				"down": {"uv": [9.5, 6, 10, 9.5], "rotation": 270, "texture": "#2"}
			}
		},
		{
			"from": [6, 3.25, 6],
			"to": [6.5, 3.75, 9.5],
			"rotation": {"angle": 0, "axis": "y", "origin": [0, 11.25, 15]},
			"faces": {
				"north": {"uv": [9.5, 12.25, 10, 12.75], "texture": "#2"},
				"east": {"uv": [6.5, 12.25, 10, 12.75], "texture": "#2"},
				"south": {"uv": [6, 12.25, 6.5, 12.75], "texture": "#2"},
				"west": {"uv": [6, 12.25, 9.5, 12.75], "texture": "#2"},
				"up": {"uv": [6, 6, 6.5, 9.5], "rotation": 90, "texture": "#2"},
				"down": {"uv": [6, 6.5, 6.5, 10], "rotation": 270, "texture": "#2"}
			}
		},
		{
			"from": [5.5, 3.25, 8],
			"to": [10.5, 8.25, 8],
			"rotation": {"angle": 45, "axis": "y", "origin": [8, 3.75, 8]},
			"faces": {
				"north": {"uv": [0, 0, 15, 16], "texture": "#3"},
				"south": {"uv": [0, 0, 15, 16], "texture": "#3"}
			}
		},
		{
			"from": [5.5, 3.25, 8],
			"to": [10.5, 8.25, 8],
			"rotation": {"angle": -45, "axis": "y", "origin": [8, 3.75, 8]},
			"faces": {
				"north": {"uv": [0, 0, 15, 16], "texture": "#3"},
				"south": {"uv": [0, 0, 15, 16], "texture": "#3"}
			}
		}
	],
	"display": {
		"head": {
			"translation": [0, -14.5, 0],
			"scale": [2.3, 2.3, 2.3]
		}
	},
	"groups": [
		{
			"name": "pot",
			"origin": [0, 11.25, 15],
			"children": [0,
				{
					"name": "top",
					"origin": [3.5, 12, 15.5],
					"children": [1, 2, 3, 4]
				}
			]
		},
		{
			"name": "group",
			"origin": [8, 8, 8],
			"children": [5, 6]
		}
	]
}