{
	"__comment": "Maded by PhilippOph; Created for PixelPack by PhilippOph",
	"textures": {
		"particle": "minecraft:block/dark_oak_planks",
		"texture": "minecraft:block/birch_planks",
		"painting": "buildmodeone:3d_editor/models/painting1",
		"spruce": "minecraft:block/oak_planks"
	},
	"elements": [ 	 
		{
			"__comment": "Box1",
			"from": [ 5, 1, 9 ],
			"to": [ 11, 9, 10 ],
			"rotation": { "origin": [ 5, 1, 9 ], "axis": "x", "angle": -22.5 },
			"faces": {
				"north": { "uv": [ 5, 6, 11, 14 ], "texture": "#texture" }
			}
		},
		{
			"__comment": "Box2",
			"from": [ 4, 0, 9 ],
			"to": [ 5, 10, 10.5 ],
			"rotation": { "origin": [ 5, 1, 9 ], "axis": "x", "angle": -22.5 },
			"faces": {
				"down": { "uv": [ 4, 9.5, 5, 11 ], "texture": "#texture" },
				"up": { "uv": [ 4, 5, 5, 6.5 ], "texture": "#texture" },
				"north": { "uv": [ 11, 5, 12, 15 ], "texture": "#texture" },
				"south": { "uv": [ 4, 5, 5, 15 ], "texture": "#texture" },
				"west": { "uv": [ 5, 5, 6.5, 15 ], "texture": "#texture" },
				"east": { "uv": [ 9.5, 5, 11, 15 ], "texture": "#texture" }
			}
		},
		{
			"__comment": "Box2",
			"from": [ 11, 0, 9 ],
			"to": [ 12, 10, 10.5 ],
			"rotation": { "origin": [ 5, 1, 9 ], "axis": "x", "angle": -22.5 },
			"faces": {
				"down": { "uv": [ 4, 9, 5, 10 ], "texture": "#texture" },
				"up": { "uv": [ 4, 6, 5, 7 ], "texture": "#texture" },
				"north": { "uv": [ 11, 5, 12, 15 ], "texture": "#texture" },
				"south": { "uv": [ 4, 5, 5, 15 ], "texture": "#texture" },
				"west": { "uv": [ 6, 5, 7, 15 ], "texture": "#texture" },
				"east": { "uv": [ 9, 5, 10, 15 ], "texture": "#texture" }
			}
		},
		{
			"__comment": "Box6",
			"from": [ 5, 0, 9 ],
			"to": [ 11, 1, 10.5 ],
			"rotation": { "origin": [ 5, 1, 9 ], "axis": "x", "angle": -22.5 },
			"faces": {
				"down": { "uv": [ 5, 9.5, 11, 11 ], "texture": "#texture" },
				"up": { "uv": [ 5, 5, 11, 6.5 ], "texture": "#texture" },
				"north": { "uv": [ 5, 14, 11, 15 ], "texture": "#texture" },
				"south": { "uv": [ 5, 14, 11, 15 ], "texture": "#texture" }
			}
		},
		{
			"__comment": "Box6",
			"from": [ 5, 9, 9 ],
			"to": [ 11, 10, 10.5 ],
			"rotation": { "origin": [ 5, 1, 9 ], "axis": "x", "angle": -22.5 },
			"faces": {
				"down": { "uv": [ 5, 5.5, 11, 7 ], "texture": "#texture" },
				"up": { "uv": [ 5, 5.5, 11, 7 ], "texture": "#texture" },
				"north": { "uv": [ 5, 14, 11, 15 ], "texture": "#texture" },
				"south": { "uv": [ 5, 14, 11, 15 ], "texture": "#texture" }
			}
		},
		{
			"__comment": "Box8",
			"from": [ 5, 1, 10 ],
			"to": [ 11, 9, 10.001 ],
			"rotation": { "origin": [ 5, 1, 9 ], "axis": "x", "angle": -22.5 },
			"faces": {
				"south": { "uv": [ 0, 8, 6, 16 ], "texture": "#painting" }
			}
		},
		{
			"__comment": "Box7",
			"from": [ 8.5, 0, 6.5 ],
			"to": [ 10.5, 7, 7.5 ],
			"rotation": { "origin": [ 8.5, 0, 6.5 ], "axis": "z", "angle": 22.5 },
			"faces": {
				"down": { "uv": [ 4, 10, 6, 11 ], "texture": "#spruce" },
				"up": { "uv": [ 4, 5, 6, 6 ], "texture": "#spruce" },
				"north": { "uv": [ 10, 11.5, 12, 16 ], "texture": "#spruce" },
				"south": { "uv": [ 4, 11.5, 6, 16 ], "texture": "#spruce" },
				"west": { "uv": [ 5, 11.5, 6, 16 ], "texture": "#spruce" },
				"east": { "uv": [ 10, 11.5, 11, 16 ], "texture": "#spruce" }
			}
		}
	],
	"display": {
		"head": {
			"rotation":  [ 0, 180, 0 ],
			"translation":  [ 0, -14.5, 0 ],
			"scale":  [ 2.3, 2.3, 2.3 ]
		}
	}
}